2026-02-22T18:11:38.435826Z  INFO Listening on /tmp/ace-step.sock
2026-02-22T18:11:38.661064Z  INFO Downloading ACE-Step v1.5 models from HuggingFace...
2026-02-22T18:11:38.661259Z  INFO All models downloaded successfully
2026-02-22T18:11:38.662282Z  INFO Loading tokenizer...
2026-02-22T18:11:39.336347Z  INFO Loading Qwen3 text encoder...
2026-02-22T18:11:39.852547Z  INFO Loading DiT generation model...
2026-02-22T18:25:09.026354Z  INFO Listening on /tmp/ace-step.sock
2026-02-22T18:25:09.259275Z  INFO Downloading ACE-Step v1.5 models from HuggingFace...
2026-02-22T18:25:09.259365Z  INFO All models downloaded successfully
2026-02-22T18:25:09.259672Z  INFO Loading tokenizer...
2026-02-22T18:25:09.593159Z  INFO Loading Qwen3 text encoder...
2026-02-22T18:25:09.964374Z  INFO Loading DiT generation model...
2026-02-22T18:25:11.055169Z  INFO Loading VAE decoder...
2026-02-22T18:25:11.107133Z  INFO Loading silence latent...
2026-02-22T18:25:11.115336Z  INFO Loaded silence_latent: shape [1, 15000, 64], dtype F32
2026-02-22T18:25:11.115371Z  INFO Pipeline loaded successfully
2026-02-22T18:25:11.122101Z  INFO Pipeline ready
2026-02-22T18:25:11.132142Z  INFO === Streaming chunk 0 ===
2026-02-22T18:25:11.132153Z  INFO   caption: Driving synthwave with retro 80s analog synths, pulsing bass, soaring arpeggios, neon-lit atmospheric pads, energetic beat with heavy kick and hi-hats, upbeat futuristic dance music
2026-02-22T18:25:11.132157Z  INFO   metas: - bpm: 128
- timesignature: 4/4
- keyscale: A minor
- duration: 30 seconds

2026-02-22T18:25:11.132160Z  INFO   lyrics: "la la la la la la la la\nla la la la la la la la\noh oh oh oh oh oh oh oh\noh oh oh oh oh oh oh oh"
2026-02-22T18:25:11.132163Z  INFO   language: en
2026-02-22T18:25:11.132166Z  INFO   config: duration=30s overlap=8s crossfade=100ms shift=3
2026-02-22T18:25:11.132173Z  INFO   is_first=true use_overlap=false use_timbre=false use_crossfade=false
2026-02-22T18:25:11.132176Z  INFO   DEBUG: chunk_frames=750 expected_audio_samples=2880000
2026-02-22T18:25:11.132179Z  INFO   DEBUG: context_frames=750 new_len=550 overlap=200 use_total_duration=false
2026-02-22T18:25:11.185679Z  INFO Generating chunk (750 frames, 30.0s)...
2026-02-22T18:25:11.722608Z  INFO Diffusion (8 ODE steps): 0.54s
2026-02-22T18:25:12.141185Z  INFO VAE decode: 0.42s
2026-02-22T18:25:12.361399Z  INFO Total chunk: 1.23s
2026-02-22T18:25:12.361507Z  INFO   DEBUG: output_audio.samples=2880000 is_first=true
2026-02-22T18:25:12.361518Z  INFO   DEBUG: saved tail for next chunk: 9600 samples
2026-02-22T18:25:12.361568Z  INFO event:chunk chunk=0 audio=30.0s gen=1.23s
2026-02-22T18:25:12.371596Z  INFO === Streaming chunk 1 ===
2026-02-22T18:25:12.371604Z  INFO   caption: Driving synthwave with retro 80s analog synths, pulsing bass, soaring arpeggios, neon-lit atmospheric pads, energetic beat with heavy kick and hi-hats, upbeat futuristic dance music
2026-02-22T18:25:12.371610Z  INFO   metas: - bpm: 128
- timesignature: 4/4
- keyscale: A minor
- duration: 30 seconds

2026-02-22T18:25:12.371613Z  INFO   lyrics: "la la la la la la la la\nla la la la la la la la\noh oh oh oh oh oh oh oh\noh oh oh oh oh oh oh oh"
2026-02-22T18:25:12.371617Z  INFO   language: en
2026-02-22T18:25:12.371621Z  INFO   config: duration=30s overlap=8s crossfade=100ms shift=3
2026-02-22T18:25:12.371627Z  INFO   is_first=false use_overlap=true use_timbre=true use_crossfade=false
2026-02-22T18:25:12.371631Z  INFO   DEBUG: chunk_frames=750 expected_audio_samples=2880000
2026-02-22T18:25:12.371635Z  INFO   DEBUG: context_frames=750 new_len=550 overlap=200 use_total_duration=false
2026-02-22T18:25:12.407422Z  INFO Generating chunk (750 frames, 30.0s)...
2026-02-22T18:25:12.933691Z  INFO Diffusion (8 ODE steps): 0.53s
2026-02-22T18:25:13.348028Z  INFO VAE decode: 0.41s
2026-02-22T18:25:13.568378Z  INFO Total chunk: 1.20s
2026-02-22T18:25:13.569472Z  INFO   DEBUG: output_audio.samples=2112000 is_first=false
2026-02-22T18:25:13.569554Z  INFO event:chunk chunk=1 audio=22.0s gen=1.20s
2026-02-22T18:25:13.579583Z  INFO === Streaming chunk 2 ===
2026-02-22T18:25:13.579594Z  INFO   caption: Driving synthwave with retro 80s analog synths, pulsing bass, soaring arpeggios, neon-lit atmospheric pads, energetic beat with heavy kick and hi-hats, upbeat futuristic dance music
2026-02-22T18:25:13.579617Z  INFO   metas: - bpm: 128
- timesignature: 4/4
- keyscale: A minor
- duration: 30 seconds

2026-02-22T18:25:13.579620Z  INFO   lyrics: "la la la la la la la la\nla la la la la la la la\noh oh oh oh oh oh oh oh\noh oh oh oh oh oh oh oh"
2026-02-22T18:25:13.579625Z  INFO   language: en
2026-02-22T18:25:13.579627Z  INFO   config: duration=30s overlap=8s crossfade=100ms shift=3
2026-02-22T18:25:13.579633Z  INFO   is_first=false use_overlap=true use_timbre=true use_crossfade=false
2026-02-22T18:25:13.579635Z  INFO   DEBUG: chunk_frames=750 expected_audio_samples=2880000
2026-02-22T18:25:13.579637Z  INFO   DEBUG: context_frames=750 new_len=550 overlap=200 use_total_duration=false
2026-02-22T18:25:13.613824Z  INFO Generating chunk (750 frames, 30.0s)...
2026-02-22T18:25:14.145249Z  INFO Diffusion (8 ODE steps): 0.53s
2026-02-22T18:25:14.571709Z  INFO VAE decode: 0.43s
2026-02-22T18:25:14.801845Z  INFO Total chunk: 1.22s
2026-02-22T18:25:14.802721Z  INFO   DEBUG: output_audio.samples=2112000 is_first=false
2026-02-22T18:26:57.516703Z  INFO Listening on /tmp/ace-step.sock
2026-02-22T18:26:57.742902Z  INFO Downloading ACE-Step v1.5 models from HuggingFace...
2026-02-22T18:26:57.742988Z  INFO All models downloaded successfully
2026-02-22T18:26:57.743284Z  INFO Loading tokenizer...
2026-02-22T18:26:58.072420Z  INFO Loading Qwen3 text encoder...
2026-02-22T18:26:58.445167Z  INFO Loading DiT generation model...
2026-02-22T18:26:59.540395Z  INFO Loading VAE decoder...
2026-02-22T18:26:59.585700Z  INFO Loading silence latent...
2026-02-22T18:26:59.593553Z  INFO Loaded silence_latent: shape [1, 15000, 64], dtype F32
2026-02-22T18:26:59.593586Z  INFO Pipeline loaded successfully
2026-02-22T18:26:59.600537Z  INFO Pipeline ready
2026-02-22T18:26:59.610578Z  INFO === Streaming chunk 0 ===
2026-02-22T18:26:59.610591Z  INFO   caption: Driving synthwave with retro 80s analog synths, pulsing bass, soaring arpeggios, neon-lit atmospheric pads, energetic beat with heavy kick and hi-hats, upbeat futuristic dance music
2026-02-22T18:26:59.610596Z  INFO   metas: - bpm: 128
- timesignature: 4/4
- keyscale: A minor
- duration: 30 seconds

2026-02-22T18:26:59.610600Z  INFO   lyrics: "la la la la la la la la\nla la la la la la la la\noh oh oh oh oh oh oh oh\noh oh oh oh oh oh oh oh"
2026-02-22T18:26:59.610604Z  INFO   language: en
2026-02-22T18:26:59.610606Z  INFO   config: duration=30s overlap=8s crossfade=100ms shift=3
2026-02-22T18:26:59.610613Z  INFO   is_first=true use_overlap=false use_timbre=false use_crossfade=false
2026-02-22T18:26:59.610616Z  INFO   DEBUG: chunk_frames=750 expected_audio_samples=2880000
2026-02-22T18:26:59.610619Z  INFO   DEBUG: context_frames=750 new_len=550 overlap=200 use_total_duration=false
2026-02-22T18:26:59.659078Z  INFO Generating chunk (750 frames, 30.0s)...
2026-02-22T18:27:00.196311Z  INFO Diffusion (8 ODE steps): 0.54s
2026-02-22T18:27:00.616447Z  INFO VAE decode: 0.42s
2026-02-22T18:27:00.835018Z  INFO Total chunk: 1.22s
2026-02-22T18:27:00.835125Z  INFO   DEBUG: output_audio.samples=2880000 is_first=true
2026-02-22T18:27:00.835136Z  INFO   DEBUG: saved tail for next chunk: 9600 samples
2026-02-22T18:27:00.835186Z  INFO event:chunk chunk=0 audio=30.0s gen=1.22s
2026-02-22T18:27:00.845221Z  INFO === Streaming chunk 1 ===
2026-02-22T18:27:00.845242Z  INFO   caption: Driving synthwave with retro 80s analog synths, pulsing bass, soaring arpeggios, neon-lit atmospheric pads, energetic beat with heavy kick and hi-hats, upbeat futuristic dance music
2026-02-22T18:27:00.845246Z  INFO   metas: - bpm: 128
- timesignature: 4/4
- keyscale: A minor
- duration: 30 seconds

2026-02-22T18:27:00.845249Z  INFO   lyrics: "la la la la la la la la\nla la la la la la la la\noh oh oh oh oh oh oh oh\noh oh oh oh oh oh oh oh"
2026-02-22T18:27:00.845254Z  INFO   language: en
2026-02-22T18:27:00.845257Z  INFO   config: duration=30s overlap=8s crossfade=100ms shift=3
2026-02-22T18:27:00.845275Z  INFO   is_first=false use_overlap=true use_timbre=true use_crossfade=false
2026-02-22T18:27:00.845278Z  INFO   DEBUG: chunk_frames=750 expected_audio_samples=2880000
2026-02-22T18:27:00.845280Z  INFO   DEBUG: context_frames=750 new_len=550 overlap=200 use_total_duration=false
2026-02-22T18:27:00.880840Z  INFO Generating chunk (750 frames, 30.0s)...
2026-02-22T18:27:01.411020Z  INFO Diffusion (8 ODE steps): 0.53s
2026-02-22T18:27:01.824333Z  INFO VAE decode: 0.41s
2026-02-22T18:27:02.048213Z  INFO Total chunk: 1.20s
2026-02-22T18:27:02.049282Z  INFO   DEBUG: output_audio.samples=2112000 is_first=false
2026-02-22T18:27:02.049354Z  INFO event:chunk chunk=1 audio=22.0s gen=1.20s
2026-02-22T18:27:02.059391Z  INFO === Streaming chunk 2 ===
2026-02-22T18:27:02.059401Z  INFO   caption: Driving synthwave with retro 80s analog synths, pulsing bass, soaring arpeggios, neon-lit atmospheric pads, energetic beat with heavy kick and hi-hats, upbeat futuristic dance music
2026-02-22T18:27:02.059404Z  INFO   metas: - bpm: 128
- timesignature: 4/4
- keyscale: A minor
- duration: 30 seconds

2026-02-22T18:27:02.059406Z  INFO   lyrics: "la la la la la la la la\nla la la la la la la la\noh oh oh oh oh oh oh oh\noh oh oh oh oh oh oh oh"
2026-02-22T18:27:02.059410Z  INFO   language: en
2026-02-22T18:27:02.059412Z  INFO   config: duration=30s overlap=8s crossfade=100ms shift=3
2026-02-22T18:27:02.059416Z  INFO   is_first=false use_overlap=true use_timbre=true use_crossfade=false
2026-02-22T18:27:02.059419Z  INFO   DEBUG: chunk_frames=750 expected_audio_samples=2880000
2026-02-22T18:27:02.059421Z  INFO   DEBUG: context_frames=750 new_len=550 overlap=200 use_total_duration=false
2026-02-22T18:27:02.092898Z  INFO Generating chunk (750 frames, 30.0s)...
2026-02-22T18:27:02.625788Z  INFO Diffusion (8 ODE steps): 0.53s
2026-02-22T18:27:03.044163Z  INFO VAE decode: 0.42s
2026-02-22T18:27:03.263915Z  INFO Total chunk: 1.20s
2026-02-22T18:27:03.264724Z  INFO   DEBUG: output_audio.samples=2112000 is_first=false
2026-02-22T18:27:30.877346Z  INFO event:chunk chunk=2 audio=22.0s gen=1.21s
2026-02-22T18:27:30.887396Z  INFO === Streaming chunk 3 ===
2026-02-22T18:27:30.887429Z  INFO   caption: Driving synthwave with retro 80s analog synths, pulsing bass, soaring arpeggios, neon-lit atmospheric pads, energetic beat with heavy kick and hi-hats, upbeat futuristic dance music
2026-02-22T18:27:30.887434Z  INFO   metas: - bpm: 128
- timesignature: 4/4
- keyscale: A minor
- duration: 30 seconds

2026-02-22T18:27:30.887438Z  INFO   lyrics: "la la la la la la la la\nla la la la la la la la\noh oh oh oh oh oh oh oh\noh oh oh oh oh oh oh oh"
2026-02-22T18:27:30.887442Z  INFO   language: en
2026-02-22T18:27:30.887445Z  INFO   config: duration=30s overlap=8s crossfade=100ms shift=3
2026-02-22T18:27:30.887452Z  INFO   is_first=false use_overlap=true use_timbre=true use_crossfade=false
2026-02-22T18:27:30.887456Z  INFO   DEBUG: chunk_frames=750 expected_audio_samples=2880000
2026-02-22T18:27:30.887459Z  INFO   DEBUG: context_frames=750 new_len=550 overlap=200 use_total_duration=false
2026-02-22T18:27:30.934162Z  INFO Generating chunk (750 frames, 30.0s)...
2026-02-22T18:27:31.491303Z  INFO Diffusion (8 ODE steps): 0.56s
2026-02-22T18:27:31.915731Z  INFO VAE decode: 0.42s
2026-02-22T18:27:32.138783Z  INFO Total chunk: 1.24s
2026-02-22T18:27:32.140158Z  INFO   DEBUG: output_audio.samples=2112000 is_first=false
2026-02-22T18:27:33.233840Z  INFO socket cmd: "state"
2026-02-22T18:27:52.925653Z  INFO event:chunk chunk=3 audio=22.0s gen=1.25s
2026-02-22T18:27:52.935693Z  INFO === Streaming chunk 4 ===
2026-02-22T18:27:52.935717Z  INFO   caption: Driving synthwave with retro 80s analog synths, pulsing bass, soaring arpeggios, neon-lit atmospheric pads, energetic beat with heavy kick and hi-hats, upbeat futuristic dance music
2026-02-22T18:27:52.935721Z  INFO   metas: - bpm: 128
- timesignature: 4/4
- keyscale: A minor
- duration: 30 seconds

2026-02-22T18:27:52.935724Z  INFO   lyrics: "la la la la la la la la\nla la la la la la la la\noh oh oh oh oh oh oh oh\noh oh oh oh oh oh oh oh"
2026-02-22T18:27:52.935740Z  INFO   language: en
2026-02-22T18:27:52.935742Z  INFO   config: duration=30s overlap=8s crossfade=100ms shift=3
2026-02-22T18:27:52.935749Z  INFO   is_first=false use_overlap=true use_timbre=true use_crossfade=false
2026-02-22T18:27:52.935752Z  INFO   DEBUG: chunk_frames=750 expected_audio_samples=2880000
2026-02-22T18:27:52.935753Z  INFO   DEBUG: context_frames=750 new_len=550 overlap=200 use_total_duration=false
2026-02-22T18:27:52.983251Z  INFO Generating chunk (750 frames, 30.0s)...
2026-02-22T18:27:53.543430Z  INFO Diffusion (8 ODE steps): 0.56s
2026-02-22T18:27:53.980525Z  INFO VAE decode: 0.44s
2026-02-22T18:27:54.215194Z  INFO Total chunk: 1.27s
2026-02-22T18:27:54.216376Z  INFO   DEBUG: output_audio.samples=2112000 is_first=false
2026-02-22T18:28:15.005865Z  INFO event:chunk chunk=4 audio=22.0s gen=1.28s
2026-02-22T18:28:15.015899Z  INFO === Streaming chunk 5 ===
2026-02-22T18:28:15.015933Z  INFO   caption: Driving synthwave with retro 80s analog synths, pulsing bass, soaring arpeggios, neon-lit atmospheric pads, energetic beat with heavy kick and hi-hats, upbeat futuristic dance music
2026-02-22T18:28:15.015938Z  INFO   metas: - bpm: 128
- timesignature: 4/4
- keyscale: A minor
- duration: 30 seconds

2026-02-22T18:28:15.015942Z  INFO   lyrics: "la la la la la la la la\nla la la la la la la la\noh oh oh oh oh oh oh oh\noh oh oh oh oh oh oh oh"
2026-02-22T18:28:15.015947Z  INFO   language: en
2026-02-22T18:28:15.015950Z  INFO   config: duration=30s overlap=8s crossfade=100ms shift=3
2026-02-22T18:28:15.015959Z  INFO   is_first=false use_overlap=true use_timbre=true use_crossfade=false
2026-02-22T18:28:15.015963Z  INFO   DEBUG: chunk_frames=750 expected_audio_samples=2880000
2026-02-22T18:28:15.015967Z  INFO   DEBUG: context_frames=750 new_len=550 overlap=200 use_total_duration=false
2026-02-22T18:28:15.067161Z  INFO Generating chunk (750 frames, 30.0s)...
2026-02-22T18:28:15.630559Z  INFO Diffusion (8 ODE steps): 0.56s
2026-02-22T18:28:16.072021Z  INFO VAE decode: 0.44s
2026-02-22T18:28:16.303897Z  INFO Total chunk: 1.27s
2026-02-22T18:28:16.305583Z  INFO   DEBUG: output_audio.samples=2112000 is_first=false
2026-02-22T18:28:37.086009Z  INFO event:chunk chunk=5 audio=22.0s gen=1.29s
2026-02-22T18:28:37.096049Z  INFO === Streaming chunk 6 ===
2026-02-22T18:28:37.096067Z  INFO   caption: Driving synthwave with retro 80s analog synths, pulsing bass, soaring arpeggios, neon-lit atmospheric pads, energetic beat with heavy kick and hi-hats, upbeat futuristic dance music
2026-02-22T18:28:37.096071Z  INFO   metas: - bpm: 128
- timesignature: 4/4
- keyscale: A minor
- duration: 30 seconds

2026-02-22T18:28:37.096075Z  INFO   lyrics: "la la la la la la la la\nla la la la la la la la\noh oh oh oh oh oh oh oh\noh oh oh oh oh oh oh oh"
2026-02-22T18:28:37.096079Z  INFO   language: en
2026-02-22T18:28:37.096082Z  INFO   config: duration=30s overlap=8s crossfade=100ms shift=3
2026-02-22T18:28:37.096088Z  INFO   is_first=false use_overlap=true use_timbre=true use_crossfade=false
2026-02-22T18:28:37.096092Z  INFO   DEBUG: chunk_frames=750 expected_audio_samples=2880000
2026-02-22T18:28:37.096095Z  INFO   DEBUG: context_frames=750 new_len=550 overlap=200 use_total_duration=false
2026-02-22T18:28:37.155626Z  INFO Generating chunk (750 frames, 30.0s)...
2026-02-22T18:28:37.702723Z  INFO Diffusion (8 ODE steps): 0.55s
2026-02-22T18:28:38.134128Z  INFO VAE decode: 0.43s
2026-02-22T18:28:38.358417Z  INFO Total chunk: 1.24s
2026-02-22T18:28:38.360259Z  INFO   DEBUG: output_audio.samples=2112000 is_first=false
2026-02-22T18:28:59.166239Z  INFO event:chunk chunk=6 audio=22.0s gen=1.26s
2026-02-22T18:28:59.176279Z  INFO === Streaming chunk 7 ===
2026-02-22T18:28:59.176306Z  INFO   caption: Driving synthwave with retro 80s analog synths, pulsing bass, soaring arpeggios, neon-lit atmospheric pads, energetic beat with heavy kick and hi-hats, upbeat futuristic dance music
2026-02-22T18:28:59.176311Z  INFO   metas: - bpm: 128
- timesignature: 4/4
- keyscale: A minor
- duration: 30 seconds

2026-02-22T18:28:59.176331Z  INFO   lyrics: "la la la la la la la la\nla la la la la la la la\noh oh oh oh oh oh oh oh\noh oh oh oh oh oh oh oh"
2026-02-22T18:28:59.176334Z  INFO   language: en
2026-02-22T18:28:59.176336Z  INFO   config: duration=30s overlap=8s crossfade=100ms shift=3
2026-02-22T18:28:59.176342Z  INFO   is_first=false use_overlap=true use_timbre=true use_crossfade=false
2026-02-22T18:28:59.176344Z  INFO   DEBUG: chunk_frames=750 expected_audio_samples=2880000
2026-02-22T18:28:59.176346Z  INFO   DEBUG: context_frames=750 new_len=550 overlap=200 use_total_duration=false
2026-02-22T18:28:59.221592Z  INFO Generating chunk (750 frames, 30.0s)...
2026-02-22T18:28:59.752308Z  INFO Diffusion (8 ODE steps): 0.53s
2026-02-22T18:29:00.168050Z  INFO VAE decode: 0.42s
2026-02-22T18:29:00.391139Z  INFO Total chunk: 1.21s
2026-02-22T18:29:00.392368Z  INFO   DEBUG: output_audio.samples=2112000 is_first=false
2026-02-22T18:29:17.988172Z  INFO Listening on /tmp/ace-step.sock
2026-02-22T18:29:18.160727Z  INFO Downloading ACE-Step v1.5 models from HuggingFace...
2026-02-22T18:29:18.160827Z  INFO All models downloaded successfully
2026-02-22T18:29:18.161162Z  INFO Loading tokenizer...
2026-02-22T18:29:18.503020Z  INFO Loading Qwen3 text encoder...
2026-02-22T18:29:18.899787Z  INFO Loading DiT generation model...
2026-02-22T18:29:20.068895Z  INFO Loading VAE decoder...
2026-02-22T18:29:20.118299Z  INFO Loading silence latent...
2026-02-22T18:29:20.126893Z  INFO Loaded silence_latent: shape [1, 15000, 64], dtype F32
2026-02-22T18:29:20.126949Z  INFO Pipeline loaded successfully
2026-02-22T18:29:20.134430Z  INFO Pipeline ready
2026-02-22T18:29:20.144471Z  INFO === Streaming chunk 0 ===
2026-02-22T18:29:20.144507Z  INFO   caption: Driving synthwave with retro 80s analog synths, pulsing bass, soaring arpeggios, neon-lit atmospheric pads, energetic beat with heavy kick and hi-hats, upbeat futuristic dance music
2026-02-22T18:29:20.144515Z  INFO   metas: - bpm: 128
- timesignature: 4/4
- keyscale: A minor
- duration: 30 seconds

2026-02-22T18:29:20.144518Z  INFO   lyrics: "la la la la la la la la\nla la la la la la la la\noh oh oh oh oh oh oh oh\noh oh oh oh oh oh oh oh"
2026-02-22T18:29:20.144522Z  INFO   language: en
2026-02-22T18:29:20.144525Z  INFO   config: duration=30s overlap=8s crossfade=100ms shift=3
2026-02-22T18:29:20.144533Z  INFO   is_first=true use_overlap=false use_timbre=false use_crossfade=false
2026-02-22T18:29:20.144536Z  INFO   DEBUG: chunk_frames=750 expected_audio_samples=2880000
2026-02-22T18:29:20.144539Z  INFO   DEBUG: context_frames=750 new_len=550 overlap=200 use_total_duration=false
2026-02-22T18:29:20.193014Z  INFO Generating chunk (750 frames, 30.0s)...
2026-02-22T18:29:20.742524Z  INFO Diffusion (8 ODE steps): 0.55s
2026-02-22T18:29:21.173214Z  INFO VAE decode: 0.43s
2026-02-22T18:29:21.402609Z  INFO Total chunk: 1.26s
2026-02-22T18:29:21.402721Z  INFO   DEBUG: output_audio.samples=2880000 is_first=true
2026-02-22T18:29:21.402731Z  INFO   DEBUG: saved tail for next chunk: 9600 samples
2026-02-22T18:29:21.402778Z  INFO event:chunk chunk=0 audio=30.0s gen=1.26s
2026-02-22T18:29:21.412813Z  INFO === Streaming chunk 1 ===
2026-02-22T18:29:21.412825Z  INFO   caption: Driving synthwave with retro 80s analog synths, pulsing bass, soaring arpeggios, neon-lit atmospheric pads, energetic beat with heavy kick and hi-hats, upbeat futuristic dance music
2026-02-22T18:29:21.412828Z  INFO   metas: - bpm: 128
- timesignature: 4/4
- keyscale: A minor
- duration: 30 seconds

2026-02-22T18:29:21.412831Z  INFO   lyrics: "la la la la la la la la\nla la la la la la la la\noh oh oh oh oh oh oh oh\noh oh oh oh oh oh oh oh"
2026-02-22T18:29:21.412834Z  INFO   language: en
2026-02-22T18:29:21.412836Z  INFO   config: duration=30s overlap=8s crossfade=100ms shift=3
2026-02-22T18:29:21.412840Z  INFO   is_first=false use_overlap=true use_timbre=true use_crossfade=false
2026-02-22T18:29:21.412842Z  INFO   DEBUG: chunk_frames=750 expected_audio_samples=2880000
2026-02-22T18:29:21.412845Z  INFO   DEBUG: context_frames=750 new_len=550 overlap=200 use_total_duration=false
2026-02-22T18:29:21.447789Z  INFO Generating chunk (750 frames, 30.0s)...
2026-02-22T18:29:21.994836Z  INFO Diffusion (8 ODE steps): 0.55s
2026-02-22T18:29:22.426622Z  INFO VAE decode: 0.43s
2026-02-22T18:29:22.652815Z  INFO Total chunk: 1.24s
2026-02-22T18:29:22.653948Z  INFO   DEBUG: output_audio.samples=2112000 is_first=false
2026-02-22T18:29:22.654031Z  INFO event:chunk chunk=1 audio=22.0s gen=1.24s
2026-02-22T18:29:22.664069Z  INFO === Streaming chunk 2 ===
2026-02-22T18:29:22.664093Z  INFO   caption: Driving synthwave with retro 80s analog synths, pulsing bass, soaring arpeggios, neon-lit atmospheric pads, energetic beat with heavy kick and hi-hats, upbeat futuristic dance music
2026-02-22T18:29:22.664097Z  INFO   metas: - bpm: 128
- timesignature: 4/4
- keyscale: A minor
- duration: 30 seconds

2026-02-22T18:29:22.664099Z  INFO   lyrics: "la la la la la la la la\nla la la la la la la la\noh oh oh oh oh oh oh oh\noh oh oh oh oh oh oh oh"
2026-02-22T18:29:22.664103Z  INFO   language: en
2026-02-22T18:29:22.664105Z  INFO   config: duration=30s overlap=8s crossfade=100ms shift=3
2026-02-22T18:29:22.664112Z  INFO   is_first=false use_overlap=true use_timbre=true use_crossfade=false
2026-02-22T18:29:22.664114Z  INFO   DEBUG: chunk_frames=750 expected_audio_samples=2880000
2026-02-22T18:29:22.664117Z  INFO   DEBUG: context_frames=750 new_len=550 overlap=200 use_total_duration=false
2026-02-22T18:29:22.698833Z  INFO Generating chunk (750 frames, 30.0s)...
2026-02-22T18:29:23.263907Z  INFO Diffusion (8 ODE steps): 0.56s
2026-02-22T18:29:23.706660Z  INFO VAE decode: 0.44s
2026-02-22T18:29:23.939190Z  INFO Total chunk: 1.27s
2026-02-22T18:29:23.940048Z  INFO   DEBUG: output_audio.samples=2112000 is_first=false
2026-02-22T18:29:51.444159Z  INFO event:chunk chunk=2 audio=22.0s gen=1.28s
2026-02-22T18:29:51.454187Z  INFO === Streaming chunk 3 ===
2026-02-22T18:29:51.454200Z  INFO   caption: Driving synthwave with retro 80s analog synths, pulsing bass, soaring arpeggios, neon-lit atmospheric pads, energetic beat with heavy kick and hi-hats, upbeat futuristic dance music
2026-02-22T18:29:51.454204Z  INFO   metas: - bpm: 128
- timesignature: 4/4
- keyscale: A minor
- duration: 30 seconds

2026-02-22T18:29:51.454207Z  INFO   lyrics: "la la la la la la la la\nla la la la la la la la\noh oh oh oh oh oh oh oh\noh oh oh oh oh oh oh oh"
2026-02-22T18:29:51.454211Z  INFO   language: en
2026-02-22T18:29:51.454214Z  INFO   config: duration=30s overlap=8s crossfade=100ms shift=3
2026-02-22T18:29:51.454220Z  INFO   is_first=false use_overlap=true use_timbre=true use_crossfade=false
2026-02-22T18:29:51.454223Z  INFO   DEBUG: chunk_frames=750 expected_audio_samples=2880000
2026-02-22T18:29:51.454226Z  INFO   DEBUG: context_frames=750 new_len=550 overlap=200 use_total_duration=false
2026-02-22T18:29:51.501428Z  INFO Generating chunk (750 frames, 30.0s)...
2026-02-22T18:29:52.038585Z  INFO Diffusion (8 ODE steps): 0.54s
2026-02-22T18:29:52.457403Z  INFO VAE decode: 0.42s
2026-02-22T18:29:52.679514Z  INFO Total chunk: 1.21s
2026-02-22T18:29:52.680691Z  INFO   DEBUG: output_audio.samples=2112000 is_first=false
2026-02-22T18:30:13.492417Z  INFO event:chunk chunk=3 audio=22.0s gen=1.23s
2026-02-22T18:30:13.502471Z  INFO === Streaming chunk 4 ===
2026-02-22T18:30:13.502492Z  INFO   caption: Driving synthwave with retro 80s analog synths, pulsing bass, soaring arpeggios, neon-lit atmospheric pads, energetic beat with heavy kick and hi-hats, upbeat futuristic dance music
2026-02-22T18:30:13.502496Z  INFO   metas: - bpm: 128
- timesignature: 4/4
- keyscale: A minor
- duration: 30 seconds

2026-02-22T18:30:13.502500Z  INFO   lyrics: "la la la la la la la la\nla la la la la la la la\noh oh oh oh oh oh oh oh\noh oh oh oh oh oh oh oh"
2026-02-22T18:30:13.502504Z  INFO   language: en
2026-02-22T18:30:13.502507Z  INFO   config: duration=30s overlap=8s crossfade=100ms shift=3
2026-02-22T18:30:13.502516Z  INFO   is_first=false use_overlap=true use_timbre=true use_crossfade=false
2026-02-22T18:30:13.502531Z  INFO   DEBUG: chunk_frames=750 expected_audio_samples=2880000
2026-02-22T18:30:13.502533Z  INFO   DEBUG: context_frames=750 new_len=550 overlap=200 use_total_duration=false
2026-02-22T18:30:13.560026Z  INFO Generating chunk (750 frames, 30.0s)...
2026-02-22T18:30:14.108853Z  INFO Diffusion (8 ODE steps): 0.55s
2026-02-22T18:30:14.536371Z  INFO VAE decode: 0.43s
2026-02-22T18:30:14.759237Z  INFO Total chunk: 1.24s
2026-02-22T18:30:14.760563Z  INFO   DEBUG: output_audio.samples=2112000 is_first=false
2026-02-22T18:30:35.572644Z  INFO event:chunk chunk=4 audio=22.0s gen=1.26s
2026-02-22T18:30:35.582682Z  INFO === Streaming chunk 5 ===
2026-02-22T18:30:35.582710Z  INFO   caption: Driving synthwave with retro 80s analog synths, pulsing bass, soaring arpeggios, neon-lit atmospheric pads, energetic beat with heavy kick and hi-hats, upbeat futuristic dance music
2026-02-22T18:30:35.582714Z  INFO   metas: - bpm: 128
- timesignature: 4/4
- keyscale: A minor
- duration: 30 seconds

2026-02-22T18:30:35.582717Z  INFO   lyrics: "la la la la la la la la\nla la la la la la la la\noh oh oh oh oh oh oh oh\noh oh oh oh oh oh oh oh"
2026-02-22T18:30:35.582720Z  INFO   language: en
2026-02-22T18:30:35.582723Z  INFO   config: duration=30s overlap=8s crossfade=100ms shift=3
2026-02-22T18:30:35.582730Z  INFO   is_first=false use_overlap=true use_timbre=true use_crossfade=false
2026-02-22T18:30:35.582733Z  INFO   DEBUG: chunk_frames=750 expected_audio_samples=2880000
2026-02-22T18:30:35.582736Z  INFO   DEBUG: context_frames=750 new_len=550 overlap=200 use_total_duration=false
2026-02-22T18:30:35.628546Z  INFO Generating chunk (750 frames, 30.0s)...
2026-02-22T18:30:36.172678Z  INFO Diffusion (8 ODE steps): 0.54s
2026-02-22T18:30:36.599130Z  INFO VAE decode: 0.43s
2026-02-22T18:30:36.822238Z  INFO Total chunk: 1.23s
2026-02-22T18:30:36.823804Z  INFO   DEBUG: output_audio.samples=2112000 is_first=false
2026-02-22T18:30:57.652845Z  INFO event:chunk chunk=5 audio=22.0s gen=1.24s
2026-02-22T18:30:57.662872Z  INFO === Streaming chunk 6 ===
2026-02-22T18:30:57.662893Z  INFO   caption: Driving synthwave with retro 80s analog synths, pulsing bass, soaring arpeggios, neon-lit atmospheric pads, energetic beat with heavy kick and hi-hats, upbeat futuristic dance music
2026-02-22T18:30:57.662897Z  INFO   metas: - bpm: 128
- timesignature: 4/4
- keyscale: A minor
- duration: 30 seconds

2026-02-22T18:30:57.662900Z  INFO   lyrics: "la la la la la la la la\nla la la la la la la la\noh oh oh oh oh oh oh oh\noh oh oh oh oh oh oh oh"
2026-02-22T18:30:57.662904Z  INFO   language: en
2026-02-22T18:30:57.662907Z  INFO   config: duration=30s overlap=8s crossfade=100ms shift=3
2026-02-22T18:30:57.662913Z  INFO   is_first=false use_overlap=true use_timbre=true use_crossfade=false
2026-02-22T18:30:57.662917Z  INFO   DEBUG: chunk_frames=750 expected_audio_samples=2880000
2026-02-22T18:30:57.662919Z  INFO   DEBUG: context_frames=750 new_len=550 overlap=200 use_total_duration=false
2026-02-22T18:30:57.710413Z  INFO Generating chunk (750 frames, 30.0s)...
2026-02-22T18:30:58.260856Z  INFO Diffusion (8 ODE steps): 0.55s
2026-02-22T18:30:58.688089Z  INFO VAE decode: 0.43s
2026-02-22T18:30:58.912056Z  INFO Total chunk: 1.24s
2026-02-22T18:30:58.913177Z  INFO   DEBUG: output_audio.samples=2112000 is_first=false
2026-02-22T18:31:19.733039Z  INFO event:chunk chunk=6 audio=22.0s gen=1.25s
2026-02-22T18:31:19.743114Z  INFO === Streaming chunk 7 ===
2026-02-22T18:31:19.743175Z  INFO   caption: Driving synthwave with retro 80s analog synths, pulsing bass, soaring arpeggios, neon-lit atmospheric pads, energetic beat with heavy kick and hi-hats, upbeat futuristic dance music
2026-02-22T18:31:19.743182Z  INFO   metas: - bpm: 128
- timesignature: 4/4
- keyscale: A minor
- duration: 30 seconds

2026-02-22T18:31:19.743186Z  INFO   lyrics: "la la la la la la la la\nla la la la la la la la\noh oh oh oh oh oh oh oh\noh oh oh oh oh oh oh oh"
2026-02-22T18:31:19.743192Z  INFO   language: en
2026-02-22T18:31:19.743196Z  INFO   config: duration=30s overlap=8s crossfade=100ms shift=3
2026-02-22T18:31:19.743271Z  INFO   is_first=false use_overlap=true use_timbre=true use_crossfade=false
2026-02-22T18:31:19.743276Z  INFO   DEBUG: chunk_frames=750 expected_audio_samples=2880000
2026-02-22T18:31:19.743279Z  INFO   DEBUG: context_frames=750 new_len=550 overlap=200 use_total_duration=false
2026-02-22T18:31:19.815325Z  INFO Generating chunk (750 frames, 30.0s)...
2026-02-22T18:31:20.361280Z  INFO Diffusion (8 ODE steps): 0.55s
2026-02-22T18:31:20.788193Z  INFO VAE decode: 0.43s
2026-02-22T18:31:21.014874Z  INFO Total chunk: 1.24s
2026-02-22T18:31:21.016045Z  INFO   DEBUG: output_audio.samples=2112000 is_first=false
2026-02-22T18:31:41.813215Z  INFO event:chunk chunk=7 audio=22.0s gen=1.27s
2026-02-22T18:31:41.823252Z  INFO === Streaming chunk 8 ===
2026-02-22T18:31:41.823281Z  INFO   caption: Driving synthwave with retro 80s analog synths, pulsing bass, soaring arpeggios, neon-lit atmospheric pads, energetic beat with heavy kick and hi-hats, upbeat futuristic dance music
2026-02-22T18:31:41.823284Z  INFO   metas: - bpm: 128
- timesignature: 4/4
- keyscale: A minor
- duration: 30 seconds

2026-02-22T18:31:41.823287Z  INFO   lyrics: "la la la la la la la la\nla la la la la la la la\noh oh oh oh oh oh oh oh\noh oh oh oh oh oh oh oh"
2026-02-22T18:31:41.823291Z  INFO   language: en
2026-02-22T18:31:41.823293Z  INFO   config: duration=30s overlap=8s crossfade=100ms shift=3
2026-02-22T18:31:41.823299Z  INFO   is_first=false use_overlap=true use_timbre=true use_crossfade=false
2026-02-22T18:31:41.823301Z  INFO   DEBUG: chunk_frames=750 expected_audio_samples=2880000
2026-02-22T18:31:41.823303Z  INFO   DEBUG: context_frames=750 new_len=550 overlap=200 use_total_duration=false
2026-02-22T18:31:41.867409Z  INFO Generating chunk (750 frames, 30.0s)...
2026-02-22T18:31:42.418616Z  INFO Diffusion (8 ODE steps): 0.55s
2026-02-22T18:31:42.850505Z  INFO VAE decode: 0.43s
2026-02-22T18:31:43.073170Z  INFO Total chunk: 1.24s
2026-02-22T18:31:43.074336Z  INFO   DEBUG: output_audio.samples=2112000 is_first=false
2026-02-22T18:32:03.893415Z  INFO event:chunk chunk=8 audio=22.0s gen=1.25s
2026-02-22T18:32:03.903447Z  INFO === Streaming chunk 9 ===
2026-02-22T18:32:03.903461Z  INFO   caption: Driving synthwave with retro 80s analog synths, pulsing bass, soaring arpeggios, neon-lit atmospheric pads, energetic beat with heavy kick and hi-hats, upbeat futuristic dance music
2026-02-22T18:32:03.903466Z  INFO   metas: - bpm: 128
- timesignature: 4/4
- keyscale: A minor
- duration: 30 seconds

2026-02-22T18:32:03.903469Z  INFO   lyrics: "la la la la la la la la\nla la la la la la la la\noh oh oh oh oh oh oh oh\noh oh oh oh oh oh oh oh"
2026-02-22T18:32:03.903474Z  INFO   language: en
2026-02-22T18:32:03.903477Z  INFO   config: duration=30s overlap=8s crossfade=100ms shift=3
2026-02-22T18:32:03.903483Z  INFO   is_first=false use_overlap=true use_timbre=true use_crossfade=false
2026-02-22T18:32:03.903487Z  INFO   DEBUG: chunk_frames=750 expected_audio_samples=2880000
2026-02-22T18:32:03.903491Z  INFO   DEBUG: context_frames=750 new_len=550 overlap=200 use_total_duration=false
2026-02-22T18:32:03.944734Z  INFO Generating chunk (750 frames, 30.0s)...
2026-02-22T18:32:04.497030Z  INFO Diffusion (8 ODE steps): 0.55s
2026-02-22T18:32:04.926532Z  INFO VAE decode: 0.43s
2026-02-22T18:32:05.152362Z  INFO Total chunk: 1.24s
2026-02-22T18:32:05.153361Z  INFO   DEBUG: output_audio.samples=2112000 is_first=false
2026-02-22T18:32:25.941683Z  INFO event:chunk chunk=9 audio=22.0s gen=1.25s
2026-02-22T18:32:25.951704Z  INFO === Streaming chunk 10 ===
2026-02-22T18:32:25.951723Z  INFO   caption: Driving synthwave with retro 80s analog synths, pulsing bass, soaring arpeggios, neon-lit atmospheric pads, energetic beat with heavy kick and hi-hats, upbeat futuristic dance music
2026-02-22T18:32:25.951727Z  INFO   metas: - bpm: 128
- timesignature: 4/4
- keyscale: A minor
- duration: 30 seconds

2026-02-22T18:32:25.951730Z  INFO   lyrics: "la la la la la la la la\nla la la la la la la la\noh oh oh oh oh oh oh oh\noh oh oh oh oh oh oh oh"
2026-02-22T18:32:25.951745Z  INFO   language: en
2026-02-22T18:32:25.951747Z  INFO   config: duration=30s overlap=8s crossfade=100ms shift=3
2026-02-22T18:32:25.951753Z  INFO   is_first=false use_overlap=true use_timbre=true use_crossfade=false
2026-02-22T18:32:25.951755Z  INFO   DEBUG: chunk_frames=750 expected_audio_samples=2880000
2026-02-22T18:32:25.951757Z  INFO   DEBUG: context_frames=750 new_len=550 overlap=200 use_total_duration=false
2026-02-22T18:32:25.995658Z  INFO Generating chunk (750 frames, 30.0s)...
2026-02-22T18:32:26.533246Z  INFO Diffusion (8 ODE steps): 0.54s
2026-02-22T18:32:26.949411Z  INFO VAE decode: 0.42s
2026-02-22T18:32:27.166529Z  INFO Total chunk: 1.20s
2026-02-22T18:32:27.167726Z  INFO   DEBUG: output_audio.samples=2112000 is_first=false
2026-02-22T18:32:48.021856Z  INFO event:chunk chunk=10 audio=22.0s gen=1.22s
2026-02-22T18:32:48.031898Z  INFO === Streaming chunk 11 ===
2026-02-22T18:32:48.031928Z  INFO   caption: Driving synthwave with retro 80s analog synths, pulsing bass, soaring arpeggios, neon-lit atmospheric pads, energetic beat with heavy kick and hi-hats, upbeat futuristic dance music
2026-02-22T18:32:48.031933Z  INFO   metas: - bpm: 128
- timesignature: 4/4
- keyscale: A minor
- duration: 30 seconds

2026-02-22T18:32:48.031936Z  INFO   lyrics: "la la la la la la la la\nla la la la la la la la\noh oh oh oh oh oh oh oh\noh oh oh oh oh oh oh oh"
2026-02-22T18:32:48.031941Z  INFO   language: en
2026-02-22T18:32:48.031944Z  INFO   config: duration=30s overlap=8s crossfade=100ms shift=3
2026-02-22T18:32:48.031951Z  INFO   is_first=false use_overlap=true use_timbre=true use_crossfade=false
2026-02-22T18:32:48.031955Z  INFO   DEBUG: chunk_frames=750 expected_audio_samples=2880000
2026-02-22T18:32:48.031958Z  INFO   DEBUG: context_frames=750 new_len=550 overlap=200 use_total_duration=false
2026-02-22T18:32:48.081000Z  INFO Generating chunk (750 frames, 30.0s)...
2026-02-22T18:32:48.633543Z  INFO Diffusion (8 ODE steps): 0.55s
2026-02-22T18:32:49.060738Z  INFO VAE decode: 0.43s
2026-02-22T18:32:49.283583Z  INFO Total chunk: 1.24s
2026-02-22T18:32:49.285165Z  INFO   DEBUG: output_audio.samples=2112000 is_first=false
2026-02-22T18:33:10.102064Z  INFO event:chunk chunk=11 audio=22.0s gen=1.25s
2026-02-22T18:33:10.112089Z  INFO === Streaming chunk 12 ===
2026-02-22T18:33:10.112115Z  INFO   caption: Driving synthwave with retro 80s analog synths, pulsing bass, soaring arpeggios, neon-lit atmospheric pads, energetic beat with heavy kick and hi-hats, upbeat futuristic dance music
2026-02-22T18:33:10.112119Z  INFO   metas: - bpm: 128
- timesignature: 4/4
- keyscale: A minor
- duration: 30 seconds

2026-02-22T18:33:10.112122Z  INFO   lyrics: "la la la la la la la la\nla la la la la la la la\noh oh oh oh oh oh oh oh\noh oh oh oh oh oh oh oh"
2026-02-22T18:33:10.112126Z  INFO   language: en
2026-02-22T18:33:10.112129Z  INFO   config: duration=30s overlap=8s crossfade=100ms shift=3
2026-02-22T18:33:10.112135Z  INFO   is_first=false use_overlap=true use_timbre=true use_crossfade=false
2026-02-22T18:33:10.112139Z  INFO   DEBUG: chunk_frames=750 expected_audio_samples=2880000
2026-02-22T18:33:10.112142Z  INFO   DEBUG: context_frames=750 new_len=550 overlap=200 use_total_duration=false
2026-02-22T18:33:10.162486Z  INFO Generating chunk (750 frames, 30.0s)...
2026-02-22T18:33:10.708991Z  INFO Diffusion (8 ODE steps): 0.55s
2026-02-22T18:33:11.137741Z  INFO VAE decode: 0.43s
2026-02-22T18:33:11.360526Z  INFO Total chunk: 1.23s
2026-02-22T18:33:11.361737Z  INFO   DEBUG: output_audio.samples=2112000 is_first=false
2026-02-22T18:33:32.182253Z  INFO event:chunk chunk=12 audio=22.0s gen=1.25s
2026-02-22T18:33:32.192285Z  INFO === Streaming chunk 13 ===
2026-02-22T18:33:32.192299Z  INFO   caption: Driving synthwave with retro 80s analog synths, pulsing bass, soaring arpeggios, neon-lit atmospheric pads, energetic beat with heavy kick and hi-hats, upbeat futuristic dance music
2026-02-22T18:33:32.192305Z  INFO   metas: - bpm: 128
- timesignature: 4/4
- keyscale: A minor
- duration: 30 seconds

2026-02-22T18:33:32.192325Z  INFO   lyrics: "la la la la la la la la\nla la la la la la la la\noh oh oh oh oh oh oh oh\noh oh oh oh oh oh oh oh"
2026-02-22T18:33:32.192328Z  INFO   language: en
2026-02-22T18:33:32.192330Z  INFO   config: duration=30s overlap=8s crossfade=100ms shift=3
2026-02-22T18:33:32.192335Z  INFO   is_first=false use_overlap=true use_timbre=true use_crossfade=false
2026-02-22T18:33:32.192337Z  INFO   DEBUG: chunk_frames=750 expected_audio_samples=2880000
2026-02-22T18:33:32.192339Z  INFO   DEBUG: context_frames=750 new_len=550 overlap=200 use_total_duration=false
2026-02-22T18:33:32.237273Z  INFO Generating chunk (750 frames, 30.0s)...
2026-02-22T18:33:32.802915Z  INFO Diffusion (8 ODE steps): 0.57s
2026-02-22T18:33:33.244385Z  INFO VAE decode: 0.44s
2026-02-22T18:33:33.481010Z  INFO Total chunk: 1.28s
2026-02-22T18:33:33.482456Z  INFO   DEBUG: output_audio.samples=2112000 is_first=false
2026-02-22T18:33:54.262523Z  INFO event:chunk chunk=13 audio=22.0s gen=1.29s
2026-02-22T18:33:54.272560Z  INFO === Streaming chunk 14 ===
2026-02-22T18:33:54.272596Z  INFO   caption: Driving synthwave with retro 80s analog synths, pulsing bass, soaring arpeggios, neon-lit atmospheric pads, energetic beat with heavy kick and hi-hats, upbeat futuristic dance music
2026-02-22T18:33:54.272601Z  INFO   metas: - bpm: 128
- timesignature: 4/4
- keyscale: A minor
- duration: 30 seconds

2026-02-22T18:33:54.272604Z  INFO   lyrics: "la la la la la la la la\nla la la la la la la la\noh oh oh oh oh oh oh oh\noh oh oh oh oh oh oh oh"
2026-02-22T18:33:54.272608Z  INFO   language: en
2026-02-22T18:33:54.272610Z  INFO   config: duration=30s overlap=8s crossfade=100ms shift=3
2026-02-22T18:33:54.272619Z  INFO   is_first=false use_overlap=true use_timbre=true use_crossfade=false
2026-02-22T18:33:54.272621Z  INFO   DEBUG: chunk_frames=750 expected_audio_samples=2880000
2026-02-22T18:33:54.272624Z  INFO   DEBUG: context_frames=750 new_len=550 overlap=200 use_total_duration=false
2026-02-22T18:33:54.322540Z  INFO Generating chunk (750 frames, 30.0s)...
2026-02-22T18:33:54.874547Z  INFO Diffusion (8 ODE steps): 0.55s
2026-02-22T18:33:55.312078Z  INFO VAE decode: 0.44s
2026-02-22T18:33:55.545391Z  INFO Total chunk: 1.26s
2026-02-22T18:33:55.547868Z  INFO   DEBUG: output_audio.samples=2112000 is_first=false
Listening on /tmp/ace-step.sock
2026-02-22T18:34:33.085744Z  INFO Listening on /tmp/ace-step.sock
2026-02-22T18:34:33.292293Z  INFO Downloading ACE-Step v1.5 models from HuggingFace...
2026-02-22T18:34:33.292384Z  INFO All models downloaded successfully
2026-02-22T18:34:33.292692Z  INFO Loading tokenizer...
2026-02-22T18:34:33.643886Z  INFO Loading Qwen3 text encoder...
2026-02-22T18:34:34.030189Z  INFO Loading DiT generation model...
2026-02-22T18:34:35.156044Z  INFO Loading VAE decoder...
2026-02-22T18:34:35.202655Z  INFO Loading silence latent...
2026-02-22T18:34:35.212597Z  INFO Loaded silence_latent: shape [1, 15000, 64], dtype F32
2026-02-22T18:34:35.212647Z  INFO Pipeline loaded successfully
Pipeline ready. Generating first chunk...
2026-02-22T18:34:35.220671Z  INFO === Streaming chunk 0 ===
2026-02-22T18:34:35.220699Z  INFO Pipeline ready
2026-02-22T18:34:35.220703Z  INFO   caption: Driving synthwave with retro 80s analog synths, pulsing bass, soaring arpeggios, neon-lit atmospheric pads, energetic beat with heavy kick and hi-hats, upbeat futuristic dance music
event:generating chunk=02026-02-22T18:34:35.220709Z  INFO   metas: - bpm: 128
- timesignature: 4/4
- keyscale: A minor
- duration: 30 seconds


2026-02-22T18:34:35.220713Z  INFO   lyrics: "la la la la la la la la\nla la la la la la la la\noh oh oh oh oh oh oh oh\noh oh oh oh oh oh oh oh"
2026-02-22T18:34:35.220717Z  INFO   language: en
2026-02-22T18:34:35.220720Z  INFO   config: duration=30s overlap=8s crossfade=100ms shift=3
2026-02-22T18:34:35.220728Z  INFO   is_first=true use_overlap=false use_timbre=false use_crossfade=false
2026-02-22T18:34:35.220732Z  INFO   DEBUG: chunk_frames=750 expected_audio_samples=2880000
2026-02-22T18:34:35.220735Z  INFO   DEBUG: context_frames=750 new_len=550 overlap=200 use_total_duration=false
2026-02-22T18:34:35.270174Z  INFO Generating chunk (750 frames, 30.0s)...
2026-02-22T18:34:35.820147Z  INFO Diffusion (8 ODE steps): 0.55s
2026-02-22T18:34:36.247880Z  INFO VAE decode: 0.43s
2026-02-22T18:34:36.477641Z  INFO Total chunk: 1.26s
2026-02-22T18:34:36.477761Z  INFO   DEBUG: output_audio.samples=2880000 is_first=true
2026-02-22T18:34:36.477773Z  INFO   DEBUG: saved tail for next chunk: 9600 samples
2026-02-22T18:34:36.477793Z  INFO === Streaming chunk 1 ===
2026-02-22T18:34:36.477795Z  INFO   caption: Driving synthwave with retro 80s analog synths, pulsing bass, soaring arpeggios, neon-lit atmospheric pads, energetic beat with heavy kick and hi-hats, upbeat futuristic dance music
2026-02-22T18:34:36.477798Z  INFO   metas: - bpm: 128
- timesignature: 4/4
- keyscale: A minor
- duration: 30 seconds

2026-02-22T18:34:36.477800Z  INFO   lyrics: "la la la la la la la la\nla la la la la la la la\noh oh oh oh oh oh oh oh\noh oh oh oh oh oh oh oh"
2026-02-22T18:34:36.477804Z  INFO   language: en
2026-02-22T18:34:36.477805Z  INFO   config: duration=30s overlap=8s crossfade=100ms shift=3
event:chunk chunk=0 audio=30.0s gen=1.26s2026-02-22T18:34:36.477810Z  INFO   is_first=false use_overlap=true use_timbre=true use_crossfade=false

2026-02-22T18:34:36.477814Z  INFO   DEBUG: chunk_frames=750 expected_audio_samples=2880000
2026-02-22T18:34:36.477816Z  INFO   DEBUG: context_frames=750 new_len=550 overlap=200 use_total_duration=false
2026-02-22T18:34:36.477816Z  INFO event:chunk chunk=0 audio=30.0s gen=1.26s
event:generating chunk=1
2026-02-22T18:34:36.511660Z  INFO Generating chunk (750 frames, 30.0s)...
2026-02-22T18:34:37.061374Z  INFO Diffusion (8 ODE steps): 0.55s
2026-02-22T18:34:37.492308Z  INFO VAE decode: 0.43s
2026-02-22T18:34:37.719692Z  INFO Total chunk: 1.24s
2026-02-22T18:34:37.720906Z  INFO   DEBUG: output_audio.samples=2112000 is_first=false
2026-02-22T18:34:37.720956Z  INFO === Streaming chunk 2 ===
2026-02-22T18:34:37.720958Z  INFO   caption: Driving synthwave with retro 80s analog synths, pulsing bass, soaring arpeggios, neon-lit atmospheric pads, energetic beat with heavy kick and hi-hats, upbeat futuristic dance music
2026-02-22T18:34:37.720960Z  INFO   metas: - bpm: 128
- timesignature: 4/4
- keyscale: A minor
- duration: 30 seconds

2026-02-22T18:34:37.720962Z  INFO   lyrics: "la la la la la la la la\nla la la la la la la la\noh oh oh oh oh oh oh oh\noh oh oh oh oh oh oh oh"
2026-02-22T18:34:37.720966Z  INFO   language: en
2026-02-22T18:34:37.720967Z  INFO   config: duration=30s overlap=8s crossfade=100ms shift=3
event:chunk chunk=1 audio=22.0s gen=1.24s2026-02-22T18:34:37.720973Z  INFO   is_first=false use_overlap=true use_timbre=true use_crossfade=false

2026-02-22T18:34:37.720978Z  INFO   DEBUG: chunk_frames=750 expected_audio_samples=2880000
2026-02-22T18:34:37.720980Z  INFO   DEBUG: context_frames=750 new_len=550 overlap=200 use_total_duration=false
2026-02-22T18:34:37.720980Z  INFO event:chunk chunk=1 audio=22.0s gen=1.24s
event:generating chunk=2
2026-02-22T18:34:37.754649Z  INFO Generating chunk (750 frames, 30.0s)...
2026-02-22T18:34:38.303756Z  INFO Diffusion (8 ODE steps): 0.55s
2026-02-22T18:34:38.734980Z  INFO VAE decode: 0.43s
2026-02-22T18:34:38.965092Z  INFO Total chunk: 1.24s
2026-02-22T18:34:38.966071Z  INFO   DEBUG: output_audio.samples=2112000 is_first=false
2026-02-22T18:34:38.966149Z  INFO === Streaming chunk 3 ===
2026-02-22T18:34:38.966151Z  INFO   caption: Driving synthwave with retro 80s analog synths, pulsing bass, soaring arpeggios, neon-lit atmospheric pads, energetic beat with heavy kick and hi-hats, upbeat futuristic dance music
2026-02-22T18:34:38.966154Z  INFO   metas: - bpm: 128
- timesignature: 4/4
- keyscale: A minor
- duration: 30 seconds

2026-02-22T18:34:38.966156Z  INFO   lyrics: "la la la la la la la la\nla la la la la la la la\noh oh oh oh oh oh oh oh\noh oh oh oh oh oh oh oh"
2026-02-22T18:34:38.966160Z  INFO   language: en
2026-02-22T18:34:38.966161Z  INFO   config: duration=30s overlap=8s crossfade=100ms shift=3
event:chunk chunk=2 audio=22.0s gen=1.25s2026-02-22T18:34:38.966182Z  INFO   is_first=false use_overlap=true use_timbre=true use_crossfade=false

2026-02-22T18:34:38.966185Z  INFO   DEBUG: chunk_frames=750 expected_audio_samples=2880000
2026-02-22T18:34:38.966187Z  INFO   DEBUG: context_frames=750 new_len=550 overlap=200 use_total_duration=false
2026-02-22T18:34:38.966187Z  INFO event:chunk chunk=2 audio=22.0s gen=1.25s
event:generating chunk=3
2026-02-22T18:34:39.001285Z  INFO Generating chunk (750 frames, 30.0s)...
2026-02-22T18:34:39.556924Z  INFO Diffusion (8 ODE steps): 0.56s
2026-02-22T18:34:39.987950Z  INFO VAE decode: 0.43s
2026-02-22T18:34:40.217524Z  INFO Total chunk: 1.25s
2026-02-22T18:34:40.218653Z  INFO   DEBUG: output_audio.samples=2112000 is_first=false
2026-02-22T18:34:40.223487Z  INFO === Streaming chunk 4 ===
2026-02-22T18:34:40.223495Z  INFO   caption: Driving synthwave with retro 80s analog synths, pulsing bass, soaring arpeggios, neon-lit atmospheric pads, energetic beat with heavy kick and hi-hats, upbeat futuristic dance music
2026-02-22T18:34:40.223498Z  INFO   metas: - bpm: 128
- timesignature: 4/4
- keyscale: A minor
- duration: 30 seconds

event:chunk chunk=3 audio=22.0s gen=1.26s2026-02-22T18:34:40.223500Z  INFO   lyrics: "la la la la la la la la\nla la la la la la la la\noh oh oh oh oh oh oh oh\noh oh oh oh oh oh oh oh"

2026-02-22T18:34:40.223507Z  INFO   language: en
2026-02-22T18:34:40.223508Z  INFO event:chunk chunk=3 audio=22.0s gen=1.26s
2026-02-22T18:34:40.223508Z  INFO   config: duration=30s overlap=8s crossfade=100ms shift=3
event:generating chunk=4
2026-02-22T18:34:40.223513Z  INFO   is_first=false use_overlap=true use_timbre=true use_crossfade=false
2026-02-22T18:34:40.223516Z  INFO   DEBUG: chunk_frames=750 expected_audio_samples=2880000
2026-02-22T18:34:40.223518Z  INFO   DEBUG: context_frames=750 new_len=550 overlap=200 use_total_duration=false
2026-02-22T18:34:40.258078Z  INFO Generating chunk (750 frames, 30.0s)...
2026-02-22T18:34:40.817854Z  INFO Diffusion (8 ODE steps): 0.56s
2026-02-22T18:34:41.248520Z  INFO VAE decode: 0.43s
2026-02-22T18:34:41.477539Z  INFO Total chunk: 1.25s
2026-02-22T18:34:41.481458Z  INFO   DEBUG: output_audio.samples=2112000 is_first=false
2026-02-22T18:34:41.481545Z  INFO === Streaming chunk 5 ===
2026-02-22T18:34:41.481547Z  INFO   caption: Driving synthwave with retro 80s analog synths, pulsing bass, soaring arpeggios, neon-lit atmospheric pads, energetic beat with heavy kick and hi-hats, upbeat futuristic dance music
2026-02-22T18:34:41.481549Z  INFO   metas: - bpm: 128
- timesignature: 4/4
- keyscale: A minor
- duration: 30 seconds

2026-02-22T18:34:41.481551Z  INFO   lyrics: "la la la la la la la la\nla la la la la la la la\noh oh oh oh oh oh oh oh\noh oh oh oh oh oh oh oh"
2026-02-22T18:34:41.481555Z  INFO   language: en
2026-02-22T18:34:41.481556Z  INFO   config: duration=30s overlap=8s crossfade=100ms shift=3
2026-02-22T18:34:41.481562Z  INFO   is_first=false use_overlap=true use_timbre=true use_crossfade=false
event:chunk chunk=4 audio=22.0s gen=1.26s2026-02-22T18:34:41.481564Z  INFO   DEBUG: chunk_frames=750 expected_audio_samples=2880000

2026-02-22T18:34:41.481568Z  INFO   DEBUG: context_frames=750 new_len=550 overlap=200 use_total_duration=false
2026-02-22T18:34:41.481577Z  INFO event:chunk chunk=4 audio=22.0s gen=1.26s
event:generating chunk=5
2026-02-22T18:34:41.517272Z  INFO Generating chunk (750 frames, 30.0s)...
2026-02-22T18:34:42.074409Z  INFO Diffusion (8 ODE steps): 0.56s
2026-02-22T18:34:42.506247Z  INFO VAE decode: 0.43s
2026-02-22T18:34:42.733952Z  INFO Total chunk: 1.25s
2026-02-22T18:34:42.737574Z  INFO   DEBUG: output_audio.samples=2112000 is_first=false
2026-02-22T18:34:42.737630Z  INFO === Streaming chunk 6 ===
2026-02-22T18:34:42.737633Z  INFO   caption: Driving synthwave with retro 80s analog synths, pulsing bass, soaring arpeggios, neon-lit atmospheric pads, energetic beat with heavy kick and hi-hats, upbeat futuristic dance music
2026-02-22T18:34:42.737635Z  INFO   metas: - bpm: 128
- timesignature: 4/4
- keyscale: A minor
- duration: 30 seconds

event:chunk chunk=5 audio=22.0s gen=1.26s2026-02-22T18:34:42.737649Z  INFO   lyrics: "la la la la la la la la\nla la la la la la la la\noh oh oh oh oh oh oh oh\noh oh oh oh oh oh oh oh"

2026-02-22T18:34:42.737652Z  INFO   language: en
2026-02-22T18:34:42.737654Z  INFO event:chunk chunk=5 audio=22.0s gen=1.26s
2026-02-22T18:34:42.737654Z  INFO   config: duration=30s overlap=8s crossfade=100ms shift=3
event:generating chunk=62026-02-22T18:34:42.737659Z  INFO   is_first=false use_overlap=true use_timbre=true use_crossfade=false

2026-02-22T18:34:42.737661Z  INFO   DEBUG: chunk_frames=750 expected_audio_samples=2880000
2026-02-22T18:34:42.737663Z  INFO   DEBUG: context_frames=750 new_len=550 overlap=200 use_total_duration=false
2026-02-22T18:34:42.772240Z  INFO Generating chunk (750 frames, 30.0s)...
2026-02-22T18:34:43.328673Z  INFO Diffusion (8 ODE steps): 0.56s
2026-02-22T18:34:43.766237Z  INFO VAE decode: 0.44s
2026-02-22T18:34:43.998518Z  INFO Total chunk: 1.26s
2026-02-22T18:34:44.002336Z  INFO   DEBUG: output_audio.samples=2112000 is_first=false
2026-02-22T18:34:44.002401Z  INFO === Streaming chunk 7 ===
2026-02-22T18:34:44.002404Z  INFO   caption: Driving synthwave with retro 80s analog synths, pulsing bass, soaring arpeggios, neon-lit atmospheric pads, energetic beat with heavy kick and hi-hats, upbeat futuristic dance music
2026-02-22T18:34:44.002406Z  INFO   metas: - bpm: 128
- timesignature: 4/4
- keyscale: A minor
- duration: 30 seconds

2026-02-22T18:34:44.002408Z  INFO   lyrics: "la la la la la la la la\nla la la la la la la la\noh oh oh oh oh oh oh oh\noh oh oh oh oh oh oh oh"
2026-02-22T18:34:44.002411Z  INFO   language: en
2026-02-22T18:34:44.002413Z  INFO   config: duration=30s overlap=8s crossfade=100ms shift=3
event:chunk chunk=6 audio=22.0s gen=1.26s2026-02-22T18:34:44.002417Z  INFO   is_first=false use_overlap=true use_timbre=true use_crossfade=false

2026-02-22T18:34:44.002421Z  INFO   DEBUG: chunk_frames=750 expected_audio_samples=2880000
2026-02-22T18:34:44.002423Z  INFO   DEBUG: context_frames=750 new_len=550 overlap=200 use_total_duration=false
2026-02-22T18:34:44.002422Z  INFO event:chunk chunk=6 audio=22.0s gen=1.26s
event:generating chunk=7
2026-02-22T18:34:44.036845Z  INFO Generating chunk (750 frames, 30.0s)...
2026-02-22T18:34:44.596300Z  INFO Diffusion (8 ODE steps): 0.56s
2026-02-22T18:34:45.028142Z  INFO VAE decode: 0.43s
2026-02-22T18:34:45.257678Z  INFO Total chunk: 1.26s
2026-02-22T18:34:45.261400Z  INFO   DEBUG: output_audio.samples=2112000 is_first=false
2026-02-22T18:34:45.263579Z  INFO === Streaming chunk 8 ===
2026-02-22T18:34:45.263585Z  INFO   caption: Driving synthwave with retro 80s analog synths, pulsing bass, soaring arpeggios, neon-lit atmospheric pads, energetic beat with heavy kick and hi-hats, upbeat futuristic dance music
2026-02-22T18:34:45.263588Z  INFO   metas: - bpm: 128
- timesignature: 4/4
- keyscale: A minor
- duration: 30 seconds

2026-02-22T18:34:45.263590Z  INFO   lyrics: "la la la la la la la la\nla la la la la la la la\noh oh oh oh oh oh oh oh\noh oh oh oh oh oh oh oh"
event:chunk chunk=7 audio=22.0s gen=1.26s2026-02-22T18:34:45.263594Z  INFO   language: en

2026-02-22T18:34:45.263598Z  INFO   config: duration=30s overlap=8s crossfade=100ms shift=3
2026-02-22T18:34:45.263600Z  INFO event:chunk chunk=7 audio=22.0s gen=1.26s
2026-02-22T18:34:45.263603Z  INFO   is_first=false use_overlap=true use_timbre=true use_crossfade=false
event:generating chunk=8
2026-02-22T18:34:45.263605Z  INFO   DEBUG: chunk_frames=750 expected_audio_samples=2880000
2026-02-22T18:34:45.263608Z  INFO   DEBUG: context_frames=750 new_len=550 overlap=200 use_total_duration=false
2026-02-22T18:34:45.297966Z  INFO Generating chunk (750 frames, 30.0s)...
2026-02-22T18:34:45.863051Z  INFO Diffusion (8 ODE steps): 0.56s
2026-02-22T18:34:46.298222Z  INFO VAE decode: 0.44s
2026-02-22T18:34:46.358087Z  INFO socket cmd: "state"
2026-02-22T18:34:46.532163Z  INFO Total chunk: 1.27s
2026-02-22T18:34:46.536901Z  INFO   DEBUG: output_audio.samples=2112000 is_first=false
2026-02-22T18:34:46.537048Z  INFO === Streaming chunk 9 ===
2026-02-22T18:34:46.537050Z  INFO   caption: Driving synthwave with retro 80s analog synths, pulsing bass, soaring arpeggios, neon-lit atmospheric pads, energetic beat with heavy kick and hi-hats, upbeat futuristic dance music
2026-02-22T18:34:46.537053Z  INFO   metas: - bpm: 128
- timesignature: 4/4
- keyscale: A minor
- duration: 30 seconds

2026-02-22T18:34:46.537054Z  INFO   lyrics: "la la la la la la la la\nla la la la la la la la\noh oh oh oh oh oh oh oh\noh oh oh oh oh oh oh oh"
2026-02-22T18:34:46.537057Z  INFO   language: en
2026-02-22T18:34:46.537059Z  INFO   config: duration=30s overlap=8s crossfade=100ms shift=3
event:chunk chunk=8 audio=22.0s gen=1.27s2026-02-22T18:34:46.537066Z  INFO   is_first=false use_overlap=true use_timbre=true use_crossfade=false

2026-02-22T18:34:46.537070Z  INFO   DEBUG: chunk_frames=750 expected_audio_samples=2880000
2026-02-22T18:34:46.537072Z  INFO   DEBUG: context_frames=750 new_len=550 overlap=200 use_total_duration=false
2026-02-22T18:34:46.537072Z  INFO event:chunk chunk=8 audio=22.0s gen=1.27s
event:generating chunk=9
2026-02-22T18:34:46.573126Z  INFO Generating chunk (750 frames, 30.0s)...
2026-02-22T18:34:47.138486Z  INFO Diffusion (8 ODE steps): 0.56s
2026-02-22T18:34:47.573782Z  INFO VAE decode: 0.44s
2026-02-22T18:34:47.805255Z  INFO Total chunk: 1.27s
2026-02-22T18:34:47.809324Z  INFO   DEBUG: output_audio.samples=2112000 is_first=false
2026-02-22T18:34:47.809392Z  INFO === Streaming chunk 10 ===
2026-02-22T18:34:47.809395Z  INFO   caption: Driving synthwave with retro 80s analog synths, pulsing bass, soaring arpeggios, neon-lit atmospheric pads, energetic beat with heavy kick and hi-hats, upbeat futuristic dance music
2026-02-22T18:34:47.809398Z  INFO   metas: - bpm: 128
- timesignature: 4/4
- keyscale: A minor
- duration: 30 seconds

2026-02-22T18:34:47.809400Z  INFO   lyrics: "la la la la la la la la\nla la la la la la la la\noh oh oh oh oh oh oh oh\noh oh oh oh oh oh oh oh"
2026-02-22T18:34:47.809403Z  INFO   language: en
2026-02-22T18:34:47.809404Z  INFO   config: duration=30s overlap=8s crossfade=100ms shift=3
event:chunk chunk=9 audio=22.0s gen=1.27s2026-02-22T18:34:47.809408Z  INFO   is_first=false use_overlap=true use_timbre=true use_crossfade=false

2026-02-22T18:34:47.809412Z  INFO   DEBUG: chunk_frames=750 expected_audio_samples=2880000
2026-02-22T18:34:47.809414Z  INFO   DEBUG: context_frames=750 new_len=550 overlap=200 use_total_duration=false
2026-02-22T18:34:47.809414Z  INFO event:chunk chunk=9 audio=22.0s gen=1.27s
event:generating chunk=10
2026-02-22T18:34:47.843389Z  INFO Generating chunk (750 frames, 30.0s)...
2026-02-22T18:34:48.414317Z  INFO Diffusion (8 ODE steps): 0.57s
2026-02-22T18:34:48.852635Z  INFO VAE decode: 0.44s
2026-02-22T18:34:49.086397Z  INFO Total chunk: 1.28s
2026-02-22T18:34:49.090414Z  INFO   DEBUG: output_audio.samples=2112000 is_first=false
2026-02-22T18:34:49.090472Z  INFO === Streaming chunk 11 ===
2026-02-22T18:34:49.090474Z  INFO   caption: Driving synthwave with retro 80s analog synths, pulsing bass, soaring arpeggios, neon-lit atmospheric pads, energetic beat with heavy kick and hi-hats, upbeat futuristic dance music
2026-02-22T18:34:49.090477Z  INFO   metas: - bpm: 128
- timesignature: 4/4
- keyscale: A minor
- duration: 30 seconds

2026-02-22T18:34:49.090479Z  INFO   lyrics: "la la la la la la la la\nla la la la la la la la\noh oh oh oh oh oh oh oh\noh oh oh oh oh oh oh oh"
2026-02-22T18:34:49.090482Z  INFO   language: en
2026-02-22T18:34:49.090484Z  INFO   config: duration=30s overlap=8s crossfade=100ms shift=3
event:chunk chunk=10 audio=22.0s gen=1.28s2026-02-22T18:34:49.090488Z  INFO   is_first=false use_overlap=true use_timbre=true use_crossfade=false

2026-02-22T18:34:49.090492Z  INFO   DEBUG: chunk_frames=750 expected_audio_samples=2880000
2026-02-22T18:34:49.090494Z  INFO   DEBUG: context_frames=750 new_len=550 overlap=200 use_total_duration=false
2026-02-22T18:34:49.090494Z  INFO event:chunk chunk=10 audio=22.0s gen=1.28s
event:generating chunk=11
2026-02-22T18:34:49.125898Z  INFO Generating chunk (750 frames, 30.0s)...
2026-02-22T18:34:49.699922Z  INFO Diffusion (8 ODE steps): 0.57s
2026-02-22T18:34:50.145109Z  INFO VAE decode: 0.45s
2026-02-22T18:34:50.383114Z  INFO Total chunk: 1.29s
2026-02-22T18:34:50.387242Z  INFO   DEBUG: output_audio.samples=2112000 is_first=false
2026-02-22T18:34:50.389063Z  INFO === Streaming chunk 12 ===
2026-02-22T18:34:50.389072Z  INFO   caption: Driving synthwave with retro 80s analog synths, pulsing bass, soaring arpeggios, neon-lit atmospheric pads, energetic beat with heavy kick and hi-hats, upbeat futuristic dance music
2026-02-22T18:34:50.389076Z  INFO   metas: - bpm: 128
- timesignature: 4/4
- keyscale: A minor
- duration: 30 seconds

2026-02-22T18:34:50.389079Z  INFO   lyrics: "la la la la la la la la\nla la la la la la la la\noh oh oh oh oh oh oh oh\noh oh oh oh oh oh oh oh"
2026-02-22T18:34:50.389084Z  INFO   language: en
2026-02-22T18:34:50.389086Z  INFO   config: duration=30s overlap=8s crossfade=100ms shift=3
event:chunk chunk=11 audio=22.0s gen=1.30s2026-02-22T18:34:50.389095Z  INFO   is_first=false use_overlap=true use_timbre=true use_crossfade=false

2026-02-22T18:34:50.389100Z  INFO   DEBUG: chunk_frames=750 expected_audio_samples=2880000
2026-02-22T18:34:50.389102Z  INFO event:chunk chunk=11 audio=22.0s gen=1.30s
2026-02-22T18:34:50.389103Z  INFO   DEBUG: context_frames=750 new_len=550 overlap=200 use_total_duration=false
event:generating chunk=12
2026-02-22T18:34:50.425317Z  INFO Generating chunk (750 frames, 30.0s)...
2026-02-22T18:34:51.001464Z  INFO Diffusion (8 ODE steps): 0.58s
2026-02-22T18:34:51.443865Z  INFO VAE decode: 0.44s
2026-02-22T18:34:51.678294Z  INFO Total chunk: 1.29s
2026-02-22T18:34:51.682612Z  INFO   DEBUG: output_audio.samples=2112000 is_first=false
2026-02-22T18:34:51.682668Z  INFO === Streaming chunk 13 ===
2026-02-22T18:34:51.682671Z  INFO   caption: Driving synthwave with retro 80s analog synths, pulsing bass, soaring arpeggios, neon-lit atmospheric pads, energetic beat with heavy kick and hi-hats, upbeat futuristic dance music
2026-02-22T18:34:51.682674Z  INFO   metas: - bpm: 128
- timesignature: 4/4
- keyscale: A minor
- duration: 30 seconds

2026-02-22T18:34:51.682676Z  INFO   lyrics: "la la la la la la la la\nla la la la la la la la\noh oh oh oh oh oh oh oh\noh oh oh oh oh oh oh oh"
2026-02-22T18:34:51.682680Z  INFO   language: en
2026-02-22T18:34:51.682682Z  INFO   config: duration=30s overlap=8s crossfade=100ms shift=3
event:chunk chunk=12 audio=22.0s gen=1.29s2026-02-22T18:34:51.682686Z  INFO   is_first=false use_overlap=true use_timbre=true use_crossfade=false

2026-02-22T18:34:51.682691Z  INFO   DEBUG: chunk_frames=750 expected_audio_samples=2880000
2026-02-22T18:34:51.682693Z  INFO   DEBUG: context_frames=750 new_len=550 overlap=200 use_total_duration=false
2026-02-22T18:34:51.682693Z  INFO event:chunk chunk=12 audio=22.0s gen=1.29s
event:generating chunk=13
2026-02-22T18:34:51.718353Z  INFO Generating chunk (750 frames, 30.0s)...
2026-02-22T18:34:52.284840Z  INFO Diffusion (8 ODE steps): 0.57s
2026-02-22T18:34:52.724402Z  INFO VAE decode: 0.44s
2026-02-22T18:34:52.955139Z  INFO Total chunk: 1.27s
2026-02-22T18:34:52.959524Z  INFO   DEBUG: output_audio.samples=2112000 is_first=false
2026-02-22T18:34:52.959595Z  INFO === Streaming chunk 14 ===
2026-02-22T18:34:52.959599Z  INFO   caption: Driving synthwave with retro 80s analog synths, pulsing bass, soaring arpeggios, neon-lit atmospheric pads, energetic beat with heavy kick and hi-hats, upbeat futuristic dance music
2026-02-22T18:34:52.959601Z  INFO   metas: - bpm: 128
- timesignature: 4/4
- keyscale: A minor
- duration: 30 seconds

2026-02-22T18:34:52.959603Z  INFO   lyrics: "la la la la la la la la\nla la la la la la la la\noh oh oh oh oh oh oh oh\noh oh oh oh oh oh oh oh"
2026-02-22T18:34:52.959607Z  INFO   language: en
event:chunk chunk=13 audio=22.0s gen=1.28s2026-02-22T18:34:52.959608Z  INFO   config: duration=30s overlap=8s crossfade=100ms shift=3

2026-02-22T18:34:52.959614Z  INFO   is_first=false use_overlap=true use_timbre=true use_crossfade=false
2026-02-22T18:34:52.959616Z  INFO event:chunk chunk=13 audio=22.0s gen=1.28s
2026-02-22T18:34:52.959627Z  INFO   DEBUG: chunk_frames=750 expected_audio_samples=2880000
2026-02-22T18:34:52.959629Z  INFO   DEBUG: context_frames=750 new_len=550 overlap=200 use_total_duration=false
event:generating chunk=14
2026-02-22T18:34:52.995775Z  INFO Generating chunk (750 frames, 30.0s)...
2026-02-22T18:34:53.562751Z  INFO Diffusion (8 ODE steps): 0.57s
2026-02-22T18:34:54.002197Z  INFO VAE decode: 0.44s
2026-02-22T18:34:54.233090Z  INFO Total chunk: 1.27s
2026-02-22T18:34:54.236976Z  INFO   DEBUG: output_audio.samples=2112000 is_first=false
2026-02-22T18:34:54.237049Z  INFO === Streaming chunk 15 ===
2026-02-22T18:34:54.237051Z  INFO   caption: Driving synthwave with retro 80s analog synths, pulsing bass, soaring arpeggios, neon-lit atmospheric pads, energetic beat with heavy kick and hi-hats, upbeat futuristic dance music
2026-02-22T18:34:54.237054Z  INFO   metas: - bpm: 128
- timesignature: 4/4
- keyscale: A minor
- duration: 30 seconds

2026-02-22T18:34:54.237056Z  INFO   lyrics: "la la la la la la la la\nla la la la la la la la\noh oh oh oh oh oh oh oh\noh oh oh oh oh oh oh oh"
2026-02-22T18:34:54.237059Z  INFO   language: en
2026-02-22T18:34:54.237061Z  INFO   config: duration=30s overlap=8s crossfade=100ms shift=3
event:chunk chunk=14 audio=22.0s gen=1.28s2026-02-22T18:34:54.237065Z  INFO   is_first=false use_overlap=true use_timbre=true use_crossfade=false

2026-02-22T18:34:54.237070Z  INFO   DEBUG: chunk_frames=750 expected_audio_samples=2880000
2026-02-22T18:34:54.237072Z  INFO   DEBUG: context_frames=750 new_len=550 overlap=200 use_total_duration=false
2026-02-22T18:34:54.237071Z  INFO event:chunk chunk=14 audio=22.0s gen=1.28s
event:generating chunk=15
2026-02-22T18:34:54.273471Z  INFO Generating chunk (750 frames, 30.0s)...
2026-02-22T18:34:54.839256Z  INFO Diffusion (8 ODE steps): 0.57s
2026-02-22T18:34:55.279137Z  INFO VAE decode: 0.44s
2026-02-22T18:34:55.512012Z  INFO Total chunk: 1.27s
2026-02-22T18:34:55.516003Z  INFO   DEBUG: output_audio.samples=2112000 is_first=false
2026-02-22T18:34:55.517918Z  INFO === Streaming chunk 16 ===
2026-02-22T18:34:55.517924Z  INFO   caption: Driving synthwave with retro 80s analog synths, pulsing bass, soaring arpeggios, neon-lit atmospheric pads, energetic beat with heavy kick and hi-hats, upbeat futuristic dance music
2026-02-22T18:34:55.517927Z  INFO   metas: - bpm: 128
- timesignature: 4/4
- keyscale: A minor
- duration: 30 seconds

2026-02-22T18:34:55.517929Z  INFO   lyrics: "la la la la la la la la\nla la la la la la la la\noh oh oh oh oh oh oh oh\noh oh oh oh oh oh oh oh"
2026-02-22T18:34:55.517932Z  INFO   language: en
event:chunk chunk=15 audio=22.0s gen=1.28s2026-02-22T18:34:55.517933Z  INFO   config: duration=30s overlap=8s crossfade=100ms shift=3

2026-02-22T18:34:55.517939Z  INFO   is_first=false use_overlap=true use_timbre=true use_crossfade=false
2026-02-22T18:34:55.517941Z  INFO   DEBUG: chunk_frames=750 expected_audio_samples=2880000
2026-02-22T18:34:55.517940Z  INFO event:chunk chunk=15 audio=22.0s gen=1.28s
2026-02-22T18:34:55.517942Z  INFO   DEBUG: context_frames=750 new_len=550 overlap=200 use_total_duration=false
event:generating chunk=16
2026-02-22T18:34:55.552832Z  INFO Generating chunk (750 frames, 30.0s)...
2026-02-22T18:34:56.120696Z  INFO Diffusion (8 ODE steps): 0.57s
2026-02-22T18:34:56.559446Z  INFO VAE decode: 0.44s
2026-02-22T18:34:56.790825Z  INFO Total chunk: 1.27s
2026-02-22T18:34:56.794557Z  INFO   DEBUG: output_audio.samples=2112000 is_first=false
2026-02-22T18:34:56.794616Z  INFO === Streaming chunk 17 ===
2026-02-22T18:34:56.794619Z  INFO   caption: Driving synthwave with retro 80s analog synths, pulsing bass, soaring arpeggios, neon-lit atmospheric pads, energetic beat with heavy kick and hi-hats, upbeat futuristic dance music
2026-02-22T18:34:56.794622Z  INFO   metas: - bpm: 128
- timesignature: 4/4
- keyscale: A minor
- duration: 30 seconds

2026-02-22T18:34:56.794624Z  INFO   lyrics: "la la la la la la la la\nla la la la la la la la\noh oh oh oh oh oh oh oh\noh oh oh oh oh oh oh oh"
event:chunk chunk=16 audio=22.0s gen=1.28s2026-02-22T18:34:56.794638Z  INFO   language: en

2026-02-22T18:34:56.794641Z  INFO   config: duration=30s overlap=8s crossfade=100ms shift=3
2026-02-22T18:34:56.794643Z  INFO event:chunk chunk=16 audio=22.0s gen=1.28s
2026-02-22T18:34:56.794646Z  INFO   is_first=false use_overlap=true use_timbre=true use_crossfade=false
2026-02-22T18:34:56.794648Z  INFO   DEBUG: chunk_frames=750 expected_audio_samples=2880000
2026-02-22T18:34:56.794650Z  INFO   DEBUG: context_frames=750 new_len=550 overlap=200 use_total_duration=false
event:generating chunk=17
2026-02-22T18:34:56.830073Z  INFO Generating chunk (750 frames, 30.0s)...
2026-02-22T18:34:57.396294Z  INFO Diffusion (8 ODE steps): 0.57s
2026-02-22T18:34:57.840150Z  INFO VAE decode: 0.44s
2026-02-22T18:34:58.075513Z  INFO Total chunk: 1.28s
2026-02-22T18:34:58.080051Z  INFO   DEBUG: output_audio.samples=2112000 is_first=false
2026-02-22T18:34:58.080130Z  INFO === Streaming chunk 18 ===
2026-02-22T18:34:58.080134Z  INFO   caption: Driving synthwave with retro 80s analog synths, pulsing bass, soaring arpeggios, neon-lit atmospheric pads, energetic beat with heavy kick and hi-hats, upbeat futuristic dance music
2026-02-22T18:34:58.080137Z  INFO   metas: - bpm: 128
- timesignature: 4/4
- keyscale: A minor
- duration: 30 seconds

2026-02-22T18:34:58.080140Z  INFO   lyrics: "la la la la la la la la\nla la la la la la la la\noh oh oh oh oh oh oh oh\noh oh oh oh oh oh oh oh"
2026-02-22T18:34:58.080144Z  INFO   language: en
2026-02-22T18:34:58.080146Z  INFO   config: duration=30s overlap=8s crossfade=100ms shift=3
event:chunk chunk=17 audio=22.0s gen=1.29s2026-02-22T18:34:58.080154Z  INFO   is_first=false use_overlap=true use_timbre=true use_crossfade=false

2026-02-22T18:34:58.080158Z  INFO   DEBUG: chunk_frames=750 expected_audio_samples=2880000
2026-02-22T18:34:58.080160Z  INFO event:chunk chunk=17 audio=22.0s gen=1.29s
2026-02-22T18:34:58.080161Z  INFO   DEBUG: context_frames=750 new_len=550 overlap=200 use_total_duration=false
event:generating chunk=18
2026-02-22T18:34:58.115104Z  INFO Generating chunk (750 frames, 30.0s)...
2026-02-22T18:34:58.679751Z  INFO Diffusion (8 ODE steps): 0.56s
2026-02-22T18:34:59.119973Z  INFO VAE decode: 0.44s
2026-02-22T18:34:59.356061Z  INFO Total chunk: 1.28s
2026-02-22T18:34:59.360183Z  INFO   DEBUG: output_audio.samples=2112000 is_first=false
2026-02-22T18:34:59.360299Z  INFO === Streaming chunk 19 ===
2026-02-22T18:34:59.360302Z  INFO   caption: Driving synthwave with retro 80s analog synths, pulsing bass, soaring arpeggios, neon-lit atmospheric pads, energetic beat with heavy kick and hi-hats, upbeat futuristic dance music
2026-02-22T18:34:59.360306Z  INFO   metas: - bpm: 128
- timesignature: 4/4
- keyscale: A minor
- duration: 30 seconds

2026-02-22T18:34:59.360309Z  INFO   lyrics: "la la la la la la la la\nla la la la la la la la\noh oh oh oh oh oh oh oh\noh oh oh oh oh oh oh oh"
2026-02-22T18:34:59.360313Z  INFO   language: en
event:chunk chunk=18 audio=22.0s gen=1.28s2026-02-22T18:34:59.360315Z  INFO   config: duration=30s overlap=8s crossfade=100ms shift=3

2026-02-22T18:34:59.360321Z  INFO   is_first=false use_overlap=true use_timbre=true use_crossfade=false
2026-02-22T18:34:59.360322Z  INFO event:chunk chunk=18 audio=22.0s gen=1.28s
2026-02-22T18:34:59.360323Z  INFO   DEBUG: chunk_frames=750 expected_audio_samples=2880000
2026-02-22T18:34:59.360326Z  INFO   DEBUG: context_frames=750 new_len=550 overlap=200 use_total_duration=false
event:generating chunk=19
2026-02-22T18:34:59.396595Z  INFO Generating chunk (750 frames, 30.0s)...
2026-02-22T18:34:59.961632Z  INFO Diffusion (8 ODE steps): 0.56s
2026-02-22T18:35:00.404767Z  INFO VAE decode: 0.44s
2026-02-22T18:35:00.636950Z  INFO Total chunk: 1.28s
2026-02-22T18:35:00.642023Z  INFO   DEBUG: output_audio.samples=2112000 is_first=false
2026-02-22T18:35:00.642103Z  INFO === Streaming chunk 20 ===
2026-02-22T18:35:00.642106Z  INFO   caption: Driving synthwave with retro 80s analog synths, pulsing bass, soaring arpeggios, neon-lit atmospheric pads, energetic beat with heavy kick and hi-hats, upbeat futuristic dance music
2026-02-22T18:35:00.642122Z  INFO   metas: - bpm: 128
- timesignature: 4/4
- keyscale: A minor
- duration: 30 seconds

event:chunk chunk=19 audio=22.0s gen=1.28s2026-02-22T18:35:00.642124Z  INFO   lyrics: "la la la la la la la la\nla la la la la la la la\noh oh oh oh oh oh oh oh\noh oh oh oh oh oh oh oh"

2026-02-22T18:35:00.642128Z  INFO   language: en
2026-02-22T18:35:00.642130Z  INFO event:chunk chunk=19 audio=22.0s gen=1.28s
2026-02-22T18:35:00.642130Z  INFO   config: duration=30s overlap=8s crossfade=100ms shift=3
2026-02-22T18:35:00.642136Z  INFO   is_first=false use_overlap=true use_timbre=true use_crossfade=false
2026-02-22T18:35:00.642138Z  INFO   DEBUG: chunk_frames=750 expected_audio_samples=2880000
event:generating chunk=20
2026-02-22T18:35:00.642140Z  INFO   DEBUG: context_frames=750 new_len=550 overlap=200 use_total_duration=false
2026-02-22T18:35:00.677780Z  INFO Generating chunk (750 frames, 30.0s)...
2026-02-22T18:35:01.244339Z  INFO Diffusion (8 ODE steps): 0.57s
2026-02-22T18:35:01.688097Z  INFO VAE decode: 0.44s
2026-02-22T18:35:01.923839Z  INFO Total chunk: 1.28s
2026-02-22T18:35:01.927818Z  INFO   DEBUG: output_audio.samples=2112000 is_first=false
2026-02-22T18:35:01.927906Z  INFO === Streaming chunk 21 ===
2026-02-22T18:35:01.927911Z  INFO   caption: Driving synthwave with retro 80s analog synths, pulsing bass, soaring arpeggios, neon-lit atmospheric pads, energetic beat with heavy kick and hi-hats, upbeat futuristic dance music
2026-02-22T18:35:01.927913Z  INFO   metas: - bpm: 128
- timesignature: 4/4
- keyscale: A minor
- duration: 30 seconds

2026-02-22T18:35:01.927915Z  INFO   lyrics: "la la la la la la la la\nla la la la la la la la\noh oh oh oh oh oh oh oh\noh oh oh oh oh oh oh oh"
2026-02-22T18:35:01.927919Z  INFO   language: en
event:chunk chunk=20 audio=22.0s gen=1.29s
2026-02-22T18:35:01.927920Z  INFO   config: duration=30s overlap=8s crossfade=100ms shift=3
2026-02-22T18:35:01.927925Z  INFO   is_first=false use_overlap=true use_timbre=true use_crossfade=false
2026-02-22T18:35:01.927927Z  INFO   DEBUG: chunk_frames=750 expected_audio_samples=2880000
2026-02-22T18:35:01.927926Z  INFO event:chunk chunk=20 audio=22.0s gen=1.29s
2026-02-22T18:35:01.927930Z  INFO   DEBUG: context_frames=750 new_len=550 overlap=200 use_total_duration=false
event:generating chunk=21
2026-02-22T18:35:01.962719Z  INFO Generating chunk (750 frames, 30.0s)...
2026-02-22T18:35:02.529075Z  INFO Diffusion (8 ODE steps): 0.57s
2026-02-22T18:35:02.972981Z  INFO VAE decode: 0.44s
2026-02-22T18:35:03.207756Z  INFO Total chunk: 1.28s
2026-02-22T18:35:03.212011Z  INFO   DEBUG: output_audio.samples=2112000 is_first=false
2026-02-22T18:35:03.212077Z  INFO === Streaming chunk 22 ===
2026-02-22T18:35:03.212079Z  INFO   caption: Driving synthwave with retro 80s analog synths, pulsing bass, soaring arpeggios, neon-lit atmospheric pads, energetic beat with heavy kick and hi-hats, upbeat futuristic dance music
2026-02-22T18:35:03.212082Z  INFO   metas: - bpm: 128
- timesignature: 4/4
- keyscale: A minor
- duration: 30 seconds

2026-02-22T18:35:03.212084Z  INFO   lyrics: "la la la la la la la la\nla la la la la la la la\noh oh oh oh oh oh oh oh\noh oh oh oh oh oh oh oh"
2026-02-22T18:35:03.212087Z  INFO   language: en
2026-02-22T18:35:03.212089Z  INFO   config: duration=30s overlap=8s crossfade=100ms shift=3
event:chunk chunk=21 audio=22.0s gen=1.28s2026-02-22T18:35:03.212093Z  INFO   is_first=false use_overlap=true use_timbre=true use_crossfade=false

2026-02-22T18:35:03.212099Z  INFO   DEBUG: chunk_frames=750 expected_audio_samples=2880000
2026-02-22T18:35:03.212101Z  INFO   DEBUG: context_frames=750 new_len=550 overlap=200 use_total_duration=false
2026-02-22T18:35:03.212100Z  INFO event:chunk chunk=21 audio=22.0s gen=1.28s
event:generating chunk=22
2026-02-22T18:35:03.246760Z  INFO Generating chunk (750 frames, 30.0s)...
2026-02-22T18:35:03.811261Z  INFO Diffusion (8 ODE steps): 0.56s
2026-02-22T18:35:04.254656Z  INFO VAE decode: 0.44s
2026-02-22T18:35:04.489469Z  INFO Total chunk: 1.28s
2026-02-22T18:35:04.493558Z  INFO   DEBUG: output_audio.samples=2112000 is_first=false
2026-02-22T18:35:04.493661Z  INFO === Streaming chunk 23 ===
2026-02-22T18:35:04.493665Z  INFO   caption: Driving synthwave with retro 80s analog synths, pulsing bass, soaring arpeggios, neon-lit atmospheric pads, energetic beat with heavy kick and hi-hats, upbeat futuristic dance music
2026-02-22T18:35:04.493668Z  INFO   metas: - bpm: 128
- timesignature: 4/4
- keyscale: A minor
- duration: 30 seconds

2026-02-22T18:35:04.493671Z  INFO   lyrics: "la la la la la la la la\nla la la la la la la la\noh oh oh oh oh oh oh oh\noh oh oh oh oh oh oh oh"
2026-02-22T18:35:04.493675Z  INFO   language: en
event:chunk chunk=22 audio=22.0s gen=1.28s2026-02-22T18:35:04.493678Z  INFO   config: duration=30s overlap=8s crossfade=100ms shift=3

2026-02-22T18:35:04.493689Z  INFO   is_first=false use_overlap=true use_timbre=true use_crossfade=false
2026-02-22T18:35:04.493692Z  INFO   DEBUG: chunk_frames=750 expected_audio_samples=2880000
2026-02-22T18:35:04.493691Z  INFO event:chunk chunk=22 audio=22.0s gen=1.28s
2026-02-22T18:35:04.493695Z  INFO   DEBUG: context_frames=750 new_len=550 overlap=200 use_total_duration=false
event:generating chunk=23
2026-02-22T18:35:04.529344Z  INFO Generating chunk (750 frames, 30.0s)...
2026-02-22T18:35:05.095658Z  INFO Diffusion (8 ODE steps): 0.57s
2026-02-22T18:35:05.544278Z  INFO VAE decode: 0.45s
2026-02-22T18:35:05.782104Z  INFO Total chunk: 1.29s
2026-02-22T18:35:05.785985Z  INFO   DEBUG: output_audio.samples=2112000 is_first=false
2026-02-22T18:35:05.786049Z  INFO === Streaming chunk 24 ===
2026-02-22T18:35:05.786053Z  INFO   caption: Driving synthwave with retro 80s analog synths, pulsing bass, soaring arpeggios, neon-lit atmospheric pads, energetic beat with heavy kick and hi-hats, upbeat futuristic dance music
2026-02-22T18:35:05.786056Z  INFO   metas: - bpm: 128
- timesignature: 4/4
- keyscale: A minor
- duration: 30 seconds

2026-02-22T18:35:05.786059Z  INFO   lyrics: "la la la la la la la la\nla la la la la la la la\noh oh oh oh oh oh oh oh\noh oh oh oh oh oh oh oh"
2026-02-22T18:35:05.786063Z  INFO   language: en
event:chunk chunk=23 audio=22.0s gen=1.29s2026-02-22T18:35:05.786065Z  INFO   config: duration=30s overlap=8s crossfade=100ms shift=3

2026-02-22T18:35:05.786078Z  INFO   is_first=false use_overlap=true use_timbre=true use_crossfade=false
2026-02-22T18:35:05.786081Z  INFO   DEBUG: chunk_frames=750 expected_audio_samples=2880000
2026-02-22T18:35:05.786080Z  INFO event:chunk chunk=23 audio=22.0s gen=1.29s
2026-02-22T18:35:05.786084Z  INFO   DEBUG: context_frames=750 new_len=550 overlap=200 use_total_duration=false
event:generating chunk=24
2026-02-22T18:35:05.822646Z  INFO Generating chunk (750 frames, 30.0s)...
2026-02-22T18:35:06.400647Z  INFO Diffusion (8 ODE steps): 0.58s
2026-02-22T18:35:06.850897Z  INFO VAE decode: 0.45s
2026-02-22T18:35:07.080056Z  INFO Total chunk: 1.29s
2026-02-22T18:35:07.081618Z  INFO   DEBUG: output_audio.samples=2112000 is_first=false
2026-02-22T18:35:07.081687Z  INFO === Streaming chunk 25 ===
2026-02-22T18:35:07.081691Z  INFO   caption: Driving synthwave with retro 80s analog synths, pulsing bass, soaring arpeggios, neon-lit atmospheric pads, energetic beat with heavy kick and hi-hats, upbeat futuristic dance music
2026-02-22T18:35:07.081694Z  INFO   metas: - bpm: 128
- timesignature: 4/4
- keyscale: A minor
- duration: 30 seconds

2026-02-22T18:35:07.081697Z  INFO   lyrics: "la la la la la la la la\nla la la la la la la la\noh oh oh oh oh oh oh oh\noh oh oh oh oh oh oh oh"
2026-02-22T18:35:07.081701Z  INFO   language: en
2026-02-22T18:35:07.081704Z  INFO   config: duration=30s overlap=8s crossfade=100ms shift=3
2026-02-22T18:35:07.081710Z  INFO   is_first=false use_overlap=true use_timbre=true use_crossfade=false
event:chunk chunk=24 audio=22.0s gen=1.30s2026-02-22T18:35:07.081713Z  INFO   DEBUG: chunk_frames=750 expected_audio_samples=2880000

2026-02-22T18:35:07.081723Z  INFO   DEBUG: context_frames=750 new_len=550 overlap=200 use_total_duration=false
2026-02-22T18:35:07.081726Z  INFO event:chunk chunk=24 audio=22.0s gen=1.30s
event:generating chunk=25
2026-02-22T18:35:07.116154Z  INFO Generating chunk (750 frames, 30.0s)...
2026-02-22T18:35:07.677180Z  INFO Diffusion (8 ODE steps): 0.56s
2026-02-22T18:35:08.112552Z  INFO VAE decode: 0.44s
2026-02-22T18:35:08.344456Z  INFO Total chunk: 1.26s
2026-02-22T18:35:08.348667Z  INFO   DEBUG: output_audio.samples=2112000 is_first=false
2026-02-22T18:35:08.348759Z  INFO === Streaming chunk 26 ===
2026-02-22T18:35:08.348761Z  INFO   caption: Driving synthwave with retro 80s analog synths, pulsing bass, soaring arpeggios, neon-lit atmospheric pads, energetic beat with heavy kick and hi-hats, upbeat futuristic dance music
2026-02-22T18:35:08.348764Z  INFO   metas: - bpm: 128
- timesignature: 4/4
- keyscale: A minor
- duration: 30 seconds

2026-02-22T18:35:08.348766Z  INFO   lyrics: "la la la la la la la la\nla la la la la la la la\noh oh oh oh oh oh oh oh\noh oh oh oh oh oh oh oh"
2026-02-22T18:35:08.348769Z  INFO   language: en
2026-02-22T18:35:08.348771Z  INFO   config: duration=30s overlap=8s crossfade=100ms shift=3
event:chunk chunk=25 audio=22.0s gen=1.27s2026-02-22T18:35:08.348775Z  INFO   is_first=false use_overlap=true use_timbre=true use_crossfade=false

2026-02-22T18:35:08.348780Z  INFO   DEBUG: chunk_frames=750 expected_audio_samples=2880000
2026-02-22T18:35:08.348782Z  INFO   DEBUG: context_frames=750 new_len=550 overlap=200 use_total_duration=false
2026-02-22T18:35:08.348782Z  INFO event:chunk chunk=25 audio=22.0s gen=1.27s
event:generating chunk=26
2026-02-22T18:35:08.383395Z  INFO Generating chunk (750 frames, 30.0s)...
2026-02-22T18:35:08.949235Z  INFO Diffusion (8 ODE steps): 0.57s
2026-02-22T18:35:09.388377Z  INFO VAE decode: 0.44s
2026-02-22T18:35:09.616977Z  INFO Total chunk: 1.27s
2026-02-22T18:35:09.620714Z  INFO   DEBUG: output_audio.samples=2112000 is_first=false
2026-02-22T18:35:09.620779Z  INFO === Streaming chunk 27 ===
2026-02-22T18:35:09.620781Z  INFO   caption: Driving synthwave with retro 80s analog synths, pulsing bass, soaring arpeggios, neon-lit atmospheric pads, energetic beat with heavy kick and hi-hats, upbeat futuristic dance music
2026-02-22T18:35:09.620784Z  INFO   metas: - bpm: 128
- timesignature: 4/4
- keyscale: A minor
- duration: 30 seconds

2026-02-22T18:35:09.620786Z  INFO   lyrics: "la la la la la la la la\nla la la la la la la la\noh oh oh oh oh oh oh oh\noh oh oh oh oh oh oh oh"
2026-02-22T18:35:09.620790Z  INFO   language: en
2026-02-22T18:35:09.620791Z  INFO   config: duration=30s overlap=8s crossfade=100ms shift=3
event:chunk chunk=26 audio=22.0s gen=1.27s2026-02-22T18:35:09.620796Z  INFO   is_first=false use_overlap=true use_timbre=true use_crossfade=false

2026-02-22T18:35:09.620800Z  INFO   DEBUG: chunk_frames=750 expected_audio_samples=2880000
2026-02-22T18:35:09.620802Z  INFO   DEBUG: context_frames=750 new_len=550 overlap=200 use_total_duration=false
2026-02-22T18:35:09.620802Z  INFO event:chunk chunk=26 audio=22.0s gen=1.27s
event:generating chunk=27
2026-02-22T18:35:09.655460Z  INFO Generating chunk (750 frames, 30.0s)...
2026-02-22T18:35:09.957362Z  INFO socket cmd: "caption dark ambient drone, slow evolving pads, deep bass rumble, cinematic"
2026-02-22T18:35:10.232794Z  INFO Diffusion (8 ODE steps): 0.58s
2026-02-22T18:35:10.678404Z  INFO VAE decode: 0.45s
2026-02-22T18:35:10.915797Z  INFO Total chunk: 1.29s
2026-02-22T18:35:10.919500Z  INFO   DEBUG: output_audio.samples=2112000 is_first=false
2026-02-22T18:35:10.919558Z  INFO === Streaming chunk 28 ===
2026-02-22T18:35:10.919561Z  INFO   caption override: dark ambient drone, slow evolving pads, deep bass rumble, cinematic
2026-02-22T18:35:10.919564Z  INFO   caption: dark ambient drone, slow evolving pads, deep bass rumble, cinematic
2026-02-22T18:35:10.919565Z  INFO   metas: - bpm: 128
- timesignature: 4/4
- keyscale: A minor
- duration: 30 seconds

2026-02-22T18:35:10.919567Z  INFO   lyrics: "la la la la la la la la\nla la la la la la la la\noh oh oh oh oh oh oh oh\noh oh oh oh oh oh oh oh"
event:chunk chunk=27 audio=22.0s gen=1.30s2026-02-22T18:35:10.919589Z  INFO   language: en

2026-02-22T18:35:10.919593Z  INFO   config: duration=30s overlap=8s crossfade=100ms shift=3
2026-02-22T18:35:10.919595Z  INFO event:chunk chunk=27 audio=22.0s gen=1.30s
2026-02-22T18:35:10.919598Z  INFO   is_first=false use_overlap=true use_timbre=true use_crossfade=false
2026-02-22T18:35:10.919600Z  INFO   DEBUG: chunk_frames=750 expected_audio_samples=2880000
2026-02-22T18:35:10.919602Z  INFO   DEBUG: context_frames=750 new_len=550 overlap=200 use_total_duration=false
event:generating chunk=28
2026-02-22T18:35:10.952099Z  INFO Generating chunk (750 frames, 30.0s)...
2026-02-22T18:35:11.522142Z  INFO Diffusion (8 ODE steps): 0.57s
2026-02-22T18:35:11.970101Z  INFO VAE decode: 0.45s
2026-02-22T18:35:12.207110Z  INFO Total chunk: 1.29s
2026-02-22T18:35:12.210726Z  INFO   DEBUG: output_audio.samples=2112000 is_first=false
2026-02-22T18:35:12.210785Z  INFO === Streaming chunk 29 ===
2026-02-22T18:35:12.210787Z  INFO   caption: dark ambient drone, slow evolving pads, deep bass rumble, cinematic
2026-02-22T18:35:12.210789Z  INFO   metas: - bpm: 128
- timesignature: 4/4
- keyscale: A minor
- duration: 30 seconds

2026-02-22T18:35:12.210791Z  INFO   lyrics: "la la la la la la la la\nla la la la la la la la\noh oh oh oh oh oh oh oh\noh oh oh oh oh oh oh oh"
2026-02-22T18:35:12.210794Z  INFO   language: en
2026-02-22T18:35:12.210796Z  INFO   config: duration=30s overlap=8s crossfade=100ms shift=3
event:chunk chunk=28 audio=22.0s gen=1.29s2026-02-22T18:35:12.210802Z  INFO   is_first=false use_overlap=true use_timbre=true use_crossfade=false

2026-02-22T18:35:12.210807Z  INFO   DEBUG: chunk_frames=750 expected_audio_samples=2880000
2026-02-22T18:35:12.210809Z  INFO   DEBUG: context_frames=750 new_len=550 overlap=200 use_total_duration=false
2026-02-22T18:35:12.210809Z  INFO event:chunk chunk=28 audio=22.0s gen=1.29s
event:generating chunk=29
2026-02-22T18:35:12.243743Z  INFO Generating chunk (750 frames, 30.0s)...
2026-02-22T18:35:12.817089Z  INFO Diffusion (8 ODE steps): 0.57s
2026-02-22T18:35:13.257777Z  INFO VAE decode: 0.44s
2026-02-22T18:35:13.493682Z  INFO Total chunk: 1.28s
2026-02-22T18:35:13.497684Z  INFO   DEBUG: output_audio.samples=2112000 is_first=false
2026-02-22T18:35:13.497766Z  INFO === Streaming chunk 30 ===
2026-02-22T18:35:13.497768Z  INFO   caption: dark ambient drone, slow evolving pads, deep bass rumble, cinematic
2026-02-22T18:35:13.497770Z  INFO   metas: - bpm: 128
- timesignature: 4/4
- keyscale: A minor
- duration: 30 seconds

2026-02-22T18:35:13.497772Z  INFO   lyrics: "la la la la la la la la\nla la la la la la la la\noh oh oh oh oh oh oh oh\noh oh oh oh oh oh oh oh"
2026-02-22T18:35:13.497775Z  INFO   language: en
event:chunk chunk=29 audio=22.0s gen=1.29s2026-02-22T18:35:13.497776Z  INFO   config: duration=30s overlap=8s crossfade=100ms shift=3

2026-02-22T18:35:13.497782Z  INFO   is_first=false use_overlap=true use_timbre=true use_crossfade=false
2026-02-22T18:35:13.497784Z  INFO   DEBUG: chunk_frames=750 expected_audio_samples=2880000
2026-02-22T18:35:13.497783Z  INFO event:chunk chunk=29 audio=22.0s gen=1.29s
2026-02-22T18:35:13.497785Z  INFO   DEBUG: context_frames=750 new_len=550 overlap=200 use_total_duration=false
event:generating chunk=30
2026-02-22T18:35:13.530936Z  INFO Generating chunk (750 frames, 30.0s)...
2026-02-22T18:35:14.095490Z  INFO Diffusion (8 ODE steps): 0.56s
2026-02-22T18:35:14.539437Z  INFO VAE decode: 0.44s
2026-02-22T18:35:14.770209Z  INFO Total chunk: 1.27s
2026-02-22T18:35:14.774227Z  INFO   DEBUG: output_audio.samples=2112000 is_first=false
2026-02-22T18:35:14.774311Z  INFO === Streaming chunk 31 ===
2026-02-22T18:35:14.774313Z  INFO   caption: dark ambient drone, slow evolving pads, deep bass rumble, cinematic
2026-02-22T18:35:14.774316Z  INFO   metas: - bpm: 128
- timesignature: 4/4
- keyscale: A minor
- duration: 30 seconds

2026-02-22T18:35:14.774317Z  INFO   lyrics: "la la la la la la la la\nla la la la la la la la\noh oh oh oh oh oh oh oh\noh oh oh oh oh oh oh oh"
2026-02-22T18:35:14.774333Z  INFO   language: en
event:chunk chunk=30 audio=22.0s gen=1.28s2026-02-22T18:35:14.774335Z  INFO   config: duration=30s overlap=8s crossfade=100ms shift=3

2026-02-22T18:35:14.774341Z  INFO   is_first=false use_overlap=true use_timbre=true use_crossfade=false
2026-02-22T18:35:14.774343Z  INFO   DEBUG: chunk_frames=750 expected_audio_samples=2880000
2026-02-22T18:35:14.774343Z  INFO event:chunk chunk=30 audio=22.0s gen=1.28s
2026-02-22T18:35:14.774345Z  INFO   DEBUG: context_frames=750 new_len=550 overlap=200 use_total_duration=false
event:generating chunk=31
2026-02-22T18:35:14.808118Z  INFO Generating chunk (750 frames, 30.0s)...
2026-02-22T18:35:15.384005Z  INFO Diffusion (8 ODE steps): 0.58s
2026-02-22T18:35:15.827607Z  INFO VAE decode: 0.44s
2026-02-22T18:35:16.064322Z  INFO Total chunk: 1.29s
2026-02-22T18:35:16.068400Z  INFO   DEBUG: output_audio.samples=2112000 is_first=false
2026-02-22T18:35:16.068466Z  INFO === Streaming chunk 32 ===
2026-02-22T18:35:16.068468Z  INFO   caption: dark ambient drone, slow evolving pads, deep bass rumble, cinematic
2026-02-22T18:35:16.068470Z  INFO   metas: - bpm: 128
- timesignature: 4/4
- keyscale: A minor
- duration: 30 seconds

2026-02-22T18:35:16.068472Z  INFO   lyrics: "la la la la la la la la\nla la la la la la la la\noh oh oh oh oh oh oh oh\noh oh oh oh oh oh oh oh"
2026-02-22T18:35:16.068475Z  INFO   language: en
2026-02-22T18:35:16.068477Z  INFO   config: duration=30s overlap=8s crossfade=100ms shift=3
event:chunk chunk=31 audio=22.0s gen=1.29s2026-02-22T18:35:16.068481Z  INFO   is_first=false use_overlap=true use_timbre=true use_crossfade=false

2026-02-22T18:35:16.068484Z  INFO   DEBUG: chunk_frames=750 expected_audio_samples=2880000
2026-02-22T18:35:16.068486Z  INFO   DEBUG: context_frames=750 new_len=550 overlap=200 use_total_duration=false
2026-02-22T18:35:16.068486Z  INFO event:chunk chunk=31 audio=22.0s gen=1.29s
event:generating chunk=32
2026-02-22T18:35:16.100688Z  INFO Generating chunk (750 frames, 30.0s)...
2026-02-22T18:35:16.664910Z  INFO Diffusion (8 ODE steps): 0.56s
2026-02-22T18:35:17.111006Z  INFO VAE decode: 0.45s
2026-02-22T18:35:17.345822Z  INFO Total chunk: 1.28s
2026-02-22T18:35:17.349620Z  INFO   DEBUG: output_audio.samples=2112000 is_first=false
2026-02-22T18:35:17.349679Z  INFO === Streaming chunk 33 ===
2026-02-22T18:35:17.349681Z  INFO   caption: dark ambient drone, slow evolving pads, deep bass rumble, cinematic
2026-02-22T18:35:17.349683Z  INFO   metas: - bpm: 128
- timesignature: 4/4
- keyscale: A minor
- duration: 30 seconds

2026-02-22T18:35:17.349686Z  INFO   lyrics: "la la la la la la la la\nla la la la la la la la\noh oh oh oh oh oh oh oh\noh oh oh oh oh oh oh oh"
2026-02-22T18:35:17.349689Z  INFO   language: en
2026-02-22T18:35:17.349690Z  INFO   config: duration=30s overlap=8s crossfade=100ms shift=3
event:chunk chunk=32 audio=22.0s gen=1.28s2026-02-22T18:35:17.349695Z  INFO   is_first=false use_overlap=true use_timbre=true use_crossfade=false

2026-02-22T18:35:17.349700Z  INFO   DEBUG: chunk_frames=750 expected_audio_samples=2880000
2026-02-22T18:35:17.349702Z  INFO   DEBUG: context_frames=750 new_len=550 overlap=200 use_total_duration=false
2026-02-22T18:35:17.349702Z  INFO event:chunk chunk=32 audio=22.0s gen=1.28s
event:generating chunk=33
2026-02-22T18:35:17.382434Z  INFO Generating chunk (750 frames, 30.0s)...
2026-02-22T18:35:17.949897Z  INFO Diffusion (8 ODE steps): 0.57s
2026-02-22T18:35:18.397873Z  INFO VAE decode: 0.45s
2026-02-22T18:35:18.634829Z  INFO Total chunk: 1.29s
2026-02-22T18:35:18.638819Z  INFO   DEBUG: output_audio.samples=2112000 is_first=false
2026-02-22T18:35:18.638891Z  INFO === Streaming chunk 34 ===
2026-02-22T18:35:18.638893Z  INFO   caption: dark ambient drone, slow evolving pads, deep bass rumble, cinematic
2026-02-22T18:35:18.638895Z  INFO   metas: - bpm: 128
- timesignature: 4/4
- keyscale: A minor
- duration: 30 seconds

2026-02-22T18:35:18.638897Z  INFO   lyrics: "la la la la la la la la\nla la la la la la la la\noh oh oh oh oh oh oh oh\noh oh oh oh oh oh oh oh"
event:chunk chunk=33 audio=22.0s gen=1.29s2026-02-22T18:35:18.638911Z  INFO   language: en

2026-02-22T18:35:18.638914Z  INFO   config: duration=30s overlap=8s crossfade=100ms shift=3
2026-02-22T18:35:18.638916Z  INFO event:chunk chunk=33 audio=22.0s gen=1.29s
2026-02-22T18:35:18.638918Z  INFO   is_first=false use_overlap=true use_timbre=true use_crossfade=false
2026-02-22T18:35:18.638921Z  INFO   DEBUG: chunk_frames=750 expected_audio_samples=2880000
2026-02-22T18:35:18.638922Z  INFO   DEBUG: context_frames=750 new_len=550 overlap=200 use_total_duration=false
event:generating chunk=34
2026-02-22T18:35:18.670688Z  INFO Generating chunk (750 frames, 30.0s)...
2026-02-22T18:35:19.244515Z  INFO Diffusion (8 ODE steps): 0.57s
2026-02-22T18:35:19.713482Z  INFO VAE decode: 0.47s
2026-02-22T18:35:19.954117Z  INFO Total chunk: 1.32s
2026-02-22T18:35:19.958035Z  INFO   DEBUG: output_audio.samples=2112000 is_first=false
2026-02-22T18:35:19.960031Z  INFO === Streaming chunk 35 ===
2026-02-22T18:35:19.960036Z  INFO   caption: dark ambient drone, slow evolving pads, deep bass rumble, cinematic
2026-02-22T18:35:19.960038Z  INFO   metas: - bpm: 128
- timesignature: 4/4
- keyscale: A minor
- duration: 30 seconds

2026-02-22T18:35:19.960041Z  INFO   lyrics: "la la la la la la la la\nla la la la la la la la\noh oh oh oh oh oh oh oh\noh oh oh oh oh oh oh oh"
event:chunk chunk=34 audio=22.0s gen=1.32s2026-02-22T18:35:19.960044Z  INFO   language: en

2026-02-22T18:35:19.960048Z  INFO   config: duration=30s overlap=8s crossfade=100ms shift=3
2026-02-22T18:35:19.960049Z  INFO event:chunk chunk=34 audio=22.0s gen=1.32s
2026-02-22T18:35:19.960052Z  INFO   is_first=false use_overlap=true use_timbre=true use_crossfade=false
2026-02-22T18:35:19.960054Z  INFO   DEBUG: chunk_frames=750 expected_audio_samples=2880000
2026-02-22T18:35:19.960057Z  INFO   DEBUG: context_frames=750 new_len=550 overlap=200 use_total_duration=false
event:generating chunk=35
2026-02-22T18:35:19.994236Z  INFO Generating chunk (750 frames, 30.0s)...
2026-02-22T18:35:20.571673Z  INFO Diffusion (8 ODE steps): 0.58s
2026-02-22T18:35:21.022359Z  INFO VAE decode: 0.45s
2026-02-22T18:35:21.262458Z  INFO Total chunk: 1.30s
2026-02-22T18:35:21.266481Z  INFO   DEBUG: output_audio.samples=2112000 is_first=false
2026-02-22T18:35:21.266556Z  INFO === Streaming chunk 36 ===
2026-02-22T18:35:21.266559Z  INFO   caption: dark ambient drone, slow evolving pads, deep bass rumble, cinematic
2026-02-22T18:35:21.266560Z  INFO   metas: - bpm: 128
- timesignature: 4/4
- keyscale: A minor
- duration: 30 seconds

2026-02-22T18:35:21.266562Z  INFO   lyrics: "la la la la la la la la\nla la la la la la la la\noh oh oh oh oh oh oh oh\noh oh oh oh oh oh oh oh"
2026-02-22T18:35:21.266565Z  INFO   language: en
event:chunk chunk=35 audio=22.0s gen=1.31s2026-02-22T18:35:21.266567Z  INFO   config: duration=30s overlap=8s crossfade=100ms shift=3

2026-02-22T18:35:21.266587Z  INFO   is_first=false use_overlap=true use_timbre=true use_crossfade=false
2026-02-22T18:35:21.266588Z  INFO event:chunk chunk=35 audio=22.0s gen=1.31s
2026-02-22T18:35:21.266591Z  INFO   DEBUG: chunk_frames=750 expected_audio_samples=2880000
2026-02-22T18:35:21.266593Z  INFO   DEBUG: context_frames=750 new_len=550 overlap=200 use_total_duration=false
event:generating chunk=36
2026-02-22T18:35:21.298608Z  INFO Generating chunk (750 frames, 30.0s)...
2026-02-22T18:35:21.867108Z  INFO Diffusion (8 ODE steps): 0.57s
2026-02-22T18:35:22.318797Z  INFO VAE decode: 0.45s
2026-02-22T18:35:22.555707Z  INFO Total chunk: 1.29s
2026-02-22T18:35:22.559955Z  INFO   DEBUG: output_audio.samples=2112000 is_first=false
2026-02-22T18:35:22.560050Z  INFO === Streaming chunk 37 ===
2026-02-22T18:35:22.560052Z  INFO   caption: dark ambient drone, slow evolving pads, deep bass rumble, cinematic
2026-02-22T18:35:22.560054Z  INFO   metas: - bpm: 128
- timesignature: 4/4
- keyscale: A minor
- duration: 30 seconds

2026-02-22T18:35:22.560056Z  INFO   lyrics: "la la la la la la la la\nla la la la la la la la\noh oh oh oh oh oh oh oh\noh oh oh oh oh oh oh oh"
event:chunk chunk=36 audio=22.0s gen=1.29s2026-02-22T18:35:22.560074Z  INFO   language: en

2026-02-22T18:35:22.560077Z  INFO   config: duration=30s overlap=8s crossfade=100ms shift=3
2026-02-22T18:35:22.560079Z  INFO event:chunk chunk=36 audio=22.0s gen=1.29s
2026-02-22T18:35:22.560082Z  INFO   is_first=false use_overlap=true use_timbre=true use_crossfade=false
2026-02-22T18:35:22.560084Z  INFO   DEBUG: chunk_frames=750 expected_audio_samples=2880000
2026-02-22T18:35:22.560086Z  INFO   DEBUG: context_frames=750 new_len=550 overlap=200 use_total_duration=false
event:generating chunk=37
2026-02-22T18:35:22.593233Z  INFO Generating chunk (750 frames, 30.0s)...
2026-02-22T18:35:23.164565Z  INFO Diffusion (8 ODE steps): 0.57s
2026-02-22T18:35:23.611785Z  INFO VAE decode: 0.45s
2026-02-22T18:35:23.848719Z  INFO Total chunk: 1.29s
2026-02-22T18:35:23.853065Z  INFO   DEBUG: output_audio.samples=2112000 is_first=false
2026-02-22T18:35:23.853153Z  INFO === Streaming chunk 38 ===
2026-02-22T18:35:23.853157Z  INFO   caption: dark ambient drone, slow evolving pads, deep bass rumble, cinematic
2026-02-22T18:35:23.853159Z  INFO   metas: - bpm: 128
- timesignature: 4/4
- keyscale: A minor
- duration: 30 seconds

2026-02-22T18:35:23.853161Z  INFO   lyrics: "la la la la la la la la\nla la la la la la la la\noh oh oh oh oh oh oh oh\noh oh oh oh oh oh oh oh"
2026-02-22T18:35:23.853165Z  INFO   language: en
event:chunk chunk=37 audio=22.0s gen=1.29s2026-02-22T18:35:23.853167Z  INFO   config: duration=30s overlap=8s crossfade=100ms shift=3

2026-02-22T18:35:23.853175Z  INFO   is_first=false use_overlap=true use_timbre=true use_crossfade=false
2026-02-22T18:35:23.853177Z  INFO   DEBUG: chunk_frames=750 expected_audio_samples=2880000
2026-02-22T18:35:23.853176Z  INFO event:chunk chunk=37 audio=22.0s gen=1.29s
2026-02-22T18:35:23.853179Z  INFO   DEBUG: context_frames=750 new_len=550 overlap=200 use_total_duration=false
event:generating chunk=38
2026-02-22T18:35:23.887009Z  INFO Generating chunk (750 frames, 30.0s)...
2026-02-22T18:35:24.460554Z  INFO Diffusion (8 ODE steps): 0.57s
2026-02-22T18:35:24.913996Z  INFO VAE decode: 0.45s
2026-02-22T18:35:25.155818Z  INFO Total chunk: 1.30s
2026-02-22T18:35:25.159782Z  INFO   DEBUG: output_audio.samples=2112000 is_first=false
2026-02-22T18:35:25.159849Z  INFO === Streaming chunk 39 ===
2026-02-22T18:35:25.159852Z  INFO   caption: dark ambient drone, slow evolving pads, deep bass rumble, cinematic
2026-02-22T18:35:25.159854Z  INFO   metas: - bpm: 128
- timesignature: 4/4
- keyscale: A minor
- duration: 30 seconds

2026-02-22T18:35:25.159856Z  INFO   lyrics: "la la la la la la la la\nla la la la la la la la\noh oh oh oh oh oh oh oh\noh oh oh oh oh oh oh oh"
2026-02-22T18:35:25.159859Z  INFO   language: en
event:chunk chunk=38 audio=22.0s gen=1.31s2026-02-22T18:35:25.159861Z  INFO   config: duration=30s overlap=8s crossfade=100ms shift=3

2026-02-22T18:35:25.159866Z  INFO   is_first=false use_overlap=true use_timbre=true use_crossfade=false
2026-02-22T18:35:25.159868Z  INFO   DEBUG: chunk_frames=750 expected_audio_samples=2880000
2026-02-22T18:35:25.159868Z  INFO event:chunk chunk=38 audio=22.0s gen=1.31s
2026-02-22T18:35:25.159870Z  INFO   DEBUG: context_frames=750 new_len=550 overlap=200 use_total_duration=false
event:generating chunk=39
2026-02-22T18:35:25.192865Z  INFO Generating chunk (750 frames, 30.0s)...
2026-02-22T18:35:25.772502Z  INFO Diffusion (8 ODE steps): 0.58s
2026-02-22T18:35:26.222203Z  INFO VAE decode: 0.45s
2026-02-22T18:35:26.455102Z  INFO Total chunk: 1.30s
2026-02-22T18:35:26.459107Z  INFO   DEBUG: output_audio.samples=2112000 is_first=false
2026-02-22T18:35:26.459183Z  INFO === Streaming chunk 40 ===
2026-02-22T18:35:26.459185Z  INFO   caption: dark ambient drone, slow evolving pads, deep bass rumble, cinematic
2026-02-22T18:35:26.459187Z  INFO   metas: - bpm: 128
- timesignature: 4/4
- keyscale: A minor
- duration: 30 seconds

2026-02-22T18:35:26.459189Z  INFO   lyrics: "la la la la la la la la\nla la la la la la la la\noh oh oh oh oh oh oh oh\noh oh oh oh oh oh oh oh"
event:chunk chunk=39 audio=22.0s gen=1.30s2026-02-22T18:35:26.459205Z  INFO   language: en

2026-02-22T18:35:26.459209Z  INFO   config: duration=30s overlap=8s crossfade=100ms shift=3
2026-02-22T18:35:26.459210Z  INFO event:chunk chunk=39 audio=22.0s gen=1.30s
2026-02-22T18:35:26.459213Z  INFO   is_first=false use_overlap=true use_timbre=true use_crossfade=false
2026-02-22T18:35:26.459215Z  INFO   DEBUG: chunk_frames=750 expected_audio_samples=2880000
2026-02-22T18:35:26.459217Z  INFO   DEBUG: context_frames=750 new_len=550 overlap=200 use_total_duration=false
event:generating chunk=40
2026-02-22T18:35:26.492163Z  INFO Generating chunk (750 frames, 30.0s)...
2026-02-22T18:35:27.069447Z  INFO Diffusion (8 ODE steps): 0.58s
2026-02-22T18:35:27.526918Z  INFO VAE decode: 0.46s
2026-02-22T18:35:27.766378Z  INFO Total chunk: 1.31s
2026-02-22T18:35:27.770048Z  INFO   DEBUG: output_audio.samples=2112000 is_first=false
2026-02-22T18:35:27.770114Z  INFO === Streaming chunk 41 ===
2026-02-22T18:35:27.770117Z  INFO   caption: dark ambient drone, slow evolving pads, deep bass rumble, cinematic
2026-02-22T18:35:27.770119Z  INFO   metas: - bpm: 128
- timesignature: 4/4
- keyscale: A minor
- duration: 30 seconds

2026-02-22T18:35:27.770121Z  INFO   lyrics: "la la la la la la la la\nla la la la la la la la\noh oh oh oh oh oh oh oh\noh oh oh oh oh oh oh oh"
2026-02-22T18:35:27.770124Z  INFO   language: en
2026-02-22T18:35:27.770126Z  INFO   config: duration=30s overlap=8s crossfade=100ms shift=3
event:chunk chunk=40 audio=22.0s gen=1.31s2026-02-22T18:35:27.770130Z  INFO   is_first=false use_overlap=true use_timbre=true use_crossfade=false

2026-02-22T18:35:27.770135Z  INFO   DEBUG: chunk_frames=750 expected_audio_samples=2880000
2026-02-22T18:35:27.770137Z  INFO   DEBUG: context_frames=750 new_len=550 overlap=200 use_total_duration=false
2026-02-22T18:35:27.770136Z  INFO event:chunk chunk=40 audio=22.0s gen=1.31s
event:generating chunk=41
2026-02-22T18:35:27.802324Z  INFO Generating chunk (750 frames, 30.0s)...
2026-02-22T18:35:28.372976Z  INFO Diffusion (8 ODE steps): 0.57s
2026-02-22T18:35:28.830845Z  INFO VAE decode: 0.46s
2026-02-22T18:35:29.073336Z  INFO Total chunk: 1.30s
2026-02-22T18:35:29.074695Z  INFO   DEBUG: output_audio.samples=2112000 is_first=false
2026-02-22T18:35:29.074751Z  INFO === Streaming chunk 42 ===
2026-02-22T18:35:29.074753Z  INFO   caption: dark ambient drone, slow evolving pads, deep bass rumble, cinematic
2026-02-22T18:35:29.074755Z  INFO   metas: - bpm: 128
- timesignature: 4/4
- keyscale: A minor
- duration: 30 seconds

2026-02-22T18:35:29.074757Z  INFO   lyrics: "la la la la la la la la\nla la la la la la la la\noh oh oh oh oh oh oh oh\noh oh oh oh oh oh oh oh"
2026-02-22T18:35:29.074761Z  INFO   language: en
2026-02-22T18:35:29.074762Z  INFO   config: duration=30s overlap=8s crossfade=100ms shift=3
2026-02-22T18:35:29.074766Z  INFO   is_first=false use_overlap=true use_timbre=true use_crossfade=false
event:chunk chunk=41 audio=22.0s gen=1.30s2026-02-22T18:35:29.074768Z  INFO   DEBUG: chunk_frames=750 expected_audio_samples=2880000

2026-02-22T18:35:29.074772Z  INFO   DEBUG: context_frames=750 new_len=550 overlap=200 use_total_duration=false
2026-02-22T18:35:29.074774Z  INFO event:chunk chunk=41 audio=22.0s gen=1.30s
event:generating chunk=42
2026-02-22T18:35:29.106592Z  INFO Generating chunk (750 frames, 30.0s)...
2026-02-22T18:35:29.677587Z  INFO Diffusion (8 ODE steps): 0.57s
2026-02-22T18:35:30.126387Z  INFO VAE decode: 0.45s
2026-02-22T18:35:30.367557Z  INFO Total chunk: 1.29s
2026-02-22T18:35:30.371801Z  INFO   DEBUG: output_audio.samples=2112000 is_first=false
2026-02-22T18:35:30.371866Z  INFO === Streaming chunk 43 ===
2026-02-22T18:35:30.371869Z  INFO   caption: dark ambient drone, slow evolving pads, deep bass rumble, cinematic
2026-02-22T18:35:30.371871Z  INFO   metas: - bpm: 128
- timesignature: 4/4
- keyscale: A minor
- duration: 30 seconds

2026-02-22T18:35:30.371874Z  INFO   lyrics: "la la la la la la la la\nla la la la la la la la\noh oh oh oh oh oh oh oh\noh oh oh oh oh oh oh oh"
event:chunk chunk=42 audio=22.0s gen=1.30s2026-02-22T18:35:30.371888Z  INFO   language: en

2026-02-22T18:35:30.371892Z  INFO   config: duration=30s overlap=8s crossfade=100ms shift=3
2026-02-22T18:35:30.371894Z  INFO event:chunk chunk=42 audio=22.0s gen=1.30s
2026-02-22T18:35:30.371897Z  INFO   is_first=false use_overlap=true use_timbre=true use_crossfade=false
2026-02-22T18:35:30.371899Z  INFO   DEBUG: chunk_frames=750 expected_audio_samples=2880000
2026-02-22T18:35:30.371901Z  INFO   DEBUG: context_frames=750 new_len=550 overlap=200 use_total_duration=false
event:generating chunk=43
2026-02-22T18:35:30.404498Z  INFO Generating chunk (750 frames, 30.0s)...
2026-02-22T18:35:30.973429Z  INFO Diffusion (8 ODE steps): 0.57s
2026-02-22T18:35:31.423392Z  INFO VAE decode: 0.45s
2026-02-22T18:35:31.660791Z  INFO Total chunk: 1.29s
2026-02-22T18:35:31.664539Z  INFO   DEBUG: output_audio.samples=2112000 is_first=false
2026-02-22T18:35:31.664635Z  INFO === Streaming chunk 44 ===
2026-02-22T18:35:31.664640Z  INFO   caption: dark ambient drone, slow evolving pads, deep bass rumble, cinematic
2026-02-22T18:35:31.664642Z  INFO   metas: - bpm: 128
- timesignature: 4/4
- keyscale: A minor
- duration: 30 seconds

2026-02-22T18:35:31.664644Z  INFO   lyrics: "la la la la la la la la\nla la la la la la la la\noh oh oh oh oh oh oh oh\noh oh oh oh oh oh oh oh"
2026-02-22T18:35:31.664648Z  INFO   language: en
2026-02-22T18:35:31.664650Z  INFO   config: duration=30s overlap=8s crossfade=100ms shift=3
2026-02-22T18:35:31.664657Z  INFO   is_first=false use_overlap=true use_timbre=true use_crossfade=false
event:chunk chunk=43 audio=22.0s gen=1.29s2026-02-22T18:35:31.664659Z  INFO   DEBUG: chunk_frames=750 expected_audio_samples=2880000

2026-02-22T18:35:31.664662Z  INFO   DEBUG: context_frames=750 new_len=550 overlap=200 use_total_duration=false
2026-02-22T18:35:31.664664Z  INFO event:chunk chunk=43 audio=22.0s gen=1.29s
event:generating chunk=44
2026-02-22T18:35:31.696852Z  INFO Generating chunk (750 frames, 30.0s)...
2026-02-22T18:35:32.265388Z  INFO Diffusion (8 ODE steps): 0.57s
2026-02-22T18:35:32.723937Z  INFO VAE decode: 0.46s
2026-02-22T18:35:32.959003Z  INFO Total chunk: 1.29s
2026-02-22T18:35:32.962788Z  INFO   DEBUG: output_audio.samples=2112000 is_first=false
2026-02-22T18:35:32.962879Z  INFO === Streaming chunk 45 ===
2026-02-22T18:35:32.962882Z  INFO   caption: dark ambient drone, slow evolving pads, deep bass rumble, cinematic
2026-02-22T18:35:32.962884Z  INFO   metas: - bpm: 128
- timesignature: 4/4
- keyscale: A minor
- duration: 30 seconds

2026-02-22T18:35:32.962886Z  INFO   lyrics: "la la la la la la la la\nla la la la la la la la\noh oh oh oh oh oh oh oh\noh oh oh oh oh oh oh oh"
2026-02-22T18:35:32.962890Z  INFO   language: en
2026-02-22T18:35:32.962891Z  INFO   config: duration=30s overlap=8s crossfade=100ms shift=3
event:chunk chunk=44 audio=22.0s gen=1.30s2026-02-22T18:35:32.962898Z  INFO   is_first=false use_overlap=true use_timbre=true use_crossfade=false

2026-02-22T18:35:32.962903Z  INFO   DEBUG: chunk_frames=750 expected_audio_samples=2880000
2026-02-22T18:35:32.962905Z  INFO   DEBUG: context_frames=750 new_len=550 overlap=200 use_total_duration=false
2026-02-22T18:35:32.962905Z  INFO event:chunk chunk=44 audio=22.0s gen=1.30s
event:generating chunk=45
2026-02-22T18:35:32.994812Z  INFO Generating chunk (750 frames, 30.0s)...
2026-02-22T18:35:33.566503Z  INFO Diffusion (8 ODE steps): 0.57s
2026-02-22T18:35:34.015462Z  INFO VAE decode: 0.45s
2026-02-22T18:35:34.252555Z  INFO Total chunk: 1.29s
2026-02-22T18:35:34.256339Z  INFO   DEBUG: output_audio.samples=2112000 is_first=false
2026-02-22T18:35:34.256410Z  INFO === Streaming chunk 46 ===
2026-02-22T18:35:34.256412Z  INFO   caption: dark ambient drone, slow evolving pads, deep bass rumble, cinematic
2026-02-22T18:35:34.256414Z  INFO   metas: - bpm: 128
- timesignature: 4/4
- keyscale: A minor
- duration: 30 seconds

2026-02-22T18:35:34.256416Z  INFO   lyrics: "la la la la la la la la\nla la la la la la la la\noh oh oh oh oh oh oh oh\noh oh oh oh oh oh oh oh"
event:chunk chunk=45 audio=22.0s gen=1.29s2026-02-22T18:35:34.256431Z  INFO   language: en

2026-02-22T18:35:34.256434Z  INFO   config: duration=30s overlap=8s crossfade=100ms shift=3
2026-02-22T18:35:34.256438Z  INFO   is_first=false use_overlap=true use_timbre=true use_crossfade=false
2026-02-22T18:35:34.256436Z  INFO event:chunk chunk=45 audio=22.0s gen=1.29s
2026-02-22T18:35:34.256440Z  INFO   DEBUG: chunk_frames=750 expected_audio_samples=2880000
2026-02-22T18:35:34.256442Z  INFO   DEBUG: context_frames=750 new_len=550 overlap=200 use_total_duration=false
event:generating chunk=46
2026-02-22T18:35:34.288972Z  INFO Generating chunk (750 frames, 30.0s)...
2026-02-22T18:35:34.859603Z  INFO Diffusion (8 ODE steps): 0.57s
2026-02-22T18:35:35.314276Z  INFO VAE decode: 0.45s
2026-02-22T18:35:35.553643Z  INFO Total chunk: 1.30s
2026-02-22T18:35:35.557821Z  INFO   DEBUG: output_audio.samples=2112000 is_first=false
2026-02-22T18:35:35.557926Z  INFO === Streaming chunk 47 ===
2026-02-22T18:35:35.557929Z  INFO   caption: dark ambient drone, slow evolving pads, deep bass rumble, cinematic
2026-02-22T18:35:35.557933Z  INFO   metas: - bpm: 128
- timesignature: 4/4
- keyscale: A minor
- duration: 30 seconds

2026-02-22T18:35:35.557936Z  INFO   lyrics: "la la la la la la la la\nla la la la la la la la\noh oh oh oh oh oh oh oh\noh oh oh oh oh oh oh oh"
2026-02-22T18:35:35.557942Z  INFO   language: en
2026-02-22T18:35:35.557945Z  INFO   config: duration=30s overlap=8s crossfade=100ms shift=3
2026-02-22T18:35:35.557951Z  INFO   is_first=false use_overlap=true use_timbre=true use_crossfade=false
event:chunk chunk=46 audio=22.0s gen=1.30s2026-02-22T18:35:35.557954Z  INFO   DEBUG: chunk_frames=750 expected_audio_samples=2880000

2026-02-22T18:35:35.557969Z  INFO   DEBUG: context_frames=750 new_len=550 overlap=200 use_total_duration=false
2026-02-22T18:35:35.557972Z  INFO event:chunk chunk=46 audio=22.0s gen=1.30s
event:generating chunk=47
2026-02-22T18:35:35.591732Z  INFO Generating chunk (750 frames, 30.0s)...
2026-02-22T18:35:36.160784Z  INFO Diffusion (8 ODE steps): 0.57s
2026-02-22T18:35:36.610659Z  INFO VAE decode: 0.45s
2026-02-22T18:35:36.846717Z  INFO Total chunk: 1.29s
2026-02-22T18:35:36.850560Z  INFO   DEBUG: output_audio.samples=2112000 is_first=false
2026-02-22T18:35:36.850640Z  INFO === Streaming chunk 48 ===
2026-02-22T18:35:36.850643Z  INFO   caption: dark ambient drone, slow evolving pads, deep bass rumble, cinematic
2026-02-22T18:35:36.850646Z  INFO   metas: - bpm: 128
- timesignature: 4/4
- keyscale: A minor
- duration: 30 seconds

2026-02-22T18:35:36.850649Z  INFO   lyrics: "la la la la la la la la\nla la la la la la la la\noh oh oh oh oh oh oh oh\noh oh oh oh oh oh oh oh"
2026-02-22T18:35:36.850653Z  INFO   language: en
2026-02-22T18:35:36.850656Z  INFO   config: duration=30s overlap=8s crossfade=100ms shift=3
event:chunk chunk=47 audio=22.0s gen=1.29s2026-02-22T18:35:36.850661Z  INFO   is_first=false use_overlap=true use_timbre=true use_crossfade=false

2026-02-22T18:35:36.850671Z  INFO   DEBUG: chunk_frames=750 expected_audio_samples=2880000
2026-02-22T18:35:36.850675Z  INFO   DEBUG: context_frames=750 new_len=550 overlap=200 use_total_duration=false
2026-02-22T18:35:36.850675Z  INFO event:chunk chunk=47 audio=22.0s gen=1.29s
event:generating chunk=48
2026-02-22T18:35:36.881602Z  INFO Generating chunk (750 frames, 30.0s)...
2026-02-22T18:35:37.435239Z  INFO Diffusion (8 ODE steps): 0.55s
2026-02-22T18:35:37.902307Z  INFO VAE decode: 0.47s
2026-02-22T18:35:38.141993Z  INFO Total chunk: 1.29s
2026-02-22T18:35:38.145814Z  INFO   DEBUG: output_audio.samples=2112000 is_first=false
2026-02-22T18:35:38.145884Z  INFO === Streaming chunk 49 ===
2026-02-22T18:35:38.145888Z  INFO   caption: dark ambient drone, slow evolving pads, deep bass rumble, cinematic
2026-02-22T18:35:38.145895Z  INFO   metas: - bpm: 128
- timesignature: 4/4
- keyscale: A minor
- duration: 30 seconds

2026-02-22T18:35:38.145898Z  INFO   lyrics: "la la la la la la la la\nla la la la la la la la\noh oh oh oh oh oh oh oh\noh oh oh oh oh oh oh oh"
2026-02-22T18:35:38.145902Z  INFO   language: en
event:chunk chunk=48 audio=22.0s gen=1.30s
2026-02-22T18:35:38.145916Z  INFO   config: duration=30s overlap=8s crossfade=100ms shift=3
2026-02-22T18:35:38.145920Z  INFO event:chunk chunk=48 audio=22.0s gen=1.30s
2026-02-22T18:35:38.145921Z  INFO   is_first=false use_overlap=true use_timbre=true use_crossfade=false
2026-02-22T18:35:38.145924Z  INFO   DEBUG: chunk_frames=750 expected_audio_samples=2880000
2026-02-22T18:35:38.145927Z  INFO   DEBUG: context_frames=750 new_len=550 overlap=200 use_total_duration=false
event:generating chunk=49
2026-02-22T18:35:38.178362Z  INFO Generating chunk (750 frames, 30.0s)...
2026-02-22T18:35:38.741360Z  INFO Diffusion (8 ODE steps): 0.56s
2026-02-22T18:35:39.185659Z  INFO VAE decode: 0.44s
2026-02-22T18:35:39.417265Z  INFO Total chunk: 1.27s
2026-02-22T18:35:39.421484Z  INFO   DEBUG: output_audio.samples=2112000 is_first=false
2026-02-22T18:35:39.423183Z  INFO === Streaming chunk 50 ===
2026-02-22T18:35:39.423187Z  INFO   caption: dark ambient drone, slow evolving pads, deep bass rumble, cinematic
2026-02-22T18:35:39.423189Z  INFO   metas: - bpm: 128
- timesignature: 4/4
- keyscale: A minor
- duration: 30 seconds

2026-02-22T18:35:39.423191Z  INFO   lyrics: "la la la la la la la la\nla la la la la la la la\noh oh oh oh oh oh oh oh\noh oh oh oh oh oh oh oh"
2026-02-22T18:35:39.423194Z  INFO   language: en
2026-02-22T18:35:39.423196Z  INFO   config: duration=30s overlap=8s crossfade=100ms shift=3
event:chunk chunk=49 audio=22.0s gen=1.28s2026-02-22T18:35:39.423200Z  INFO   is_first=false use_overlap=true use_timbre=true use_crossfade=false

2026-02-22T18:35:39.423204Z  INFO   DEBUG: chunk_frames=750 expected_audio_samples=2880000
2026-02-22T18:35:39.423206Z  INFO   DEBUG: context_frames=750 new_len=550 overlap=200 use_total_duration=false
2026-02-22T18:35:39.423206Z  INFO event:chunk chunk=49 audio=22.0s gen=1.28s
event:generating chunk=50
2026-02-22T18:35:39.456078Z  INFO Generating chunk (750 frames, 30.0s)...
2026-02-22T18:35:40.029554Z  INFO Diffusion (8 ODE steps): 0.57s
2026-02-22T18:35:40.483930Z  INFO VAE decode: 0.45s
2026-02-22T18:35:40.721752Z  INFO Total chunk: 1.30s
2026-02-22T18:35:40.726277Z  INFO   DEBUG: output_audio.samples=2112000 is_first=false
2026-02-22T18:35:40.726356Z  INFO === Streaming chunk 51 ===
2026-02-22T18:35:40.726359Z  INFO   caption: dark ambient drone, slow evolving pads, deep bass rumble, cinematic
2026-02-22T18:35:40.726361Z  INFO   metas: - bpm: 128
- timesignature: 4/4
- keyscale: A minor
- duration: 30 seconds

2026-02-22T18:35:40.726363Z  INFO   lyrics: "la la la la la la la la\nla la la la la la la la\noh oh oh oh oh oh oh oh\noh oh oh oh oh oh oh oh"
2026-02-22T18:35:40.726367Z  INFO   language: en
2026-02-22T18:35:40.726368Z  INFO   config: duration=30s overlap=8s crossfade=100ms shift=3
event:chunk chunk=50 audio=22.0s gen=1.30s2026-02-22T18:35:40.726375Z  INFO   is_first=false use_overlap=true use_timbre=true use_crossfade=false

2026-02-22T18:35:40.726380Z  INFO   DEBUG: chunk_frames=750 expected_audio_samples=2880000
2026-02-22T18:35:40.726382Z  INFO   DEBUG: context_frames=750 new_len=550 overlap=200 use_total_duration=false
2026-02-22T18:35:40.726382Z  INFO event:chunk chunk=50 audio=22.0s gen=1.30s
event:generating chunk=51
2026-02-22T18:35:40.759249Z  INFO Generating chunk (750 frames, 30.0s)...
2026-02-22T18:35:41.335805Z  INFO Diffusion (8 ODE steps): 0.58s
2026-02-22T18:35:41.793748Z  INFO VAE decode: 0.46s
2026-02-22T18:35:42.036758Z  INFO Total chunk: 1.31s
2026-02-22T18:35:42.040668Z  INFO   DEBUG: output_audio.samples=2112000 is_first=false
2026-02-22T18:35:42.040738Z  INFO === Streaming chunk 52 ===
2026-02-22T18:35:42.040740Z  INFO   caption: dark ambient drone, slow evolving pads, deep bass rumble, cinematic
2026-02-22T18:35:42.040742Z  INFO   metas: - bpm: 128
- timesignature: 4/4
- keyscale: A minor
- duration: 30 seconds

2026-02-22T18:35:42.040744Z  INFO   lyrics: "la la la la la la la la\nla la la la la la la la\noh oh oh oh oh oh oh oh\noh oh oh oh oh oh oh oh"
2026-02-22T18:35:42.040748Z  INFO   language: en
event:chunk chunk=51 audio=22.0s gen=1.31s2026-02-22T18:35:42.040761Z  INFO   config: duration=30s overlap=8s crossfade=100ms shift=3

2026-02-22T18:35:42.040769Z  INFO   is_first=false use_overlap=true use_timbre=true use_crossfade=false
2026-02-22T18:35:42.040771Z  INFO   DEBUG: chunk_frames=750 expected_audio_samples=2880000
2026-02-22T18:35:42.040773Z  INFO   DEBUG: context_frames=750 new_len=550 overlap=200 use_total_duration=false
2026-02-22T18:35:42.040773Z  INFO event:chunk chunk=51 audio=22.0s gen=1.31s
event:generating chunk=52
2026-02-22T18:35:42.074707Z  INFO Generating chunk (750 frames, 30.0s)...
2026-02-22T18:35:42.647209Z  INFO Diffusion (8 ODE steps): 0.57s
2026-02-22T18:35:43.105142Z  INFO VAE decode: 0.46s
2026-02-22T18:35:43.348135Z  INFO Total chunk: 1.31s
2026-02-22T18:35:43.351989Z  INFO   DEBUG: output_audio.samples=2112000 is_first=false
2026-02-22T18:35:43.352046Z  INFO === Streaming chunk 53 ===
2026-02-22T18:35:43.352048Z  INFO   caption: dark ambient drone, slow evolving pads, deep bass rumble, cinematic
2026-02-22T18:35:43.352051Z  INFO   metas: - bpm: 128
- timesignature: 4/4
- keyscale: A minor
- duration: 30 seconds

2026-02-22T18:35:43.352053Z  INFO   lyrics: "la la la la la la la la\nla la la la la la la la\noh oh oh oh oh oh oh oh\noh oh oh oh oh oh oh oh"
2026-02-22T18:35:43.352056Z  INFO   language: en
2026-02-22T18:35:43.352057Z  INFO   config: duration=30s overlap=8s crossfade=100ms shift=3
2026-02-22T18:35:43.352063Z  INFO   is_first=false use_overlap=true use_timbre=true use_crossfade=false
event:chunk chunk=52 audio=22.0s gen=1.31s2026-02-22T18:35:43.352065Z  INFO   DEBUG: chunk_frames=750 expected_audio_samples=2880000

2026-02-22T18:35:43.352068Z  INFO   DEBUG: context_frames=750 new_len=550 overlap=200 use_total_duration=false
2026-02-22T18:35:43.352070Z  INFO event:chunk chunk=52 audio=22.0s gen=1.31s
event:generating chunk=53
2026-02-22T18:35:43.384438Z  INFO Generating chunk (750 frames, 30.0s)...
2026-02-22T18:35:43.957650Z  INFO Diffusion (8 ODE steps): 0.57s
2026-02-22T18:35:44.424154Z  INFO VAE decode: 0.47s
2026-02-22T18:35:44.660269Z  INFO Total chunk: 1.31s
2026-02-22T18:35:44.664096Z  INFO   DEBUG: output_audio.samples=2112000 is_first=false
2026-02-22T18:35:44.664161Z  INFO === Streaming chunk 54 ===
2026-02-22T18:35:44.664163Z  INFO   caption: dark ambient drone, slow evolving pads, deep bass rumble, cinematic
2026-02-22T18:35:44.664165Z  INFO   metas: - bpm: 128
- timesignature: 4/4
- keyscale: A minor
- duration: 30 seconds

2026-02-22T18:35:44.664167Z  INFO   lyrics: "la la la la la la la la\nla la la la la la la la\noh oh oh oh oh oh oh oh\noh oh oh oh oh oh oh oh"
2026-02-22T18:35:44.664170Z  INFO   language: en
2026-02-22T18:35:44.664172Z  INFO   config: duration=30s overlap=8s crossfade=100ms shift=3
2026-02-22T18:35:44.664176Z  INFO   is_first=false use_overlap=true use_timbre=true use_crossfade=false
event:chunk chunk=53 audio=22.0s gen=1.31s2026-02-22T18:35:44.664178Z  INFO   DEBUG: chunk_frames=750 expected_audio_samples=2880000

2026-02-22T18:35:44.664182Z  INFO   DEBUG: context_frames=750 new_len=550 overlap=200 use_total_duration=false
2026-02-22T18:35:44.664184Z  INFO event:chunk chunk=53 audio=22.0s gen=1.31s
event:generating chunk=54
2026-02-22T18:35:44.696679Z  INFO Generating chunk (750 frames, 30.0s)...
2026-02-22T18:35:45.267806Z  INFO Diffusion (8 ODE steps): 0.57s
2026-02-22T18:35:45.724045Z  INFO VAE decode: 0.46s
2026-02-22T18:35:45.961182Z  INFO Total chunk: 1.30s
2026-02-22T18:35:45.965216Z  INFO   DEBUG: output_audio.samples=2112000 is_first=false
2026-02-22T18:35:45.965294Z  INFO === Streaming chunk 55 ===
2026-02-22T18:35:45.965296Z  INFO   caption: dark ambient drone, slow evolving pads, deep bass rumble, cinematic
2026-02-22T18:35:45.965298Z  INFO   metas: - bpm: 128
- timesignature: 4/4
- keyscale: A minor
- duration: 30 seconds

2026-02-22T18:35:45.965300Z  INFO   lyrics: "la la la la la la la la\nla la la la la la la la\noh oh oh oh oh oh oh oh\noh oh oh oh oh oh oh oh"
2026-02-22T18:35:45.965304Z  INFO   language: en
event:chunk chunk=54 audio=22.0s gen=1.30s2026-02-22T18:35:45.965322Z  INFO   config: duration=30s overlap=8s crossfade=100ms shift=3

2026-02-22T18:35:45.965326Z  INFO   is_first=false use_overlap=true use_timbre=true use_crossfade=false
2026-02-22T18:35:45.965328Z  INFO   DEBUG: chunk_frames=750 expected_audio_samples=2880000
2026-02-22T18:35:45.965328Z  INFO event:chunk chunk=54 audio=22.0s gen=1.30s
2026-02-22T18:35:45.965331Z  INFO   DEBUG: context_frames=750 new_len=550 overlap=200 use_total_duration=false
event:generating chunk=55
2026-02-22T18:35:45.998279Z  INFO Generating chunk (750 frames, 30.0s)...
2026-02-22T18:35:46.563936Z  INFO Diffusion (8 ODE steps): 0.57s
2026-02-22T18:35:47.007824Z  INFO VAE decode: 0.44s
2026-02-22T18:35:47.243101Z  INFO Total chunk: 1.28s
2026-02-22T18:35:47.246889Z  INFO   DEBUG: output_audio.samples=2112000 is_first=false
2026-02-22T18:35:47.246984Z  INFO === Streaming chunk 56 ===
2026-02-22T18:35:47.246987Z  INFO   caption: dark ambient drone, slow evolving pads, deep bass rumble, cinematic
2026-02-22T18:35:47.246989Z  INFO   metas: - bpm: 128
- timesignature: 4/4
- keyscale: A minor
- duration: 30 seconds

2026-02-22T18:35:47.246991Z  INFO   lyrics: "la la la la la la la la\nla la la la la la la la\noh oh oh oh oh oh oh oh\noh oh oh oh oh oh oh oh"
2026-02-22T18:35:47.246994Z  INFO   language: en
2026-02-22T18:35:47.246996Z  INFO   config: duration=30s overlap=8s crossfade=100ms shift=3
event:chunk chunk=55 audio=22.0s gen=1.28s2026-02-22T18:35:47.247003Z  INFO   is_first=false use_overlap=true use_timbre=true use_crossfade=false

2026-02-22T18:35:47.247008Z  INFO   DEBUG: chunk_frames=750 expected_audio_samples=2880000
2026-02-22T18:35:47.247010Z  INFO   DEBUG: context_frames=750 new_len=550 overlap=200 use_total_duration=false
2026-02-22T18:35:47.247009Z  INFO event:chunk chunk=55 audio=22.0s gen=1.28s
event:generating chunk=56
2026-02-22T18:35:47.279713Z  INFO Generating chunk (750 frames, 30.0s)...
2026-02-22T18:35:47.849993Z  INFO Diffusion (8 ODE steps): 0.57s
2026-02-22T18:35:48.306659Z  INFO VAE decode: 0.46s
2026-02-22T18:35:48.548152Z  INFO Total chunk: 1.30s
2026-02-22T18:35:48.552016Z  INFO   DEBUG: output_audio.samples=2112000 is_first=false
2026-02-22T18:35:48.552084Z  INFO === Streaming chunk 57 ===
2026-02-22T18:35:48.552086Z  INFO   caption: dark ambient drone, slow evolving pads, deep bass rumble, cinematic
2026-02-22T18:35:48.552088Z  INFO   metas: - bpm: 128
- timesignature: 4/4
- keyscale: A minor
- duration: 30 seconds

2026-02-22T18:35:48.552091Z  INFO   lyrics: "la la la la la la la la\nla la la la la la la la\noh oh oh oh oh oh oh oh\noh oh oh oh oh oh oh oh"
2026-02-22T18:35:48.552094Z  INFO   language: en
2026-02-22T18:35:48.552095Z  INFO   config: duration=30s overlap=8s crossfade=100ms shift=3
2026-02-22T18:35:48.552099Z  INFO   is_first=false use_overlap=true use_timbre=true use_crossfade=false
event:chunk chunk=56 audio=22.0s gen=1.31s2026-02-22T18:35:48.552101Z  INFO   DEBUG: chunk_frames=750 expected_audio_samples=2880000

2026-02-22T18:35:48.552105Z  INFO   DEBUG: context_frames=750 new_len=550 overlap=200 use_total_duration=false
2026-02-22T18:35:48.552107Z  INFO event:chunk chunk=56 audio=22.0s gen=1.31s
event:generating chunk=57
2026-02-22T18:35:48.585899Z  INFO Generating chunk (750 frames, 30.0s)...
2026-02-22T18:35:49.157417Z  INFO Diffusion (8 ODE steps): 0.57s
2026-02-22T18:35:49.624320Z  INFO VAE decode: 0.47s
2026-02-22T18:35:49.862155Z  INFO Total chunk: 1.31s
2026-02-22T18:35:49.866137Z  INFO   DEBUG: output_audio.samples=2112000 is_first=false
2026-02-22T18:35:49.866217Z  INFO === Streaming chunk 58 ===
2026-02-22T18:35:49.866221Z  INFO   caption: dark ambient drone, slow evolving pads, deep bass rumble, cinematic
2026-02-22T18:35:49.866223Z  INFO   metas: - bpm: 128
- timesignature: 4/4
- keyscale: A minor
- duration: 30 seconds

2026-02-22T18:35:49.866225Z  INFO   lyrics: "la la la la la la la la\nla la la la la la la la\noh oh oh oh oh oh oh oh\noh oh oh oh oh oh oh oh"
2026-02-22T18:35:49.866228Z  INFO   language: en
event:chunk chunk=57 audio=22.0s gen=1.31s2026-02-22T18:35:49.866247Z  INFO   config: duration=30s overlap=8s crossfade=100ms shift=3

2026-02-22T18:35:49.866252Z  INFO   is_first=false use_overlap=true use_timbre=true use_crossfade=false
2026-02-22T18:35:49.866254Z  INFO   DEBUG: chunk_frames=750 expected_audio_samples=2880000
2026-02-22T18:35:49.866256Z  INFO   DEBUG: context_frames=750 new_len=550 overlap=200 use_total_duration=false
2026-02-22T18:35:49.866254Z  INFO event:chunk chunk=57 audio=22.0s gen=1.31s
event:generating chunk=58
2026-02-22T18:35:49.897420Z  INFO Generating chunk (750 frames, 30.0s)...
2026-02-22T18:35:50.469593Z  INFO Diffusion (8 ODE steps): 0.57s
2026-02-22T18:35:50.920284Z  INFO VAE decode: 0.45s
2026-02-22T18:35:51.155289Z  INFO Total chunk: 1.29s
2026-02-22T18:35:51.156713Z  INFO   DEBUG: output_audio.samples=2112000 is_first=false
2026-02-22T18:35:51.156771Z  INFO === Streaming chunk 59 ===
2026-02-22T18:35:51.156773Z  INFO   caption: dark ambient drone, slow evolving pads, deep bass rumble, cinematic
2026-02-22T18:35:51.156775Z  INFO   metas: - bpm: 128
- timesignature: 4/4
- keyscale: A minor
- duration: 30 seconds

2026-02-22T18:35:51.156777Z  INFO   lyrics: "la la la la la la la la\nla la la la la la la la\noh oh oh oh oh oh oh oh\noh oh oh oh oh oh oh oh"
2026-02-22T18:35:51.156780Z  INFO   language: en
2026-02-22T18:35:51.156782Z  INFO   config: duration=30s overlap=8s crossfade=100ms shift=3
2026-02-22T18:35:51.156788Z  INFO   is_first=false use_overlap=true use_timbre=true use_crossfade=false
event:chunk chunk=58 audio=22.0s gen=1.29s2026-02-22T18:35:51.156790Z  INFO   DEBUG: chunk_frames=750 expected_audio_samples=2880000

2026-02-22T18:35:51.156794Z  INFO   DEBUG: context_frames=750 new_len=550 overlap=200 use_total_duration=false
2026-02-22T18:35:51.156796Z  INFO event:chunk chunk=58 audio=22.0s gen=1.29s
event:generating chunk=59
2026-02-22T18:35:51.189236Z  INFO Generating chunk (750 frames, 30.0s)...
2026-02-22T18:35:51.759433Z  INFO Diffusion (8 ODE steps): 0.57s
2026-02-22T18:35:52.205139Z  INFO VAE decode: 0.45s
2026-02-22T18:35:52.440430Z  INFO Total chunk: 1.28s
2026-02-22T18:35:52.444331Z  INFO   DEBUG: output_audio.samples=2112000 is_first=false
2026-02-22T18:35:52.444392Z  INFO === Streaming chunk 60 ===
2026-02-22T18:35:52.444395Z  INFO   caption: dark ambient drone, slow evolving pads, deep bass rumble, cinematic
2026-02-22T18:35:52.444396Z  INFO   metas: - bpm: 128
- timesignature: 4/4
- keyscale: A minor
- duration: 30 seconds

2026-02-22T18:35:52.444398Z  INFO   lyrics: "la la la la la la la la\nla la la la la la la la\noh oh oh oh oh oh oh oh\noh oh oh oh oh oh oh oh"
2026-02-22T18:35:52.444402Z  INFO   language: en
2026-02-22T18:35:52.444403Z  INFO   config: duration=30s overlap=8s crossfade=100ms shift=3
2026-02-22T18:35:52.444408Z  INFO   is_first=false use_overlap=true use_timbre=true use_crossfade=false
event:chunk chunk=59 audio=22.0s gen=1.29s2026-02-22T18:35:52.444410Z  INFO   DEBUG: chunk_frames=750 expected_audio_samples=2880000

2026-02-22T18:35:52.444414Z  INFO   DEBUG: context_frames=750 new_len=550 overlap=200 use_total_duration=false
2026-02-22T18:35:52.444416Z  INFO event:chunk chunk=59 audio=22.0s gen=1.29s
event:generating chunk=60
2026-02-22T18:35:52.476474Z  INFO Generating chunk (750 frames, 30.0s)...
2026-02-22T18:35:53.047118Z  INFO Diffusion (8 ODE steps): 0.57s
2026-02-22T18:35:53.498164Z  INFO VAE decode: 0.45s
2026-02-22T18:35:53.735359Z  INFO Total chunk: 1.29s
2026-02-22T18:35:53.739066Z  INFO   DEBUG: output_audio.samples=2112000 is_first=false
2026-02-22T18:35:53.739127Z  INFO === Streaming chunk 61 ===
2026-02-22T18:35:53.739129Z  INFO   caption: dark ambient drone, slow evolving pads, deep bass rumble, cinematic
2026-02-22T18:35:53.739131Z  INFO   metas: - bpm: 128
- timesignature: 4/4
- keyscale: A minor
- duration: 30 seconds

2026-02-22T18:35:53.739133Z  INFO   lyrics: "la la la la la la la la\nla la la la la la la la\noh oh oh oh oh oh oh oh\noh oh oh oh oh oh oh oh"
2026-02-22T18:35:53.739136Z  INFO   language: en
event:chunk chunk=60 audio=22.0s gen=1.29s2026-02-22T18:35:53.739148Z  INFO   config: duration=30s overlap=8s crossfade=100ms shift=3

2026-02-22T18:35:53.739152Z  INFO   is_first=false use_overlap=true use_timbre=true use_crossfade=false
2026-02-22T18:35:53.739154Z  INFO   DEBUG: chunk_frames=750 expected_audio_samples=2880000
2026-02-22T18:35:53.739154Z  INFO event:chunk chunk=60 audio=22.0s gen=1.29s
2026-02-22T18:35:53.739156Z  INFO   DEBUG: context_frames=750 new_len=550 overlap=200 use_total_duration=false
event:generating chunk=61
2026-02-22T18:35:53.772137Z  INFO Generating chunk (750 frames, 30.0s)...
2026-02-22T18:35:54.333381Z  INFO Diffusion (8 ODE steps): 0.56s
2026-02-22T18:35:54.790517Z  INFO VAE decode: 0.46s
2026-02-22T18:35:55.025866Z  INFO Total chunk: 1.29s
2026-02-22T18:35:55.030010Z  INFO   DEBUG: output_audio.samples=2112000 is_first=false
2026-02-22T18:35:55.030107Z  INFO === Streaming chunk 62 ===
2026-02-22T18:35:55.030110Z  INFO   caption: dark ambient drone, slow evolving pads, deep bass rumble, cinematic
2026-02-22T18:35:55.030112Z  INFO   metas: - bpm: 128
- timesignature: 4/4
- keyscale: A minor
- duration: 30 seconds

2026-02-22T18:35:55.030114Z  INFO   lyrics: "la la la la la la la la\nla la la la la la la la\noh oh oh oh oh oh oh oh\noh oh oh oh oh oh oh oh"
2026-02-22T18:35:55.030117Z  INFO   language: en
2026-02-22T18:35:55.030119Z  INFO   config: duration=30s overlap=8s crossfade=100ms shift=3
event:chunk chunk=61 audio=22.0s gen=1.29s2026-02-22T18:35:55.030125Z  INFO   is_first=false use_overlap=true use_timbre=true use_crossfade=false

2026-02-22T18:35:55.030130Z  INFO   DEBUG: chunk_frames=750 expected_audio_samples=2880000
2026-02-22T18:35:55.030132Z  INFO   DEBUG: context_frames=750 new_len=550 overlap=200 use_total_duration=false
2026-02-22T18:35:55.030132Z  INFO event:chunk chunk=61 audio=22.0s gen=1.29s
event:generating chunk=62
2026-02-22T18:35:55.063681Z  INFO Generating chunk (750 frames, 30.0s)...
2026-02-22T18:35:55.635973Z  INFO Diffusion (8 ODE steps): 0.57s
2026-02-22T18:35:56.113993Z  INFO VAE decode: 0.48s
2026-02-22T18:35:56.349995Z  INFO Total chunk: 1.32s
2026-02-22T18:35:56.354280Z  INFO   DEBUG: output_audio.samples=2112000 is_first=false
2026-02-22T18:35:56.354358Z  INFO === Streaming chunk 63 ===
2026-02-22T18:35:56.354360Z  INFO   caption: dark ambient drone, slow evolving pads, deep bass rumble, cinematic
2026-02-22T18:35:56.354362Z  INFO   metas: - bpm: 128
- timesignature: 4/4
- keyscale: A minor
- duration: 30 seconds

2026-02-22T18:35:56.354365Z  INFO   lyrics: "la la la la la la la la\nla la la la la la la la\noh oh oh oh oh oh oh oh\noh oh oh oh oh oh oh oh"
2026-02-22T18:35:56.354368Z  INFO   language: en
event:chunk chunk=62 audio=22.0s gen=1.32s2026-02-22T18:35:56.354370Z  INFO   config: duration=30s overlap=8s crossfade=100ms shift=3

2026-02-22T18:35:56.354376Z  INFO   is_first=false use_overlap=true use_timbre=true use_crossfade=false
2026-02-22T18:35:56.354378Z  INFO   DEBUG: chunk_frames=750 expected_audio_samples=2880000
2026-02-22T18:35:56.354378Z  INFO event:chunk chunk=62 audio=22.0s gen=1.32s
2026-02-22T18:35:56.354380Z  INFO   DEBUG: context_frames=750 new_len=550 overlap=200 use_total_duration=false
event:generating chunk=63
2026-02-22T18:35:56.388254Z  INFO Generating chunk (750 frames, 30.0s)...
2026-02-22T18:35:56.957628Z  INFO Diffusion (8 ODE steps): 0.57s
2026-02-22T18:35:57.422484Z  INFO VAE decode: 0.46s
2026-02-22T18:35:57.659781Z  INFO Total chunk: 1.31s
2026-02-22T18:35:57.663766Z  INFO   DEBUG: output_audio.samples=2112000 is_first=false
2026-02-22T18:35:57.663836Z  INFO === Streaming chunk 64 ===
2026-02-22T18:35:57.663839Z  INFO   caption: dark ambient drone, slow evolving pads, deep bass rumble, cinematic
2026-02-22T18:35:57.663841Z  INFO   metas: - bpm: 128
- timesignature: 4/4
- keyscale: A minor
- duration: 30 seconds

2026-02-22T18:35:57.663843Z  INFO   lyrics: "la la la la la la la la\nla la la la la la la la\noh oh oh oh oh oh oh oh\noh oh oh oh oh oh oh oh"
2026-02-22T18:35:57.663846Z  INFO   language: en
2026-02-22T18:35:57.663848Z  INFO   config: duration=30s overlap=8s crossfade=100ms shift=3
event:chunk chunk=63 audio=22.0s gen=1.31s2026-02-22T18:35:57.663864Z  INFO   is_first=false use_overlap=true use_timbre=true use_crossfade=false

2026-02-22T18:35:57.663867Z  INFO   DEBUG: chunk_frames=750 expected_audio_samples=2880000
2026-02-22T18:35:57.663869Z  INFO   DEBUG: context_frames=750 new_len=550 overlap=200 use_total_duration=false
2026-02-22T18:35:57.663869Z  INFO event:chunk chunk=63 audio=22.0s gen=1.31s
event:generating chunk=64
2026-02-22T18:35:57.696114Z  INFO Generating chunk (750 frames, 30.0s)...
2026-02-22T18:35:58.265128Z  INFO Diffusion (8 ODE steps): 0.57s
2026-02-22T18:35:58.727954Z  INFO VAE decode: 0.46s
2026-02-22T18:35:58.966686Z  INFO Total chunk: 1.30s
2026-02-22T18:35:58.970961Z  INFO   DEBUG: output_audio.samples=2112000 is_first=false
2026-02-22T18:35:58.971056Z  INFO === Streaming chunk 65 ===
2026-02-22T18:35:58.971058Z  INFO   caption: dark ambient drone, slow evolving pads, deep bass rumble, cinematic
2026-02-22T18:35:58.971060Z  INFO   metas: - bpm: 128
- timesignature: 4/4
- keyscale: A minor
- duration: 30 seconds

2026-02-22T18:35:58.971062Z  INFO   lyrics: "la la la la la la la la\nla la la la la la la la\noh oh oh oh oh oh oh oh\noh oh oh oh oh oh oh oh"
2026-02-22T18:35:58.971065Z  INFO   language: en
2026-02-22T18:35:58.971067Z  INFO   config: duration=30s overlap=8s crossfade=100ms shift=3
event:chunk chunk=64 audio=22.0s gen=1.31s2026-02-22T18:35:58.971072Z  INFO   is_first=false use_overlap=true use_timbre=true use_crossfade=false

2026-02-22T18:35:58.971077Z  INFO   DEBUG: chunk_frames=750 expected_audio_samples=2880000
2026-02-22T18:35:58.971079Z  INFO   DEBUG: context_frames=750 new_len=550 overlap=200 use_total_duration=false
2026-02-22T18:35:58.971079Z  INFO event:chunk chunk=64 audio=22.0s gen=1.31s
event:generating chunk=65
2026-02-22T18:35:59.004817Z  INFO Generating chunk (750 frames, 30.0s)...
2026-02-22T18:35:59.589105Z  INFO Diffusion (8 ODE steps): 0.58s
2026-02-22T18:36:00.065177Z  INFO VAE decode: 0.48s
2026-02-22T18:36:00.307189Z  INFO Total chunk: 1.34s
2026-02-22T18:36:00.311931Z  INFO   DEBUG: output_audio.samples=2112000 is_first=false
2026-02-22T18:36:00.312012Z  INFO === Streaming chunk 66 ===
2026-02-22T18:36:00.312015Z  INFO   caption: dark ambient drone, slow evolving pads, deep bass rumble, cinematic
2026-02-22T18:36:00.312017Z  INFO   metas: - bpm: 128
- timesignature: 4/4
- keyscale: A minor
- duration: 30 seconds

2026-02-22T18:36:00.312019Z  INFO   lyrics: "la la la la la la la la\nla la la la la la la la\noh oh oh oh oh oh oh oh\noh oh oh oh oh oh oh oh"
2026-02-22T18:36:00.312022Z  INFO   language: en
2026-02-22T18:36:00.312024Z  INFO   config: duration=30s overlap=8s crossfade=100ms shift=3
event:chunk chunk=65 audio=22.0s gen=1.34s2026-02-22T18:36:00.312030Z  INFO   is_first=false use_overlap=true use_timbre=true use_crossfade=false

2026-02-22T18:36:00.312035Z  INFO   DEBUG: chunk_frames=750 expected_audio_samples=2880000
2026-02-22T18:36:00.312037Z  INFO   DEBUG: context_frames=750 new_len=550 overlap=200 use_total_duration=false
2026-02-22T18:36:00.312037Z  INFO event:chunk chunk=65 audio=22.0s gen=1.34s
event:generating chunk=66
2026-02-22T18:36:00.344869Z  INFO Generating chunk (750 frames, 30.0s)...
2026-02-22T18:36:00.918810Z  INFO Diffusion (8 ODE steps): 0.57s
2026-02-22T18:36:01.366496Z  INFO VAE decode: 0.45s
2026-02-22T18:36:01.604479Z  INFO Total chunk: 1.29s
2026-02-22T18:36:01.608543Z  INFO   DEBUG: output_audio.samples=2112000 is_first=false
2026-02-22T18:36:01.608618Z  INFO === Streaming chunk 67 ===
2026-02-22T18:36:01.608621Z  INFO   caption: dark ambient drone, slow evolving pads, deep bass rumble, cinematic
2026-02-22T18:36:01.608624Z  INFO   metas: - bpm: 128
- timesignature: 4/4
- keyscale: A minor
- duration: 30 seconds

2026-02-22T18:36:01.608626Z  INFO   lyrics: "la la la la la la la la\nla la la la la la la la\noh oh oh oh oh oh oh oh\noh oh oh oh oh oh oh oh"
2026-02-22T18:36:01.608629Z  INFO   language: en
event:chunk chunk=66 audio=22.0s gen=1.30s2026-02-22T18:36:01.608631Z  INFO   config: duration=30s overlap=8s crossfade=100ms shift=3

2026-02-22T18:36:01.608650Z  INFO   is_first=false use_overlap=true use_timbre=true use_crossfade=false
2026-02-22T18:36:01.608653Z  INFO   DEBUG: chunk_frames=750 expected_audio_samples=2880000
2026-02-22T18:36:01.608652Z  INFO event:chunk chunk=66 audio=22.0s gen=1.30s
2026-02-22T18:36:01.608655Z  INFO   DEBUG: context_frames=750 new_len=550 overlap=200 use_total_duration=false
event:generating chunk=67
2026-02-22T18:36:01.641446Z  INFO Generating chunk (750 frames, 30.0s)...
2026-02-22T18:36:02.208326Z  INFO Diffusion (8 ODE steps): 0.57s
2026-02-22T18:36:02.681117Z  INFO VAE decode: 0.47s
2026-02-22T18:36:02.920581Z  INFO Total chunk: 1.31s
2026-02-22T18:36:02.924812Z  INFO   DEBUG: output_audio.samples=2112000 is_first=false
2026-02-22T18:36:02.924907Z  INFO === Streaming chunk 68 ===
2026-02-22T18:36:02.924912Z  INFO   caption: dark ambient drone, slow evolving pads, deep bass rumble, cinematic
2026-02-22T18:36:02.924914Z  INFO   metas: - bpm: 128
- timesignature: 4/4
- keyscale: A minor
- duration: 30 seconds

2026-02-22T18:36:02.924916Z  INFO   lyrics: "la la la la la la la la\nla la la la la la la la\noh oh oh oh oh oh oh oh\noh oh oh oh oh oh oh oh"
2026-02-22T18:36:02.924920Z  INFO   language: en
2026-02-22T18:36:02.924921Z  INFO   config: duration=30s overlap=8s crossfade=100ms shift=3
event:chunk chunk=67 audio=22.0s gen=1.32s2026-02-22T18:36:02.924927Z  INFO   is_first=false use_overlap=true use_timbre=true use_crossfade=false

2026-02-22T18:36:02.924931Z  INFO   DEBUG: chunk_frames=750 expected_audio_samples=2880000
2026-02-22T18:36:02.924934Z  INFO   DEBUG: context_frames=750 new_len=550 overlap=200 use_total_duration=false
2026-02-22T18:36:02.924934Z  INFO event:chunk chunk=67 audio=22.0s gen=1.32s
event:generating chunk=68
2026-02-22T18:36:02.959857Z  INFO Generating chunk (750 frames, 30.0s)...
2026-02-22T18:36:03.549019Z  INFO Diffusion (8 ODE steps): 0.59s
2026-02-22T18:36:04.012074Z  INFO VAE decode: 0.46s
2026-02-22T18:36:04.255998Z  INFO Total chunk: 1.33s
2026-02-22T18:36:04.259768Z  INFO   DEBUG: output_audio.samples=2112000 is_first=false
2026-02-22T18:36:04.259839Z  INFO === Streaming chunk 69 ===
2026-02-22T18:36:04.259841Z  INFO   caption: dark ambient drone, slow evolving pads, deep bass rumble, cinematic
2026-02-22T18:36:04.259844Z  INFO   metas: - bpm: 128
- timesignature: 4/4
- keyscale: A minor
- duration: 30 seconds

2026-02-22T18:36:04.259846Z  INFO   lyrics: "la la la la la la la la\nla la la la la la la la\noh oh oh oh oh oh oh oh\noh oh oh oh oh oh oh oh"
2026-02-22T18:36:04.259849Z  INFO   language: en
2026-02-22T18:36:04.259851Z  INFO   config: duration=30s overlap=8s crossfade=100ms shift=3
event:chunk chunk=68 audio=22.0s gen=1.33s2026-02-22T18:36:04.259855Z  INFO   is_first=false use_overlap=true use_timbre=true use_crossfade=false

2026-02-22T18:36:04.259859Z  INFO   DEBUG: chunk_frames=750 expected_audio_samples=2880000
2026-02-22T18:36:04.259861Z  INFO   DEBUG: context_frames=750 new_len=550 overlap=200 use_total_duration=false
2026-02-22T18:36:04.259861Z  INFO event:chunk chunk=68 audio=22.0s gen=1.33s
event:generating chunk=69
2026-02-22T18:36:04.293247Z  INFO Generating chunk (750 frames, 30.0s)...
2026-02-22T18:36:04.864131Z  INFO Diffusion (8 ODE steps): 0.57s
2026-02-22T18:36:05.345197Z  INFO VAE decode: 0.48s
2026-02-22T18:36:05.587757Z  INFO Total chunk: 1.33s
2026-02-22T18:36:05.591667Z  INFO   DEBUG: output_audio.samples=2112000 is_first=false
2026-02-22T18:36:05.591731Z  INFO === Streaming chunk 70 ===
2026-02-22T18:36:05.591733Z  INFO   caption: dark ambient drone, slow evolving pads, deep bass rumble, cinematic
2026-02-22T18:36:05.591735Z  INFO   metas: - bpm: 128
- timesignature: 4/4
- keyscale: A minor
- duration: 30 seconds

2026-02-22T18:36:05.591737Z  INFO   lyrics: "la la la la la la la la\nla la la la la la la la\noh oh oh oh oh oh oh oh\noh oh oh oh oh oh oh oh"
2026-02-22T18:36:05.591740Z  INFO   language: en
2026-02-22T18:36:05.591742Z  INFO   config: duration=30s overlap=8s crossfade=100ms shift=3
event:chunk chunk=69 audio=22.0s gen=1.33s2026-02-22T18:36:05.591756Z  INFO   is_first=false use_overlap=true use_timbre=true use_crossfade=false

2026-02-22T18:36:05.591759Z  INFO   DEBUG: chunk_frames=750 expected_audio_samples=2880000
2026-02-22T18:36:05.591761Z  INFO   DEBUG: context_frames=750 new_len=550 overlap=200 use_total_duration=false
2026-02-22T18:36:05.591761Z  INFO event:chunk chunk=69 audio=22.0s gen=1.33s
event:generating chunk=70
2026-02-22T18:36:05.624347Z  INFO Generating chunk (750 frames, 30.0s)...
2026-02-22T18:36:06.193300Z  INFO Diffusion (8 ODE steps): 0.57s
2026-02-22T18:36:06.671472Z  INFO VAE decode: 0.48s
2026-02-22T18:36:06.921841Z  INFO Total chunk: 1.33s
2026-02-22T18:36:06.925948Z  INFO   DEBUG: output_audio.samples=2112000 is_first=false
2026-02-22T18:36:06.926017Z  INFO === Streaming chunk 71 ===
2026-02-22T18:36:06.926020Z  INFO   caption: dark ambient drone, slow evolving pads, deep bass rumble, cinematic
2026-02-22T18:36:06.926023Z  INFO   metas: - bpm: 128
- timesignature: 4/4
- keyscale: A minor
- duration: 30 seconds

2026-02-22T18:36:06.926026Z  INFO   lyrics: "la la la la la la la la\nla la la la la la la la\noh oh oh oh oh oh oh oh\noh oh oh oh oh oh oh oh"
2026-02-22T18:36:06.926030Z  INFO   language: en
event:chunk chunk=70 audio=22.0s gen=1.33s2026-02-22T18:36:06.926033Z  INFO   config: duration=30s overlap=8s crossfade=100ms shift=3

2026-02-22T18:36:06.926045Z  INFO   is_first=false use_overlap=true use_timbre=true use_crossfade=false
2026-02-22T18:36:06.926048Z  INFO   DEBUG: chunk_frames=750 expected_audio_samples=2880000
2026-02-22T18:36:06.926048Z  INFO event:chunk chunk=70 audio=22.0s gen=1.33s
2026-02-22T18:36:06.926051Z  INFO   DEBUG: context_frames=750 new_len=550 overlap=200 use_total_duration=false
event:generating chunk=71
2026-02-22T18:36:06.959230Z  INFO Generating chunk (750 frames, 30.0s)...
2026-02-22T18:36:07.553321Z  INFO Diffusion (8 ODE steps): 0.59s
2026-02-22T18:36:08.019062Z  INFO VAE decode: 0.47s
2026-02-22T18:36:08.264239Z  INFO Total chunk: 1.34s
2026-02-22T18:36:08.268121Z  INFO   DEBUG: output_audio.samples=2112000 is_first=false
2026-02-22T18:36:08.268187Z  INFO === Streaming chunk 72 ===
2026-02-22T18:36:08.268191Z  INFO   caption: dark ambient drone, slow evolving pads, deep bass rumble, cinematic
2026-02-22T18:36:08.268193Z  INFO   metas: - bpm: 128
- timesignature: 4/4
- keyscale: A minor
- duration: 30 seconds

2026-02-22T18:36:08.268196Z  INFO   lyrics: "la la la la la la la la\nla la la la la la la la\noh oh oh oh oh oh oh oh\noh oh oh oh oh oh oh oh"
2026-02-22T18:36:08.268200Z  INFO   language: en
event:chunk chunk=71 audio=22.0s gen=1.34s2026-02-22T18:36:08.268203Z  INFO   config: duration=30s overlap=8s crossfade=100ms shift=3

2026-02-22T18:36:08.268211Z  INFO   is_first=false use_overlap=true use_timbre=true use_crossfade=false
2026-02-22T18:36:08.268214Z  INFO   DEBUG: chunk_frames=750 expected_audio_samples=2880000
2026-02-22T18:36:08.268214Z  INFO event:chunk chunk=71 audio=22.0s gen=1.34s
2026-02-22T18:36:08.268217Z  INFO   DEBUG: context_frames=750 new_len=550 overlap=200 use_total_duration=false
event:generating chunk=72
2026-02-22T18:36:08.301379Z  INFO Generating chunk (750 frames, 30.0s)...
2026-02-22T18:36:08.894417Z  INFO Diffusion (8 ODE steps): 0.59s
2026-02-22T18:36:09.356962Z  INFO VAE decode: 0.46s
2026-02-22T18:36:09.600014Z  INFO Total chunk: 1.33s
2026-02-22T18:36:09.603996Z  INFO   DEBUG: output_audio.samples=2112000 is_first=false
2026-02-22T18:36:09.604068Z  INFO === Streaming chunk 73 ===
2026-02-22T18:36:09.604071Z  INFO   caption: dark ambient drone, slow evolving pads, deep bass rumble, cinematic
2026-02-22T18:36:09.604074Z  INFO   metas: - bpm: 128
- timesignature: 4/4
- keyscale: A minor
- duration: 30 seconds

2026-02-22T18:36:09.604076Z  INFO   lyrics: "la la la la la la la la\nla la la la la la la la\noh oh oh oh oh oh oh oh\noh oh oh oh oh oh oh oh"
2026-02-22T18:36:09.604081Z  INFO   language: en
event:chunk chunk=72 audio=22.0s gen=1.34s2026-02-22T18:36:09.604083Z  INFO   config: duration=30s overlap=8s crossfade=100ms shift=3

2026-02-22T18:36:09.604107Z  INFO   is_first=false use_overlap=true use_timbre=true use_crossfade=false
2026-02-22T18:36:09.604109Z  INFO   DEBUG: chunk_frames=750 expected_audio_samples=2880000
2026-02-22T18:36:09.604109Z  INFO event:chunk chunk=72 audio=22.0s gen=1.34s
2026-02-22T18:36:09.604111Z  INFO   DEBUG: context_frames=750 new_len=550 overlap=200 use_total_duration=false
event:generating chunk=73
2026-02-22T18:36:09.636593Z  INFO Generating chunk (750 frames, 30.0s)...
2026-02-22T18:36:10.216604Z  INFO Diffusion (8 ODE steps): 0.58s
2026-02-22T18:36:10.695704Z  INFO VAE decode: 0.48s
2026-02-22T18:36:10.948836Z  INFO Total chunk: 1.34s
2026-02-22T18:36:10.953298Z  INFO   DEBUG: output_audio.samples=2112000 is_first=false
2026-02-22T18:36:10.953387Z  INFO === Streaming chunk 74 ===
2026-02-22T18:36:10.953390Z  INFO   caption: dark ambient drone, slow evolving pads, deep bass rumble, cinematic
2026-02-22T18:36:10.953391Z  INFO   metas: - bpm: 128
- timesignature: 4/4
- keyscale: A minor
- duration: 30 seconds

2026-02-22T18:36:10.953393Z  INFO   lyrics: "la la la la la la la la\nla la la la la la la la\noh oh oh oh oh oh oh oh\noh oh oh oh oh oh oh oh"
2026-02-22T18:36:10.953396Z  INFO   language: en
2026-02-22T18:36:10.953398Z  INFO   config: duration=30s overlap=8s crossfade=100ms shift=3
event:chunk chunk=73 audio=22.0s gen=1.35s2026-02-22T18:36:10.953403Z  INFO   is_first=false use_overlap=true use_timbre=true use_crossfade=false

2026-02-22T18:36:10.953407Z  INFO   DEBUG: chunk_frames=750 expected_audio_samples=2880000
2026-02-22T18:36:10.953410Z  INFO   DEBUG: context_frames=750 new_len=550 overlap=200 use_total_duration=false
2026-02-22T18:36:10.953409Z  INFO event:chunk chunk=73 audio=22.0s gen=1.35s
event:generating chunk=74
2026-02-22T18:36:10.986768Z  INFO Generating chunk (750 frames, 30.0s)...
2026-02-22T18:36:11.577115Z  INFO Diffusion (8 ODE steps): 0.59s
2026-02-22T18:36:12.037804Z  INFO VAE decode: 0.46s
2026-02-22T18:36:12.274984Z  INFO Total chunk: 1.32s
2026-02-22T18:36:12.278842Z  INFO   DEBUG: output_audio.samples=2112000 is_first=false
2026-02-22T18:36:12.278901Z  INFO === Streaming chunk 75 ===
2026-02-22T18:36:12.278904Z  INFO   caption: dark ambient drone, slow evolving pads, deep bass rumble, cinematic
2026-02-22T18:36:12.278905Z  INFO   metas: - bpm: 128
- timesignature: 4/4
- keyscale: A minor
- duration: 30 seconds

2026-02-22T18:36:12.278907Z  INFO   lyrics: "la la la la la la la la\nla la la la la la la la\noh oh oh oh oh oh oh oh\noh oh oh oh oh oh oh oh"
2026-02-22T18:36:12.278910Z  INFO   language: en
2026-02-22T18:36:12.278912Z  INFO   config: duration=30s overlap=8s crossfade=100ms shift=3
event:chunk chunk=74 audio=22.0s gen=1.33s2026-02-22T18:36:12.278917Z  INFO   is_first=false use_overlap=true use_timbre=true use_crossfade=false

2026-02-22T18:36:12.278921Z  INFO   DEBUG: chunk_frames=750 expected_audio_samples=2880000
2026-02-22T18:36:12.278923Z  INFO   DEBUG: context_frames=750 new_len=550 overlap=200 use_total_duration=false
2026-02-22T18:36:12.278923Z  INFO event:chunk chunk=74 audio=22.0s gen=1.33s
event:generating chunk=75
2026-02-22T18:36:12.312032Z  INFO Generating chunk (750 frames, 30.0s)...
2026-02-22T18:36:12.887385Z  INFO Diffusion (8 ODE steps): 0.57s
2026-02-22T18:36:13.359017Z  INFO VAE decode: 0.47s
2026-02-22T18:36:13.604139Z  INFO Total chunk: 1.33s
2026-02-22T18:36:13.604947Z  INFO   DEBUG: output_audio.samples=2112000 is_first=false
2026-02-22T18:36:13.605008Z  INFO === Streaming chunk 76 ===
2026-02-22T18:36:13.605010Z  INFO   caption: dark ambient drone, slow evolving pads, deep bass rumble, cinematic
2026-02-22T18:36:13.605012Z  INFO   metas: - bpm: 128
- timesignature: 4/4
- keyscale: A minor
- duration: 30 seconds

2026-02-22T18:36:13.605015Z  INFO   lyrics: "la la la la la la la la\nla la la la la la la la\noh oh oh oh oh oh oh oh\noh oh oh oh oh oh oh oh"
2026-02-22T18:36:13.605018Z  INFO   language: en
2026-02-22T18:36:13.605019Z  INFO   config: duration=30s overlap=8s crossfade=100ms shift=3
event:chunk chunk=75 audio=22.0s gen=1.33s2026-02-22T18:36:13.605045Z  INFO   is_first=false use_overlap=true use_timbre=true use_crossfade=false

2026-02-22T18:36:13.605048Z  INFO   DEBUG: chunk_frames=750 expected_audio_samples=2880000
2026-02-22T18:36:13.605050Z  INFO   DEBUG: context_frames=750 new_len=550 overlap=200 use_total_duration=false
2026-02-22T18:36:13.605050Z  INFO event:chunk chunk=75 audio=22.0s gen=1.33s
event:generating chunk=76
2026-02-22T18:36:13.638801Z  INFO Generating chunk (750 frames, 30.0s)...
2026-02-22T18:36:14.222819Z  INFO Diffusion (8 ODE steps): 0.58s
2026-02-22T18:36:14.676357Z  INFO VAE decode: 0.45s
2026-02-22T18:36:14.915079Z  INFO Total chunk: 1.31s
2026-02-22T18:36:14.919523Z  INFO   DEBUG: output_audio.samples=2112000 is_first=false
2026-02-22T18:36:14.919604Z  INFO === Streaming chunk 77 ===
2026-02-22T18:36:14.919608Z  INFO   caption: dark ambient drone, slow evolving pads, deep bass rumble, cinematic
2026-02-22T18:36:14.919611Z  INFO   metas: - bpm: 128
- timesignature: 4/4
- keyscale: A minor
- duration: 30 seconds

2026-02-22T18:36:14.919613Z  INFO   lyrics: "la la la la la la la la\nla la la la la la la la\noh oh oh oh oh oh oh oh\noh oh oh oh oh oh oh oh"
2026-02-22T18:36:14.919617Z  INFO   language: en
event:chunk chunk=76 audio=22.0s gen=1.31s2026-02-22T18:36:14.919619Z  INFO   config: duration=30s overlap=8s crossfade=100ms shift=3

2026-02-22T18:36:14.919624Z  INFO   is_first=false use_overlap=true use_timbre=true use_crossfade=false
2026-02-22T18:36:14.919626Z  INFO   DEBUG: chunk_frames=750 expected_audio_samples=2880000
2026-02-22T18:36:14.919625Z  INFO event:chunk chunk=76 audio=22.0s gen=1.31s
2026-02-22T18:36:14.919628Z  INFO   DEBUG: context_frames=750 new_len=550 overlap=200 use_total_duration=false
event:generating chunk=77
2026-02-22T18:36:14.954191Z  INFO Generating chunk (750 frames, 30.0s)...
2026-02-22T18:36:15.521713Z  INFO Diffusion (8 ODE steps): 0.57s
2026-02-22T18:36:15.972546Z  INFO VAE decode: 0.45s
2026-02-22T18:36:16.211928Z  INFO Total chunk: 1.29s
2026-02-22T18:36:16.215719Z  INFO   DEBUG: output_audio.samples=2112000 is_first=false
2026-02-22T18:36:16.215783Z  INFO === Streaming chunk 78 ===
2026-02-22T18:36:16.215785Z  INFO   caption: dark ambient drone, slow evolving pads, deep bass rumble, cinematic
2026-02-22T18:36:16.215787Z  INFO   metas: - bpm: 128
- timesignature: 4/4
- keyscale: A minor
- duration: 30 seconds

2026-02-22T18:36:16.215789Z  INFO   lyrics: "la la la la la la la la\nla la la la la la la la\noh oh oh oh oh oh oh oh\noh oh oh oh oh oh oh oh"
2026-02-22T18:36:16.215792Z  INFO   language: en
2026-02-22T18:36:16.215794Z  INFO   config: duration=30s overlap=8s crossfade=100ms shift=3
event:chunk chunk=77 audio=22.0s gen=1.30s2026-02-22T18:36:16.215798Z  INFO   is_first=false use_overlap=true use_timbre=true use_crossfade=false

2026-02-22T18:36:16.215802Z  INFO   DEBUG: chunk_frames=750 expected_audio_samples=2880000
2026-02-22T18:36:16.215804Z  INFO   DEBUG: context_frames=750 new_len=550 overlap=200 use_total_duration=false
2026-02-22T18:36:16.215804Z  INFO event:chunk chunk=77 audio=22.0s gen=1.30s
event:generating chunk=78
2026-02-22T18:36:16.248245Z  INFO Generating chunk (750 frames, 30.0s)...
2026-02-22T18:36:16.837142Z  INFO Diffusion (8 ODE steps): 0.59s
2026-02-22T18:36:17.292276Z  INFO VAE decode: 0.46s
2026-02-22T18:36:17.529907Z  INFO Total chunk: 1.31s
2026-02-22T18:36:17.534101Z  INFO   DEBUG: output_audio.samples=2112000 is_first=false
2026-02-22T18:36:17.534280Z  INFO === Streaming chunk 79 ===
2026-02-22T18:36:17.534283Z  INFO   caption: dark ambient drone, slow evolving pads, deep bass rumble, cinematic
2026-02-22T18:36:17.534285Z  INFO   metas: - bpm: 128
- timesignature: 4/4
- keyscale: A minor
- duration: 30 seconds

2026-02-22T18:36:17.534287Z  INFO   lyrics: "la la la la la la la la\nla la la la la la la la\noh oh oh oh oh oh oh oh\noh oh oh oh oh oh oh oh"
2026-02-22T18:36:17.534290Z  INFO   language: en
2026-02-22T18:36:17.534292Z  INFO   config: duration=30s overlap=8s crossfade=100ms shift=3
event:chunk chunk=78 audio=22.0s gen=1.32s2026-02-22T18:36:17.534310Z  INFO   is_first=false use_overlap=true use_timbre=true use_crossfade=false

2026-02-22T18:36:17.534314Z  INFO   DEBUG: chunk_frames=750 expected_audio_samples=2880000
2026-02-22T18:36:17.534316Z  INFO   DEBUG: context_frames=750 new_len=550 overlap=200 use_total_duration=false
2026-02-22T18:36:17.534317Z  INFO event:chunk chunk=78 audio=22.0s gen=1.32s
event:generating chunk=79
2026-02-22T18:36:17.567384Z  INFO Generating chunk (750 frames, 30.0s)...
2026-02-22T18:36:18.141035Z  INFO Diffusion (8 ODE steps): 0.57s
2026-02-22T18:36:18.597195Z  INFO VAE decode: 0.46s
2026-02-22T18:36:18.841374Z  INFO Total chunk: 1.31s
2026-02-22T18:36:18.846634Z  INFO   DEBUG: output_audio.samples=2112000 is_first=false
2026-02-22T18:36:18.846749Z  INFO === Streaming chunk 80 ===
2026-02-22T18:36:18.846751Z  INFO   caption: dark ambient drone, slow evolving pads, deep bass rumble, cinematic
2026-02-22T18:36:18.846754Z  INFO   metas: - bpm: 128
- timesignature: 4/4
- keyscale: A minor
- duration: 30 seconds

2026-02-22T18:36:18.846756Z  INFO   lyrics: "la la la la la la la la\nla la la la la la la la\noh oh oh oh oh oh oh oh\noh oh oh oh oh oh oh oh"
2026-02-22T18:36:18.846760Z  INFO   language: en
2026-02-22T18:36:18.846762Z  INFO   config: duration=30s overlap=8s crossfade=100ms shift=3
event:chunk chunk=79 audio=22.0s gen=1.31s2026-02-22T18:36:18.846768Z  INFO   is_first=false use_overlap=true use_timbre=true use_crossfade=false

2026-02-22T18:36:18.846772Z  INFO   DEBUG: chunk_frames=750 expected_audio_samples=2880000
2026-02-22T18:36:18.846774Z  INFO   DEBUG: context_frames=750 new_len=550 overlap=200 use_total_duration=false
2026-02-22T18:36:18.846775Z  INFO event:chunk chunk=79 audio=22.0s gen=1.31s
event:generating chunk=80
2026-02-22T18:36:18.879789Z  INFO Generating chunk (750 frames, 30.0s)...
2026-02-22T18:36:19.453126Z  INFO Diffusion (8 ODE steps): 0.57s
2026-02-22T18:36:19.914758Z  INFO VAE decode: 0.46s
2026-02-22T18:36:20.155561Z  INFO Total chunk: 1.31s
2026-02-22T18:36:20.159726Z  INFO   DEBUG: output_audio.samples=2112000 is_first=false
2026-02-22T18:36:20.159807Z  INFO === Streaming chunk 81 ===
2026-02-22T18:36:20.159809Z  INFO   caption: dark ambient drone, slow evolving pads, deep bass rumble, cinematic
2026-02-22T18:36:20.159811Z  INFO   metas: - bpm: 128
- timesignature: 4/4
- keyscale: A minor
- duration: 30 seconds

2026-02-22T18:36:20.159814Z  INFO   lyrics: "la la la la la la la la\nla la la la la la la la\noh oh oh oh oh oh oh oh\noh oh oh oh oh oh oh oh"
2026-02-22T18:36:20.159817Z  INFO   language: en
2026-02-22T18:36:20.159819Z  INFO   config: duration=30s overlap=8s crossfade=100ms shift=3
2026-02-22T18:36:20.159824Z  INFO   is_first=false use_overlap=true use_timbre=true use_crossfade=false
event:chunk chunk=80 audio=22.0s gen=1.31s2026-02-22T18:36:20.159826Z  INFO   DEBUG: chunk_frames=750 expected_audio_samples=2880000

2026-02-22T18:36:20.159831Z  INFO   DEBUG: context_frames=750 new_len=550 overlap=200 use_total_duration=false
2026-02-22T18:36:20.159833Z  INFO event:chunk chunk=80 audio=22.0s gen=1.31s
event:generating chunk=81
2026-02-22T18:36:20.194557Z  INFO Generating chunk (750 frames, 30.0s)...
2026-02-22T18:36:20.788349Z  INFO Diffusion (8 ODE steps): 0.59s
2026-02-22T18:36:21.243656Z  INFO VAE decode: 0.46s
2026-02-22T18:36:21.482131Z  INFO Total chunk: 1.32s
2026-02-22T18:36:21.486508Z  INFO   DEBUG: output_audio.samples=2112000 is_first=false
2026-02-22T18:36:21.486591Z  INFO === Streaming chunk 82 ===
2026-02-22T18:36:21.486598Z  INFO   caption: dark ambient drone, slow evolving pads, deep bass rumble, cinematic
2026-02-22T18:36:21.486602Z  INFO   metas: - bpm: 128
- timesignature: 4/4
- keyscale: A minor
- duration: 30 seconds

2026-02-22T18:36:21.486604Z  INFO   lyrics: "la la la la la la la la\nla la la la la la la la\noh oh oh oh oh oh oh oh\noh oh oh oh oh oh oh oh"
event:chunk chunk=81 audio=22.0s gen=1.33s2026-02-22T18:36:21.486607Z  INFO   language: en

2026-02-22T18:36:21.486610Z  INFO   config: duration=30s overlap=8s crossfade=100ms shift=3
2026-02-22T18:36:21.486612Z  INFO event:chunk chunk=81 audio=22.0s gen=1.33s
2026-02-22T18:36:21.486626Z  INFO   is_first=false use_overlap=true use_timbre=true use_crossfade=false
2026-02-22T18:36:21.486629Z  INFO   DEBUG: chunk_frames=750 expected_audio_samples=2880000
2026-02-22T18:36:21.486631Z  INFO   DEBUG: context_frames=750 new_len=550 overlap=200 use_total_duration=false
event:generating chunk=82
2026-02-22T18:36:21.520833Z  INFO Generating chunk (750 frames, 30.0s)...
2026-02-22T18:36:22.093739Z  INFO Diffusion (8 ODE steps): 0.57s
2026-02-22T18:36:22.562016Z  INFO VAE decode: 0.47s
2026-02-22T18:36:22.799500Z  INFO Total chunk: 1.31s
2026-02-22T18:36:22.803348Z  INFO   DEBUG: output_audio.samples=2112000 is_first=false
2026-02-22T18:36:22.803414Z  INFO === Streaming chunk 83 ===
2026-02-22T18:36:22.803416Z  INFO   caption: dark ambient drone, slow evolving pads, deep bass rumble, cinematic
2026-02-22T18:36:22.803418Z  INFO   metas: - bpm: 128
- timesignature: 4/4
- keyscale: A minor
- duration: 30 seconds

2026-02-22T18:36:22.803420Z  INFO   lyrics: "la la la la la la la la\nla la la la la la la la\noh oh oh oh oh oh oh oh\noh oh oh oh oh oh oh oh"
2026-02-22T18:36:22.803423Z  INFO   language: en
2026-02-22T18:36:22.803425Z  INFO   config: duration=30s overlap=8s crossfade=100ms shift=3
event:chunk chunk=82 audio=22.0s gen=1.32s2026-02-22T18:36:22.803429Z  INFO   is_first=false use_overlap=true use_timbre=true use_crossfade=false

2026-02-22T18:36:22.803433Z  INFO   DEBUG: chunk_frames=750 expected_audio_samples=2880000
2026-02-22T18:36:22.803434Z  INFO   DEBUG: context_frames=750 new_len=550 overlap=200 use_total_duration=false
2026-02-22T18:36:22.803434Z  INFO event:chunk chunk=82 audio=22.0s gen=1.32s
event:generating chunk=83
2026-02-22T18:36:22.835741Z  INFO Generating chunk (750 frames, 30.0s)...
2026-02-22T18:36:23.403840Z  INFO Diffusion (8 ODE steps): 0.57s
2026-02-22T18:36:23.860300Z  INFO VAE decode: 0.46s
2026-02-22T18:36:24.100255Z  INFO Total chunk: 1.30s
2026-02-22T18:36:24.104379Z  INFO   DEBUG: output_audio.samples=2112000 is_first=false
2026-02-22T18:36:24.104484Z  INFO === Streaming chunk 84 ===
2026-02-22T18:36:24.104487Z  INFO   caption: dark ambient drone, slow evolving pads, deep bass rumble, cinematic
2026-02-22T18:36:24.104490Z  INFO   metas: - bpm: 128
- timesignature: 4/4
- keyscale: A minor
- duration: 30 seconds

2026-02-22T18:36:24.104492Z  INFO   lyrics: "la la la la la la la la\nla la la la la la la la\noh oh oh oh oh oh oh oh\noh oh oh oh oh oh oh oh"
2026-02-22T18:36:24.104495Z  INFO   language: en
2026-02-22T18:36:24.104497Z  INFO   config: duration=30s overlap=8s crossfade=100ms shift=3
event:chunk chunk=83 audio=22.0s gen=1.30s2026-02-22T18:36:24.104502Z  INFO   is_first=false use_overlap=true use_timbre=true use_crossfade=false

2026-02-22T18:36:24.104504Z  INFO   DEBUG: chunk_frames=750 expected_audio_samples=2880000
2026-02-22T18:36:24.104507Z  INFO   DEBUG: context_frames=750 new_len=550 overlap=200 use_total_duration=false
2026-02-22T18:36:24.104506Z  INFO event:chunk chunk=83 audio=22.0s gen=1.30s
event:generating chunk=84
2026-02-22T18:36:24.136724Z  INFO Generating chunk (750 frames, 30.0s)...
2026-02-22T18:36:24.716557Z  INFO Diffusion (8 ODE steps): 0.58s
2026-02-22T18:36:25.175029Z  INFO VAE decode: 0.46s
2026-02-22T18:36:25.419538Z  INFO Total chunk: 1.31s
2026-02-22T18:36:25.424514Z  INFO   DEBUG: output_audio.samples=2112000 is_first=false
2026-02-22T18:36:25.424637Z  INFO === Streaming chunk 85 ===
2026-02-22T18:36:25.424642Z  INFO   caption: dark ambient drone, slow evolving pads, deep bass rumble, cinematic
2026-02-22T18:36:25.424644Z  INFO   metas: - bpm: 128
- timesignature: 4/4
- keyscale: A minor
- duration: 30 seconds

2026-02-22T18:36:25.424647Z  INFO   lyrics: "la la la la la la la la\nla la la la la la la la\noh oh oh oh oh oh oh oh\noh oh oh oh oh oh oh oh"
2026-02-22T18:36:25.424651Z  INFO   language: en
2026-02-22T18:36:25.424653Z  INFO   config: duration=30s overlap=8s crossfade=100ms shift=3
event:chunk chunk=84 audio=22.0s gen=1.32s2026-02-22T18:36:25.424670Z  INFO   is_first=false use_overlap=true use_timbre=true use_crossfade=false

2026-02-22T18:36:25.424673Z  INFO   DEBUG: chunk_frames=750 expected_audio_samples=2880000
2026-02-22T18:36:25.424676Z  INFO   DEBUG: context_frames=750 new_len=550 overlap=200 use_total_duration=false
2026-02-22T18:36:25.424675Z  INFO event:chunk chunk=84 audio=22.0s gen=1.32s
event:generating chunk=85
2026-02-22T18:36:25.459646Z  INFO Generating chunk (750 frames, 30.0s)...
2026-02-22T18:36:26.045518Z  INFO Diffusion (8 ODE steps): 0.59s
2026-02-22T18:36:26.498887Z  INFO VAE decode: 0.45s
2026-02-22T18:36:26.736150Z  INFO Total chunk: 1.31s
2026-02-22T18:36:26.740443Z  INFO   DEBUG: output_audio.samples=2112000 is_first=false
2026-02-22T18:36:26.740539Z  INFO === Streaming chunk 86 ===
2026-02-22T18:36:26.740542Z  INFO   caption: dark ambient drone, slow evolving pads, deep bass rumble, cinematic
2026-02-22T18:36:26.740544Z  INFO   metas: - bpm: 128
- timesignature: 4/4
- keyscale: A minor
- duration: 30 seconds

2026-02-22T18:36:26.740547Z  INFO   lyrics: "la la la la la la la la\nla la la la la la la la\noh oh oh oh oh oh oh oh\noh oh oh oh oh oh oh oh"
2026-02-22T18:36:26.740550Z  INFO   language: en
event:chunk chunk=85 audio=22.0s gen=1.32s2026-02-22T18:36:26.740552Z  INFO   config: duration=30s overlap=8s crossfade=100ms shift=3

2026-02-22T18:36:26.740558Z  INFO   is_first=false use_overlap=true use_timbre=true use_crossfade=false
2026-02-22T18:36:26.740559Z  INFO event:chunk chunk=85 audio=22.0s gen=1.32s
2026-02-22T18:36:26.740561Z  INFO   DEBUG: chunk_frames=750 expected_audio_samples=2880000
2026-02-22T18:36:26.740564Z  INFO   DEBUG: context_frames=750 new_len=550 overlap=200 use_total_duration=false
event:generating chunk=86
2026-02-22T18:36:26.774741Z  INFO Generating chunk (750 frames, 30.0s)...
2026-02-22T18:36:27.354589Z  INFO Diffusion (8 ODE steps): 0.58s
2026-02-22T18:36:27.807209Z  INFO VAE decode: 0.45s
2026-02-22T18:36:28.046474Z  INFO Total chunk: 1.31s
2026-02-22T18:36:28.050534Z  INFO   DEBUG: output_audio.samples=2112000 is_first=false
2026-02-22T18:36:28.050633Z  INFO === Streaming chunk 87 ===
2026-02-22T18:36:28.050637Z  INFO   caption: dark ambient drone, slow evolving pads, deep bass rumble, cinematic
2026-02-22T18:36:28.050639Z  INFO   metas: - bpm: 128
- timesignature: 4/4
- keyscale: A minor
- duration: 30 seconds

2026-02-22T18:36:28.050641Z  INFO   lyrics: "la la la la la la la la\nla la la la la la la la\noh oh oh oh oh oh oh oh\noh oh oh oh oh oh oh oh"
2026-02-22T18:36:28.050645Z  INFO   language: en
2026-02-22T18:36:28.050647Z  INFO   config: duration=30s overlap=8s crossfade=100ms shift=3
event:chunk chunk=86 audio=22.0s gen=1.31s2026-02-22T18:36:28.050653Z  INFO   is_first=false use_overlap=true use_timbre=true use_crossfade=false

2026-02-22T18:36:28.050659Z  INFO   DEBUG: chunk_frames=750 expected_audio_samples=2880000
2026-02-22T18:36:28.050665Z  INFO   DEBUG: context_frames=750 new_len=550 overlap=200 use_total_duration=false
2026-02-22T18:36:28.050665Z  INFO event:chunk chunk=86 audio=22.0s gen=1.31s
event:generating chunk=87
2026-02-22T18:36:28.083363Z  INFO Generating chunk (750 frames, 30.0s)...
2026-02-22T18:36:28.671944Z  INFO Diffusion (8 ODE steps): 0.59s
2026-02-22T18:36:29.143010Z  INFO VAE decode: 0.47s
2026-02-22T18:36:29.379412Z  INFO Total chunk: 1.33s
2026-02-22T18:36:29.383394Z  INFO   DEBUG: output_audio.samples=2112000 is_first=false
2026-02-22T18:36:29.383475Z  INFO === Streaming chunk 88 ===
2026-02-22T18:36:29.383478Z  INFO   caption: dark ambient drone, slow evolving pads, deep bass rumble, cinematic
2026-02-22T18:36:29.383480Z  INFO   metas: - bpm: 128
- timesignature: 4/4
- keyscale: A minor
- duration: 30 seconds

2026-02-22T18:36:29.383482Z  INFO   lyrics: "la la la la la la la la\nla la la la la la la la\noh oh oh oh oh oh oh oh\noh oh oh oh oh oh oh oh"
2026-02-22T18:36:29.383486Z  INFO   language: en
2026-02-22T18:36:29.383487Z  INFO   config: duration=30s overlap=8s crossfade=100ms shift=3
event:chunk chunk=87 audio=22.0s gen=1.33s2026-02-22T18:36:29.383509Z  INFO   is_first=false use_overlap=true use_timbre=true use_crossfade=false

2026-02-22T18:36:29.383513Z  INFO   DEBUG: chunk_frames=750 expected_audio_samples=2880000
2026-02-22T18:36:29.383515Z  INFO   DEBUG: context_frames=750 new_len=550 overlap=200 use_total_duration=false
2026-02-22T18:36:29.383515Z  INFO event:chunk chunk=87 audio=22.0s gen=1.33s
event:generating chunk=88
2026-02-22T18:36:29.417759Z  INFO Generating chunk (750 frames, 30.0s)...
2026-02-22T18:36:29.997566Z  INFO Diffusion (8 ODE steps): 0.58s
2026-02-22T18:36:30.456925Z  INFO VAE decode: 0.46s
2026-02-22T18:36:30.692452Z  INFO Total chunk: 1.31s
2026-02-22T18:36:30.697143Z  INFO   DEBUG: output_audio.samples=2112000 is_first=false
2026-02-22T18:36:30.697212Z  INFO === Streaming chunk 89 ===
2026-02-22T18:36:30.697215Z  INFO   caption: dark ambient drone, slow evolving pads, deep bass rumble, cinematic
2026-02-22T18:36:30.697217Z  INFO   metas: - bpm: 128
- timesignature: 4/4
- keyscale: A minor
- duration: 30 seconds

2026-02-22T18:36:30.697219Z  INFO   lyrics: "la la la la la la la la\nla la la la la la la la\noh oh oh oh oh oh oh oh\noh oh oh oh oh oh oh oh"
2026-02-22T18:36:30.697222Z  INFO   language: en
2026-02-22T18:36:30.697224Z  INFO   config: duration=30s overlap=8s crossfade=100ms shift=3
2026-02-22T18:36:30.697229Z  INFO   is_first=false use_overlap=true use_timbre=true use_crossfade=false
event:chunk chunk=88 audio=22.0s gen=1.31s2026-02-22T18:36:30.697231Z  INFO   DEBUG: chunk_frames=750 expected_audio_samples=2880000

2026-02-22T18:36:30.697235Z  INFO   DEBUG: context_frames=750 new_len=550 overlap=200 use_total_duration=false
2026-02-22T18:36:30.697237Z  INFO event:chunk chunk=88 audio=22.0s gen=1.31s
event:generating chunk=89
2026-02-22T18:36:30.730320Z  INFO Generating chunk (750 frames, 30.0s)...
2026-02-22T18:36:31.312797Z  INFO Diffusion (8 ODE steps): 0.58s
2026-02-22T18:36:31.787460Z  INFO VAE decode: 0.47s
2026-02-22T18:36:32.031374Z  INFO Total chunk: 1.33s
2026-02-22T18:36:32.035263Z  INFO   DEBUG: output_audio.samples=2112000 is_first=false
2026-02-22T18:36:32.035336Z  INFO === Streaming chunk 90 ===
2026-02-22T18:36:32.035339Z  INFO   caption: dark ambient drone, slow evolving pads, deep bass rumble, cinematic
2026-02-22T18:36:32.035341Z  INFO   metas: - bpm: 128
- timesignature: 4/4
- keyscale: A minor
- duration: 30 seconds

2026-02-22T18:36:32.035343Z  INFO   lyrics: "la la la la la la la la\nla la la la la la la la\noh oh oh oh oh oh oh oh\noh oh oh oh oh oh oh oh"
2026-02-22T18:36:32.035346Z  INFO   language: en
2026-02-22T18:36:32.035348Z  INFO   config: duration=30s overlap=8s crossfade=100ms shift=3
event:chunk chunk=89 audio=22.0s gen=1.34s2026-02-22T18:36:32.035352Z  INFO   is_first=false use_overlap=true use_timbre=true use_crossfade=false

2026-02-22T18:36:32.035356Z  INFO   DEBUG: chunk_frames=750 expected_audio_samples=2880000
2026-02-22T18:36:32.035358Z  INFO   DEBUG: context_frames=750 new_len=550 overlap=200 use_total_duration=false
2026-02-22T18:36:32.035358Z  INFO event:chunk chunk=89 audio=22.0s gen=1.34s
event:generating chunk=90
2026-02-22T18:36:32.068167Z  INFO Generating chunk (750 frames, 30.0s)...
2026-02-22T18:36:32.638698Z  INFO Diffusion (8 ODE steps): 0.57s
2026-02-22T18:36:32.706082Z  INFO socket cmd: "restart"
2026-02-22T18:36:32.706126Z  INFO Restarting: "/home/marenz/Projects/ace-step-rs/target/release/examples/stream_daemon" ["--socket", "/tmp/ace-step.sock"]
2026-02-22T18:36:33.099243Z  INFO VAE decode: 0.46s
Listening on /tmp/ace-step.sock
2026-02-22T18:36:33.247071Z  INFO Listening on /tmp/ace-step.sock
2026-02-22T18:36:33.543625Z  INFO Downloading ACE-Step v1.5 models from HuggingFace...
2026-02-22T18:36:33.543718Z  INFO All models downloaded successfully
2026-02-22T18:36:33.544059Z  INFO Loading tokenizer...
2026-02-22T18:36:33.916875Z  INFO Loading Qwen3 text encoder...
2026-02-22T18:36:34.323207Z  INFO Loading DiT generation model...
2026-02-22T18:36:35.532136Z  INFO Loading VAE decoder...
2026-02-22T18:36:35.578961Z  INFO Loading silence latent...
2026-02-22T18:36:35.586913Z  INFO Loaded silence_latent: shape [1, 15000, 64], dtype F32
2026-02-22T18:36:35.586946Z  INFO Pipeline loaded successfully
2026-02-22T18:36:35.594036Z  INFO === Streaming chunk 0 ===
Pipeline ready. Generating first chunk...
2026-02-22T18:36:35.594058Z  INFO   caption: Driving synthwave with retro 80s analog synths, pulsing bass, soaring arpeggios, neon-lit atmospheric pads, energetic beat with heavy kick and hi-hats, upbeat futuristic dance music
2026-02-22T18:36:35.594063Z  INFO   metas: - bpm: 128
- timesignature: 4/4
- keyscale: A minor
- duration: 30 seconds

2026-02-22T18:36:35.594065Z  INFO   lyrics: "la la la la la la la la\nla la la la la la la la\noh oh oh oh oh oh oh oh\noh oh oh oh oh oh oh oh"
2026-02-22T18:36:35.594064Z  INFO Pipeline ready
2026-02-22T18:36:35.594069Z  INFO   language: en
event:generating chunk=0
2026-02-22T18:36:35.594071Z  INFO   config: duration=30s overlap=8s crossfade=100ms shift=3
2026-02-22T18:36:35.594079Z  INFO   is_first=true use_overlap=false use_timbre=false use_crossfade=false
2026-02-22T18:36:35.594081Z  INFO   DEBUG: chunk_frames=750 expected_audio_samples=2880000
2026-02-22T18:36:35.594083Z  INFO   DEBUG: context_frames=750 new_len=550 overlap=200 use_total_duration=false
2026-02-22T18:36:35.644089Z  INFO Generating chunk (750 frames, 30.0s)...
2026-02-22T18:36:36.220862Z  INFO Diffusion (8 ODE steps): 0.58s
2026-02-22T18:36:36.681115Z  INFO VAE decode: 0.46s
2026-02-22T18:36:36.924294Z  INFO Total chunk: 1.33s
2026-02-22T18:36:36.924403Z  INFO   DEBUG: output_audio.samples=2880000 is_first=true
2026-02-22T18:36:36.924414Z  INFO   DEBUG: saved tail for next chunk: 9600 samples
2026-02-22T18:36:36.924433Z  INFO === Streaming chunk 1 ===
2026-02-22T18:36:36.924436Z  INFO   caption: Driving synthwave with retro 80s analog synths, pulsing bass, soaring arpeggios, neon-lit atmospheric pads, energetic beat with heavy kick and hi-hats, upbeat futuristic dance music
2026-02-22T18:36:36.924440Z  INFO   metas: - bpm: 128
- timesignature: 4/4
- keyscale: A minor
- duration: 30 seconds

2026-02-22T18:36:36.924442Z  INFO   lyrics: "la la la la la la la la\nla la la la la la la la\noh oh oh oh oh oh oh oh\noh oh oh oh oh oh oh oh"
2026-02-22T18:36:36.924447Z  INFO   language: en
event:chunk chunk=0 audio=30.0s gen=1.33s2026-02-22T18:36:36.924450Z  INFO   config: duration=30s overlap=8s crossfade=100ms shift=3

2026-02-22T18:36:36.924461Z  INFO   is_first=false use_overlap=true use_timbre=true use_crossfade=false
2026-02-22T18:36:36.924465Z  INFO   DEBUG: chunk_frames=750 expected_audio_samples=2880000
2026-02-22T18:36:36.924465Z  INFO event:chunk chunk=0 audio=30.0s gen=1.33s
2026-02-22T18:36:36.924467Z  INFO   DEBUG: context_frames=750 new_len=550 overlap=200 use_total_duration=false
event:generating chunk=1
2026-02-22T18:36:36.959487Z  INFO Generating chunk (750 frames, 30.0s)...
2026-02-22T18:36:37.544761Z  INFO Diffusion (8 ODE steps): 0.58s
2026-02-22T18:36:38.001609Z  INFO VAE decode: 0.46s
2026-02-22T18:36:38.242755Z  INFO Total chunk: 1.32s
2026-02-22T18:36:38.243884Z  INFO   DEBUG: output_audio.samples=2112000 is_first=false
2026-02-22T18:36:38.243934Z  INFO === Streaming chunk 2 ===
2026-02-22T18:36:38.243938Z  INFO   caption: Driving synthwave with retro 80s analog synths, pulsing bass, soaring arpeggios, neon-lit atmospheric pads, energetic beat with heavy kick and hi-hats, upbeat futuristic dance music
2026-02-22T18:36:38.243941Z  INFO   metas: - bpm: 128
- timesignature: 4/4
- keyscale: A minor
- duration: 30 seconds

2026-02-22T18:36:38.243944Z  INFO   lyrics: "la la la la la la la la\nla la la la la la la la\noh oh oh oh oh oh oh oh\noh oh oh oh oh oh oh oh"
2026-02-22T18:36:38.243948Z  INFO   language: en
event:chunk chunk=1 audio=22.0s gen=1.32s2026-02-22T18:36:38.243950Z  INFO   config: duration=30s overlap=8s crossfade=100ms shift=3

2026-02-22T18:36:38.243962Z  INFO   is_first=false use_overlap=true use_timbre=true use_crossfade=false
2026-02-22T18:36:38.243965Z  INFO   DEBUG: chunk_frames=750 expected_audio_samples=2880000
2026-02-22T18:36:38.243965Z  INFO event:chunk chunk=1 audio=22.0s gen=1.32s
2026-02-22T18:36:38.243985Z  INFO   DEBUG: context_frames=750 new_len=550 overlap=200 use_total_duration=false
event:generating chunk=2
2026-02-22T18:36:38.279160Z  INFO Generating chunk (750 frames, 30.0s)...
2026-02-22T18:36:38.860612Z  INFO Diffusion (8 ODE steps): 0.58s
2026-02-22T18:36:39.311278Z  INFO VAE decode: 0.45s
2026-02-22T18:36:39.554072Z  INFO Total chunk: 1.31s
2026-02-22T18:36:39.555149Z  INFO   DEBUG: output_audio.samples=2112000 is_first=false
2026-02-22T18:36:39.555209Z  INFO === Streaming chunk 3 ===
2026-02-22T18:36:39.555211Z  INFO   caption: Driving synthwave with retro 80s analog synths, pulsing bass, soaring arpeggios, neon-lit atmospheric pads, energetic beat with heavy kick and hi-hats, upbeat futuristic dance music
2026-02-22T18:36:39.555214Z  INFO   metas: - bpm: 128
- timesignature: 4/4
- keyscale: A minor
- duration: 30 seconds

2026-02-22T18:36:39.555216Z  INFO   lyrics: "la la la la la la la la\nla la la la la la la la\noh oh oh oh oh oh oh oh\noh oh oh oh oh oh oh oh"
2026-02-22T18:36:39.555219Z  INFO   language: en
2026-02-22T18:36:39.555221Z  INFO   config: duration=30s overlap=8s crossfade=100ms shift=3
2026-02-22T18:36:39.555227Z  INFO   is_first=false use_overlap=true use_timbre=true use_crossfade=false
event:chunk chunk=2 audio=22.0s gen=1.31s2026-02-22T18:36:39.555229Z  INFO   DEBUG: chunk_frames=750 expected_audio_samples=2880000

2026-02-22T18:36:39.555234Z  INFO   DEBUG: context_frames=750 new_len=550 overlap=200 use_total_duration=false
2026-02-22T18:36:39.555236Z  INFO event:chunk chunk=2 audio=22.0s gen=1.31s
event:generating chunk=3
2026-02-22T18:36:39.591376Z  INFO Generating chunk (750 frames, 30.0s)...
2026-02-22T18:36:40.175790Z  INFO Diffusion (8 ODE steps): 0.58s
2026-02-22T18:36:40.633620Z  INFO VAE decode: 0.46s
2026-02-22T18:36:40.863853Z  INFO Total chunk: 1.31s
2026-02-22T18:36:40.864917Z  INFO   DEBUG: output_audio.samples=2112000 is_first=false
2026-02-22T18:36:40.864965Z  INFO === Streaming chunk 4 ===
2026-02-22T18:36:40.864968Z  INFO   caption: Driving synthwave with retro 80s analog synths, pulsing bass, soaring arpeggios, neon-lit atmospheric pads, energetic beat with heavy kick and hi-hats, upbeat futuristic dance music
2026-02-22T18:36:40.864970Z  INFO   metas: - bpm: 128
- timesignature: 4/4
- keyscale: A minor
- duration: 30 seconds

2026-02-22T18:36:40.864972Z  INFO   lyrics: "la la la la la la la la\nla la la la la la la la\noh oh oh oh oh oh oh oh\noh oh oh oh oh oh oh oh"
2026-02-22T18:36:40.864975Z  INFO   language: en
2026-02-22T18:36:40.864977Z  INFO   config: duration=30s overlap=8s crossfade=100ms shift=3
2026-02-22T18:36:40.864983Z  INFO   is_first=false use_overlap=true use_timbre=true use_crossfade=false
event:chunk chunk=3 audio=22.0s gen=1.31s2026-02-22T18:36:40.864985Z  INFO   DEBUG: chunk_frames=750 expected_audio_samples=2880000

2026-02-22T18:36:40.864989Z  INFO   DEBUG: context_frames=750 new_len=550 overlap=200 use_total_duration=false
2026-02-22T18:36:40.864991Z  INFO event:chunk chunk=3 audio=22.0s gen=1.31s
event:generating chunk=4
2026-02-22T18:36:40.900995Z  INFO Generating chunk (750 frames, 30.0s)...
2026-02-22T18:36:41.475957Z  INFO Diffusion (8 ODE steps): 0.57s
2026-02-22T18:36:41.925285Z  INFO VAE decode: 0.45s
2026-02-22T18:36:42.161415Z  INFO Total chunk: 1.30s
2026-02-22T18:36:42.165701Z  INFO   DEBUG: output_audio.samples=2112000 is_first=false
2026-02-22T18:36:42.165762Z  INFO === Streaming chunk 5 ===
2026-02-22T18:36:42.165764Z  INFO   caption: Driving synthwave with retro 80s analog synths, pulsing bass, soaring arpeggios, neon-lit atmospheric pads, energetic beat with heavy kick and hi-hats, upbeat futuristic dance music
2026-02-22T18:36:42.165767Z  INFO   metas: - bpm: 128
- timesignature: 4/4
- keyscale: A minor
- duration: 30 seconds

2026-02-22T18:36:42.165769Z  INFO   lyrics: "la la la la la la la la\nla la la la la la la la\noh oh oh oh oh oh oh oh\noh oh oh oh oh oh oh oh"
2026-02-22T18:36:42.165772Z  INFO   language: en
event:chunk chunk=4 audio=22.0s gen=1.30s
2026-02-22T18:36:42.165784Z  INFO   config: duration=30s overlap=8s crossfade=100ms shift=3
2026-02-22T18:36:42.165789Z  INFO   is_first=false use_overlap=true use_timbre=true use_crossfade=false
2026-02-22T18:36:42.165791Z  INFO   DEBUG: chunk_frames=750 expected_audio_samples=2880000
2026-02-22T18:36:42.165789Z  INFO event:chunk chunk=4 audio=22.0s gen=1.30s
2026-02-22T18:36:42.165793Z  INFO   DEBUG: context_frames=750 new_len=550 overlap=200 use_total_duration=false
event:generating chunk=5
2026-02-22T18:36:42.200613Z  INFO Generating chunk (750 frames, 30.0s)...
2026-02-22T18:36:42.767284Z  INFO Diffusion (8 ODE steps): 0.57s
2026-02-22T18:36:43.240055Z  INFO VAE decode: 0.47s
2026-02-22T18:36:43.487997Z  INFO Total chunk: 1.32s
2026-02-22T18:36:43.492069Z  INFO   DEBUG: output_audio.samples=2112000 is_first=false
2026-02-22T18:36:43.492190Z  INFO === Streaming chunk 6 ===
2026-02-22T18:36:43.492193Z  INFO   caption: Driving synthwave with retro 80s analog synths, pulsing bass, soaring arpeggios, neon-lit atmospheric pads, energetic beat with heavy kick and hi-hats, upbeat futuristic dance music
2026-02-22T18:36:43.492195Z  INFO   metas: - bpm: 128
- timesignature: 4/4
- keyscale: A minor
- duration: 30 seconds

2026-02-22T18:36:43.492197Z  INFO   lyrics: "la la la la la la la la\nla la la la la la la la\noh oh oh oh oh oh oh oh\noh oh oh oh oh oh oh oh"
2026-02-22T18:36:43.492203Z  INFO   language: en
2026-02-22T18:36:43.492204Z  INFO   config: duration=30s overlap=8s crossfade=100ms shift=3
2026-02-22T18:36:43.492213Z  INFO   is_first=false use_overlap=true use_timbre=true use_crossfade=false
event:chunk chunk=5 audio=22.0s gen=1.33s2026-02-22T18:36:43.492215Z  INFO   DEBUG: chunk_frames=750 expected_audio_samples=2880000

2026-02-22T18:36:43.492220Z  INFO   DEBUG: context_frames=750 new_len=550 overlap=200 use_total_duration=false
2026-02-22T18:36:43.492223Z  INFO event:chunk chunk=5 audio=22.0s gen=1.33s
event:generating chunk=6
2026-02-22T18:36:43.528014Z  INFO Generating chunk (750 frames, 30.0s)...
2026-02-22T18:36:44.100758Z  INFO Diffusion (8 ODE steps): 0.57s
2026-02-22T18:36:44.554720Z  INFO VAE decode: 0.45s
2026-02-22T18:36:44.793801Z  INFO Total chunk: 1.30s
2026-02-22T18:36:44.797827Z  INFO   DEBUG: output_audio.samples=2112000 is_first=false
2026-02-22T18:36:44.797891Z  INFO === Streaming chunk 7 ===
2026-02-22T18:36:44.797894Z  INFO   caption: Driving synthwave with retro 80s analog synths, pulsing bass, soaring arpeggios, neon-lit atmospheric pads, energetic beat with heavy kick and hi-hats, upbeat futuristic dance music
2026-02-22T18:36:44.797896Z  INFO   metas: - bpm: 128
- timesignature: 4/4
- keyscale: A minor
- duration: 30 seconds

2026-02-22T18:36:44.797898Z  INFO   lyrics: "la la la la la la la la\nla la la la la la la la\noh oh oh oh oh oh oh oh\noh oh oh oh oh oh oh oh"
2026-02-22T18:36:44.797902Z  INFO   language: en
2026-02-22T18:36:44.797903Z  INFO   config: duration=30s overlap=8s crossfade=100ms shift=3
event:chunk chunk=6 audio=22.0s gen=1.31s2026-02-22T18:36:44.797908Z  INFO   is_first=false use_overlap=true use_timbre=true use_crossfade=false

2026-02-22T18:36:44.797913Z  INFO   DEBUG: chunk_frames=750 expected_audio_samples=2880000
2026-02-22T18:36:44.797915Z  INFO   DEBUG: context_frames=750 new_len=550 overlap=200 use_total_duration=false
2026-02-22T18:36:44.797914Z  INFO event:chunk chunk=6 audio=22.0s gen=1.31s
event:generating chunk=7
2026-02-22T18:36:44.833670Z  INFO Generating chunk (750 frames, 30.0s)...
2026-02-22T18:36:45.419038Z  INFO Diffusion (8 ODE steps): 0.58s
2026-02-22T18:36:45.869409Z  INFO VAE decode: 0.45s
2026-02-22T18:36:46.104128Z  INFO Total chunk: 1.31s
2026-02-22T18:36:46.107955Z  INFO   DEBUG: output_audio.samples=2112000 is_first=false
2026-02-22T18:36:46.108013Z  INFO === Streaming chunk 8 ===
2026-02-22T18:36:46.108015Z  INFO   caption: Driving synthwave with retro 80s analog synths, pulsing bass, soaring arpeggios, neon-lit atmospheric pads, energetic beat with heavy kick and hi-hats, upbeat futuristic dance music
2026-02-22T18:36:46.108029Z  INFO   metas: - bpm: 128
- timesignature: 4/4
- keyscale: A minor
- duration: 30 seconds

2026-02-22T18:36:46.108031Z  INFO   lyrics: "la la la la la la la la\nla la la la la la la la\noh oh oh oh oh oh oh oh\noh oh oh oh oh oh oh oh"
event:chunk chunk=7 audio=22.0s gen=1.31s2026-02-22T18:36:46.108035Z  INFO   language: en

2026-02-22T18:36:46.108038Z  INFO   config: duration=30s overlap=8s crossfade=100ms shift=3
2026-02-22T18:36:46.108042Z  INFO   is_first=false use_overlap=true use_timbre=true use_crossfade=false
2026-02-22T18:36:46.108040Z  INFO event:chunk chunk=7 audio=22.0s gen=1.31s
2026-02-22T18:36:46.108044Z  INFO   DEBUG: chunk_frames=750 expected_audio_samples=2880000
event:generating chunk=82026-02-22T18:36:46.108046Z  INFO   DEBUG: context_frames=750 new_len=550 overlap=200 use_total_duration=false

2026-02-22T18:36:46.145044Z  INFO Generating chunk (750 frames, 30.0s)...
2026-02-22T18:36:46.714489Z  INFO Diffusion (8 ODE steps): 0.57s
2026-02-22T18:36:47.172616Z  INFO VAE decode: 0.46s
2026-02-22T18:36:47.415866Z  INFO Total chunk: 1.31s
2026-02-22T18:36:47.419877Z  INFO   DEBUG: output_audio.samples=2112000 is_first=false
2026-02-22T18:36:47.419948Z  INFO === Streaming chunk 9 ===
2026-02-22T18:36:47.419951Z  INFO   caption: Driving synthwave with retro 80s analog synths, pulsing bass, soaring arpeggios, neon-lit atmospheric pads, energetic beat with heavy kick and hi-hats, upbeat futuristic dance music
2026-02-22T18:36:47.419953Z  INFO   metas: - bpm: 128
- timesignature: 4/4
- keyscale: A minor
- duration: 30 seconds

2026-02-22T18:36:47.419955Z  INFO   lyrics: "la la la la la la la la\nla la la la la la la la\noh oh oh oh oh oh oh oh\noh oh oh oh oh oh oh oh"
2026-02-22T18:36:47.419959Z  INFO   language: en
2026-02-22T18:36:47.419961Z  INFO   config: duration=30s overlap=8s crossfade=100ms shift=3
event:chunk chunk=8 audio=22.0s gen=1.31s2026-02-22T18:36:47.419967Z  INFO   is_first=false use_overlap=true use_timbre=true use_crossfade=false

2026-02-22T18:36:47.419973Z  INFO   DEBUG: chunk_frames=750 expected_audio_samples=2880000
2026-02-22T18:36:47.419975Z  INFO   DEBUG: context_frames=750 new_len=550 overlap=200 use_total_duration=false
2026-02-22T18:36:47.419975Z  INFO event:chunk chunk=8 audio=22.0s gen=1.31s
event:generating chunk=9
2026-02-22T18:36:47.456960Z  INFO Generating chunk (750 frames, 30.0s)...
2026-02-22T18:36:48.028929Z  INFO Diffusion (8 ODE steps): 0.57s
2026-02-22T18:36:48.497598Z  INFO VAE decode: 0.47s
2026-02-22T18:36:48.738196Z  INFO Total chunk: 1.32s
2026-02-22T18:36:48.742374Z  INFO   DEBUG: output_audio.samples=2112000 is_first=false
2026-02-22T18:36:48.742434Z  INFO === Streaming chunk 10 ===
2026-02-22T18:36:48.742436Z  INFO   caption: Driving synthwave with retro 80s analog synths, pulsing bass, soaring arpeggios, neon-lit atmospheric pads, energetic beat with heavy kick and hi-hats, upbeat futuristic dance music
2026-02-22T18:36:48.742439Z  INFO   metas: - bpm: 128
- timesignature: 4/4
- keyscale: A minor
- duration: 30 seconds

2026-02-22T18:36:48.742441Z  INFO   lyrics: "la la la la la la la la\nla la la la la la la la\noh oh oh oh oh oh oh oh\noh oh oh oh oh oh oh oh"
2026-02-22T18:36:48.742444Z  INFO   language: en
2026-02-22T18:36:48.742446Z  INFO   config: duration=30s overlap=8s crossfade=100ms shift=3
event:chunk chunk=9 audio=22.0s gen=1.32s2026-02-22T18:36:48.742450Z  INFO   is_first=false use_overlap=true use_timbre=true use_crossfade=false

2026-02-22T18:36:48.742454Z  INFO   DEBUG: chunk_frames=750 expected_audio_samples=2880000
2026-02-22T18:36:48.742456Z  INFO   DEBUG: context_frames=750 new_len=550 overlap=200 use_total_duration=false
2026-02-22T18:36:48.742456Z  INFO event:chunk chunk=9 audio=22.0s gen=1.32s
event:generating chunk=10
2026-02-22T18:36:48.778846Z  INFO Generating chunk (750 frames, 30.0s)...
2026-02-22T18:36:49.366146Z  INFO Diffusion (8 ODE steps): 0.59s
2026-02-22T18:36:49.639726Z  INFO socket cmd: "quit"
2026-02-22T18:36:49.827702Z  INFO VAE decode: 0.46s
2026-02-22T18:36:50.070219Z  INFO Total chunk: 1.33s
2026-02-22T18:36:50.074718Z  INFO   DEBUG: output_audio.samples=2112000 is_first=false
Done.
2026-02-22T19:09:22.175196Z  INFO Listening on /tmp/ace-step.sock
2026-02-22T19:09:22.417339Z  INFO Downloading ACE-Step v1.5 models from HuggingFace...
2026-02-22T19:09:22.417670Z  INFO All models downloaded successfully
2026-02-22T19:09:22.417972Z  INFO Loading tokenizer...
2026-02-22T19:09:22.750563Z  INFO Loading Qwen3 text encoder...
2026-02-22T19:09:23.136361Z  INFO Loading DiT generation model...
2026-02-22T19:09:24.856521Z  INFO Loading VAE decoder...
2026-02-22T19:09:24.912157Z  INFO Loading silence latent...
2026-02-22T19:09:24.920072Z  INFO Loaded silence_latent: shape [1, 15000, 64], dtype F32
2026-02-22T19:09:24.920099Z  INFO Pipeline loaded successfully
2026-02-22T19:09:24.927117Z  INFO === Sliding window step 0 (pos=0s window=240s step=30s is_first=true) ===
2026-02-22T19:09:24.927155Z  INFO Pipeline ready
2026-02-22T19:09:24.977879Z  INFO Generating chunk (6000 frames, 240.0s)...
2026-02-22T19:09:31.660613Z  INFO Diffusion (8 ODE steps): 6.68s
2026-02-22T19:09:36.678726Z  INFO VAE decode: 5.02s
2026-02-22T19:09:37.195660Z  INFO Total chunk: 12.27s
2026-02-22T19:09:37.217458Z  INFO === Sliding window step 1 (pos=30s window=240s step=30s is_first=false) ===
2026-02-22T19:09:37.217484Z  INFO event:step step=0 pos=0s audio=30.0s gen=12.29s step_s=30s window_s=240s
2026-02-22T19:09:37.253655Z  INFO Generating chunk (6000 frames, 240.0s)...
2026-02-22T19:09:44.011027Z  INFO Diffusion (8 ODE steps): 6.75s
2026-02-22T19:09:49.078128Z  INFO VAE decode: 5.07s
2026-02-22T19:09:49.588108Z  INFO Total chunk: 12.37s
2026-02-22T19:09:49.607845Z  INFO === Sliding window step 2 (pos=60s window=240s step=30s is_first=false) ===
2026-02-22T19:09:49.607873Z  INFO event:step step=1 pos=30s audio=30.0s gen=12.39s step_s=30s window_s=240s
2026-02-22T19:09:49.642087Z  INFO Generating chunk (6000 frames, 240.0s)...
2026-02-22T19:09:56.480857Z  INFO Diffusion (8 ODE steps): 6.84s
2026-02-22T19:10:01.564860Z  INFO VAE decode: 5.08s
2026-02-22T19:10:02.076598Z  INFO Total chunk: 12.47s
2026-02-22T19:10:07.250002Z  INFO === Sliding window step 3 (pos=90s window=240s step=30s is_first=false) ===
2026-02-22T19:10:07.250034Z  INFO event:step step=2 pos=60s audio=30.0s gen=12.49s step_s=30s window_s=240s
2026-02-22T19:10:07.285125Z  INFO Generating chunk (6000 frames, 240.0s)...
2026-02-22T19:10:14.125832Z  INFO Diffusion (8 ODE steps): 6.84s
2026-02-22T19:10:19.222693Z  INFO VAE decode: 5.10s
2026-02-22T19:10:19.722431Z  INFO Total chunk: 12.47s
2026-02-22T19:10:37.372802Z  INFO === Sliding window step 4 (pos=120s window=240s step=30s is_first=false) ===
2026-02-22T19:10:37.372829Z  INFO event:step step=3 pos=90s audio=30.0s gen=12.49s step_s=30s window_s=240s
2026-02-22T19:10:37.426785Z  INFO Generating chunk (6000 frames, 240.0s)...
2026-02-22T19:10:44.416633Z  INFO Diffusion (8 ODE steps): 6.99s
2026-02-22T19:10:49.580953Z  INFO VAE decode: 5.16s
2026-02-22T19:10:50.094906Z  INFO Total chunk: 12.70s
2026-02-22T19:11:07.453016Z  INFO === Sliding window step 5 (pos=150s window=240s step=30s is_first=false) ===
2026-02-22T19:11:07.453040Z  INFO event:step step=4 pos=120s audio=30.0s gen=12.74s step_s=30s window_s=240s
2026-02-22T19:11:07.498386Z  INFO Generating chunk (6000 frames, 240.0s)...
2026-02-22T19:11:14.290663Z  INFO Diffusion (8 ODE steps): 6.79s
2026-02-22T19:11:19.402086Z  INFO VAE decode: 5.11s
2026-02-22T19:11:19.915742Z  INFO Total chunk: 12.45s
2026-02-22T19:11:37.575978Z  INFO === Sliding window step 6 (pos=180s window=240s step=30s is_first=false) ===
2026-02-22T19:11:37.576008Z  INFO event:step step=5 pos=150s audio=30.0s gen=12.48s step_s=30s window_s=240s
2026-02-22T19:11:37.624145Z  INFO Generating chunk (6000 frames, 240.0s)...
2026-02-22T19:11:44.272687Z  INFO Diffusion (8 ODE steps): 6.65s
2026-02-22T19:11:49.275521Z  INFO VAE decode: 5.00s
2026-02-22T19:11:49.773602Z  INFO Total chunk: 12.18s
2026-02-22T19:12:07.656314Z  INFO === Sliding window step 7 (pos=210s window=240s step=30s is_first=false) ===
2026-02-22T19:12:07.656351Z  INFO event:step step=6 pos=180s audio=30.0s gen=12.22s step_s=30s window_s=240s
2026-02-22T19:12:07.700167Z  INFO Generating chunk (6000 frames, 240.0s)...
2026-02-22T19:12:14.555623Z  INFO Diffusion (8 ODE steps): 6.85s
2026-02-22T19:12:19.592637Z  INFO VAE decode: 5.04s
2026-02-22T19:12:20.110410Z  INFO Total chunk: 12.44s
2026-02-22T19:12:37.779235Z  INFO === Sliding window step 8 (pos=240s window=240s step=30s is_first=false) ===
2026-02-22T19:12:37.779256Z  INFO event:step step=7 pos=210s audio=30.0s gen=12.47s step_s=30s window_s=240s
2026-02-22T19:12:37.827022Z  INFO Generating chunk (6000 frames, 240.0s)...
2026-02-22T19:12:41.941995Z ERROR Generation: candle: DriverError(CUDA_ERROR_DEINITIALIZED, "<Failure when calling cuGetErrorString()>")
2026-02-22T19:12:43.373245Z  INFO Listening on /tmp/ace-step.sock
2026-02-22T19:12:43.530618Z  INFO Downloading ACE-Step v1.5 models from HuggingFace...
2026-02-22T19:12:43.530702Z  INFO All models downloaded successfully
2026-02-22T19:12:43.530994Z  INFO Loading tokenizer...
2026-02-22T19:12:43.885506Z  INFO Loading Qwen3 text encoder...
2026-02-22T19:12:44.317257Z  INFO Loading DiT generation model...
2026-02-22T19:12:45.515538Z  INFO Loading VAE decoder...
2026-02-22T19:12:45.567006Z  INFO Loading silence latent...
2026-02-22T19:12:45.575165Z  INFO Loaded silence_latent: shape [1, 15000, 64], dtype F32
2026-02-22T19:12:45.575277Z  INFO Pipeline loaded successfully
2026-02-22T19:12:45.582672Z  INFO === Sliding window step 0 (pos=0s window=240s step=30s is_first=true) ===
2026-02-22T19:12:45.582694Z  INFO Pipeline ready
2026-02-22T19:12:45.583255Z  INFO   metas: pos=0s duration=240s bpm=Some(128) key=Some("A minor")
2026-02-22T19:12:45.632390Z  INFO Generating chunk (6000 frames, 240.0s)...
2026-02-22T19:12:52.481161Z  INFO Diffusion (8 ODE steps): 6.84s
2026-02-22T19:12:57.613229Z  INFO VAE decode: 5.13s
2026-02-22T19:12:58.115750Z  INFO Total chunk: 12.53s
2026-02-22T19:12:58.133585Z  INFO === Sliding window step 1 (pos=30s window=240s step=30s is_first=false) ===
2026-02-22T19:12:58.133612Z  INFO event:step step=0 pos=0s audio=30.0s gen=12.55s step_s=30s window_s=240s
2026-02-22T19:12:58.133736Z  INFO   metas: pos=30s duration=270s bpm=Some(128) key=Some("A minor")
2026-02-22T19:12:58.167459Z  INFO Generating chunk (6000 frames, 240.0s)...
2026-02-22T19:13:05.017336Z  INFO Diffusion (8 ODE steps): 6.85s
2026-02-22T19:13:10.185518Z  INFO VAE decode: 5.17s
2026-02-22T19:13:10.712662Z  INFO Total chunk: 12.58s
2026-02-22T19:13:10.730072Z  INFO === Sliding window step 2 (pos=60s window=240s step=30s is_first=false) ===
2026-02-22T19:13:10.730099Z  INFO event:step step=1 pos=30s audio=30.0s gen=12.60s step_s=30s window_s=240s
2026-02-22T19:13:10.730215Z  INFO   metas: pos=60s duration=300s bpm=Some(128) key=Some("A minor")
2026-02-22T19:13:10.764460Z  INFO Generating chunk (6000 frames, 240.0s)...
2026-02-22T19:13:17.627123Z  INFO Diffusion (8 ODE steps): 6.86s
2026-02-22T19:13:22.861242Z  INFO VAE decode: 5.23s
2026-02-22T19:13:23.379915Z  INFO Total chunk: 12.65s
2026-02-22T19:13:23.396247Z  INFO === Sliding window step 3 (pos=90s window=240s step=30s is_first=false) ===
2026-02-22T19:13:23.396267Z  INFO event:step step=2 pos=60s audio=30.0s gen=12.67s step_s=30s window_s=240s
2026-02-22T19:13:23.396422Z  INFO   metas: pos=90s duration=330s bpm=Some(128) key=Some("A minor")
2026-02-22T19:13:23.431073Z  INFO Generating chunk (6000 frames, 240.0s)...
2026-02-22T19:13:30.464128Z  INFO Diffusion (8 ODE steps): 7.03s
2026-02-22T19:13:35.796895Z  INFO VAE decode: 5.33s
2026-02-22T19:13:36.311114Z  INFO Total chunk: 12.91s
2026-02-22T19:13:36.327274Z  INFO === Sliding window step 4 (pos=120s window=240s step=30s is_first=false) ===
2026-02-22T19:13:36.327299Z  INFO event:step step=3 pos=90s audio=30.0s gen=12.93s step_s=30s window_s=240s
2026-02-22T19:13:36.327432Z  INFO   metas: pos=120s duration=360s bpm=Some(128) key=Some("A minor")
2026-02-22T19:13:36.361809Z  INFO Generating chunk (6000 frames, 240.0s)...
2026-02-22T19:13:43.325839Z  INFO Diffusion (8 ODE steps): 6.96s
2026-02-22T19:13:48.593243Z  INFO VAE decode: 5.27s
2026-02-22T19:13:49.125389Z  INFO Total chunk: 12.80s
2026-02-22T19:13:49.143769Z  INFO === Sliding window step 5 (pos=150s window=240s step=30s is_first=false) ===
2026-02-22T19:13:49.143787Z  INFO event:step step=4 pos=120s audio=30.0s gen=12.82s step_s=30s window_s=240s
2026-02-22T19:13:49.143912Z  INFO   metas: pos=150s duration=390s bpm=Some(128) key=Some("A minor")
2026-02-22T19:13:49.180026Z  INFO Generating chunk (6000 frames, 240.0s)...
2026-02-22T19:13:56.232646Z  INFO Diffusion (8 ODE steps): 7.05s
2026-02-22T19:14:01.531429Z  INFO VAE decode: 5.30s
2026-02-22T19:14:02.046667Z  INFO Total chunk: 12.90s
2026-02-22T19:14:02.063085Z  INFO === Sliding window step 6 (pos=180s window=240s step=30s is_first=false) ===
2026-02-22T19:14:02.063111Z  INFO event:step step=5 pos=150s audio=30.0s gen=12.92s step_s=30s window_s=240s
2026-02-22T19:14:02.063246Z  INFO   metas: pos=180s duration=420s bpm=Some(128) key=Some("A minor")
2026-02-22T19:14:02.097781Z  INFO Generating chunk (6000 frames, 240.0s)...
2026-02-22T19:14:09.150784Z  INFO Diffusion (8 ODE steps): 7.05s
2026-02-22T19:14:14.408756Z  INFO VAE decode: 5.26s
2026-02-22T19:14:14.939133Z  INFO Total chunk: 12.88s
2026-02-22T19:14:14.958637Z  INFO === Sliding window step 7 (pos=210s window=240s step=30s is_first=false) ===
2026-02-22T19:14:14.958668Z  INFO event:step step=6 pos=180s audio=30.0s gen=12.90s step_s=30s window_s=240s
2026-02-22T19:14:14.958801Z  INFO   metas: pos=210s duration=450s bpm=Some(128) key=Some("A minor")
2026-02-22T19:14:14.994911Z  INFO Generating chunk (6000 frames, 240.0s)...
2026-02-22T19:14:22.025257Z  INFO Diffusion (8 ODE steps): 7.03s
2026-02-22T19:14:27.320479Z  INFO VAE decode: 5.30s
2026-02-22T19:14:27.841261Z  INFO Total chunk: 12.88s
2026-02-22T19:14:28.374370Z  INFO === Sliding window step 8 (pos=240s window=240s step=30s is_first=false) ===
2026-02-22T19:14:28.374394Z  INFO event:step step=7 pos=210s audio=30.0s gen=12.90s step_s=30s window_s=240s
2026-02-22T19:14:28.374552Z  INFO   metas: pos=240s duration=480s bpm=Some(128) key=Some("A minor")
2026-02-22T19:14:28.410794Z  INFO Generating chunk (6000 frames, 240.0s)...
2026-02-22T19:14:35.602684Z  INFO Diffusion (8 ODE steps): 7.19s
2026-02-22T19:14:40.933341Z  INFO VAE decode: 5.33s
2026-02-22T19:14:41.477088Z  INFO Total chunk: 13.10s
2026-02-22T19:14:58.497195Z  INFO === Sliding window step 9 (pos=270s window=240s step=30s is_first=false) ===
2026-02-22T19:14:58.497217Z  INFO event:step step=8 pos=240s audio=30.0s gen=13.12s step_s=30s window_s=240s
2026-02-22T19:14:58.506273Z  INFO   metas: pos=270s duration=510s bpm=Some(128) key=Some("A minor")
2026-02-22T19:14:58.542657Z  INFO Generating chunk (6000 frames, 240.0s)...
2026-02-22T19:15:05.644351Z  INFO Diffusion (8 ODE steps): 7.10s
2026-02-22T19:15:11.004750Z  INFO VAE decode: 5.36s
2026-02-22T19:15:11.534237Z  INFO Total chunk: 13.03s
2026-02-22T19:15:14.491778Z  INFO socket cmd: "state"
2026-02-22T19:15:28.577428Z  INFO === Sliding window step 10 (pos=300s window=240s step=30s is_first=false) ===
2026-02-22T19:15:28.577449Z  INFO event:step step=9 pos=270s audio=30.0s gen=13.05s step_s=30s window_s=240s
2026-02-22T19:15:28.590266Z  INFO   metas: pos=300s duration=540s bpm=Some(128) key=Some("A minor")
2026-02-22T19:15:28.627452Z  INFO Generating chunk (6000 frames, 240.0s)...
2026-02-22T19:15:35.699052Z  INFO Diffusion (8 ODE steps): 7.07s
2026-02-22T19:15:41.005710Z  INFO VAE decode: 5.31s
2026-02-22T19:15:41.535321Z  INFO Total chunk: 12.95s
2026-02-22T19:15:58.700316Z  INFO === Sliding window step 11 (pos=330s window=240s step=30s is_first=false) ===
2026-02-22T19:15:58.700340Z  INFO event:step step=10 pos=300s audio=30.0s gen=12.98s step_s=30s window_s=240s
2026-02-22T19:15:58.707577Z  INFO   metas: pos=330s duration=570s bpm=Some(128) key=Some("A minor")
2026-02-22T19:15:58.744901Z  INFO Generating chunk (6000 frames, 240.0s)...
2026-02-22T19:16:05.832238Z  INFO Diffusion (8 ODE steps): 7.08s
2026-02-22T19:16:11.228314Z  INFO VAE decode: 5.40s
2026-02-22T19:16:11.760160Z  INFO Total chunk: 13.05s
2026-02-22T19:16:28.780633Z  INFO SlidingWindowGenerator: position wrap 360s → 30s (max=600s)
2026-02-22T19:16:28.780650Z  INFO event:step step=11 pos=330s audio=30.0s gen=13.08s step_s=30s window_s=240s
2026-02-22T19:16:28.780670Z  INFO === Sliding window step 12 (pos=30s window=240s step=30s is_first=false) ===
2026-02-22T19:16:28.796998Z  INFO   metas: pos=30s duration=270s bpm=Some(128) key=Some("A minor")
2026-02-22T19:16:28.832872Z  INFO Generating chunk (6000 frames, 240.0s)...
2026-02-22T19:16:35.887080Z  INFO Diffusion (8 ODE steps): 7.05s
2026-02-22T19:16:41.146650Z  INFO VAE decode: 5.26s
2026-02-22T19:16:41.659547Z  INFO Total chunk: 12.86s
2026-02-22T19:16:58.903525Z  INFO === Sliding window step 13 (pos=60s window=240s step=30s is_first=false) ===
2026-02-22T19:16:58.903549Z  INFO event:step step=12 pos=30s audio=30.0s gen=12.89s step_s=30s window_s=240s
2026-02-22T19:16:58.930422Z  INFO   metas: pos=60s duration=300s bpm=Some(128) key=Some("A minor")
2026-02-22T19:16:58.965186Z  INFO Generating chunk (6000 frames, 240.0s)...
2026-02-22T19:17:05.929952Z  INFO Diffusion (8 ODE steps): 6.96s
2026-02-22T19:17:11.157374Z  INFO VAE decode: 5.23s
2026-02-22T19:17:11.685498Z  INFO Total chunk: 12.76s
2026-02-22T19:17:28.983786Z  INFO === Sliding window step 14 (pos=90s window=240s step=30s is_first=false) ===
2026-02-22T19:17:28.983815Z  INFO event:step step=13 pos=60s audio=30.0s gen=12.80s step_s=30s window_s=240s
2026-02-22T19:17:28.996406Z  INFO   metas: pos=90s duration=330s bpm=Some(128) key=Some("A minor")
2026-02-22T19:17:29.034469Z  INFO Generating chunk (6000 frames, 240.0s)...
2026-02-22T19:17:31.815215Z  INFO Listening on /tmp/ace-step.sock
2026-02-22T19:17:31.971235Z  INFO Downloading ACE-Step v1.5 models from HuggingFace...
2026-02-22T19:17:31.971321Z  INFO All models downloaded successfully
2026-02-22T19:17:31.971623Z  INFO Loading tokenizer...
2026-02-22T19:17:32.343069Z  INFO Loading Qwen3 text encoder...
2026-02-22T19:17:32.717136Z  INFO Loading DiT generation model...
2026-02-22T19:17:33.819917Z  INFO Loading VAE decoder...
2026-02-22T19:17:33.867619Z  INFO Loading silence latent...
2026-02-22T19:17:33.876453Z  INFO Loaded silence_latent: shape [1, 15000, 64], dtype F32
2026-02-22T19:17:33.876525Z  INFO Pipeline loaded successfully
2026-02-22T19:17:33.883860Z  INFO === Sliding window step 0 (pos=0s window=240s step=30s is_first=true) ===
2026-02-22T19:17:33.883893Z  INFO Pipeline ready
2026-02-22T19:17:33.884388Z  INFO   metas: pos=0s duration=240s mode=Advancing bpm=Some(128) key=Some("A minor")
2026-02-22T19:17:33.935581Z  INFO Generating chunk (6000 frames, 240.0s)...
2026-02-22T19:17:40.843965Z  INFO Diffusion (8 ODE steps): 6.90s
2026-02-22T19:17:46.180763Z  INFO VAE decode: 5.34s
2026-02-22T19:17:46.705254Z  INFO Total chunk: 12.82s
2026-02-22T19:17:46.725610Z  INFO === Sliding window step 1 (pos=30s window=240s step=30s is_first=false) ===
2026-02-22T19:17:46.725644Z  INFO event:step step=0 pos=0s audio=30.0s gen=12.84s step_s=30s window_s=240s
2026-02-22T19:17:46.725782Z  INFO   metas: pos=30s duration=270s mode=Advancing bpm=Some(128) key=Some("A minor")
2026-02-22T19:17:46.761893Z  INFO Generating chunk (6000 frames, 240.0s)...
2026-02-22T19:17:53.966894Z  INFO Diffusion (8 ODE steps): 7.20s
2026-02-22T19:17:59.324471Z  INFO VAE decode: 5.36s
2026-02-22T19:17:59.860300Z  INFO Total chunk: 13.13s
2026-02-22T19:17:59.880274Z  INFO === Sliding window step 2 (pos=60s window=240s step=30s is_first=false) ===
2026-02-22T19:17:59.880304Z  INFO event:step step=1 pos=30s audio=30.0s gen=13.15s step_s=30s window_s=240s
2026-02-22T19:17:59.880451Z  INFO   metas: pos=60s duration=300s mode=Advancing bpm=Some(128) key=Some("A minor")
2026-02-22T19:17:59.916950Z  INFO Generating chunk (6000 frames, 240.0s)...
2026-02-22T19:18:07.223173Z  INFO Diffusion (8 ODE steps): 7.30s
2026-02-22T19:18:12.839276Z  INFO VAE decode: 5.62s
2026-02-22T19:18:13.370504Z  INFO Total chunk: 13.49s
2026-02-22T19:18:13.387474Z  INFO === Sliding window step 3 (pos=90s window=240s step=30s is_first=false) ===
2026-02-22T19:18:13.387497Z  INFO event:step step=2 pos=60s audio=30.0s gen=13.51s step_s=30s window_s=240s
2026-02-22T19:18:13.387632Z  INFO   metas: pos=90s duration=330s mode=Advancing bpm=Some(128) key=Some("A minor")
2026-02-22T19:18:13.422296Z  INFO Generating chunk (6000 frames, 240.0s)...
2026-02-22T19:18:13.949650Z  INFO socket cmd: "caption country music, acoustic guitar, fiddle, steel guitar, twangy vocals, heartfelt lyrics, classic nashville sound"
2026-02-22T19:18:20.766118Z  INFO Diffusion (8 ODE steps): 7.34s
2026-02-22T19:18:26.591512Z  INFO VAE decode: 5.83s
2026-02-22T19:18:27.120881Z  INFO Total chunk: 13.73s
2026-02-22T19:18:27.136056Z  INFO === Sliding window step 4 (pos=120s window=240s step=30s is_first=false) ===
2026-02-22T19:18:27.136084Z  INFO event:step step=3 pos=90s audio=30.0s gen=13.75s step_s=30s window_s=240s
2026-02-22T19:18:27.136200Z  INFO   metas: pos=120s duration=360s mode=Advancing bpm=Some(128) key=Some("A minor")
2026-02-22T19:18:27.171299Z  INFO Generating chunk (6000 frames, 240.0s)...
2026-02-22T19:18:34.496215Z  INFO Diffusion (8 ODE steps): 7.32s
2026-02-22T19:18:40.027190Z  INFO VAE decode: 5.53s
2026-02-22T19:18:40.567785Z  INFO Total chunk: 13.43s
2026-02-22T19:18:40.586308Z  INFO === Sliding window step 5 (pos=150s window=240s step=30s is_first=false) ===
2026-02-22T19:18:40.586334Z  INFO event:step step=4 pos=120s audio=30.0s gen=13.45s step_s=30s window_s=240s
2026-02-22T19:18:40.586455Z  INFO   metas: pos=150s duration=390s mode=Advancing bpm=Some(128) key=Some("A minor")
2026-02-22T19:18:40.621180Z  INFO Generating chunk (6000 frames, 240.0s)...
2026-02-22T19:18:48.007313Z  INFO Diffusion (8 ODE steps): 7.38s
2026-02-22T19:18:53.467643Z  INFO VAE decode: 5.46s
2026-02-22T19:18:54.008451Z  INFO Total chunk: 13.42s
2026-02-22T19:18:54.026738Z  INFO === Sliding window step 6 (pos=180s window=240s step=30s is_first=false) ===
2026-02-22T19:18:54.026768Z  INFO event:step step=5 pos=150s audio=30.0s gen=13.44s step_s=30s window_s=240s
2026-02-22T19:18:54.026904Z  INFO   metas: pos=180s duration=420s mode=Advancing bpm=Some(128) key=Some("A minor")
2026-02-22T19:18:54.062982Z  INFO Generating chunk (6000 frames, 240.0s)...
2026-02-22T19:19:01.601377Z  INFO Diffusion (8 ODE steps): 7.54s
2026-02-22T19:19:08.058695Z  INFO VAE decode: 6.46s
2026-02-22T19:19:08.735847Z  INFO Total chunk: 14.71s
2026-02-22T19:19:08.755792Z  INFO === Sliding window step 7 (pos=210s window=240s step=30s is_first=false) ===
2026-02-22T19:19:08.755817Z  INFO event:step step=6 pos=180s audio=30.0s gen=14.73s step_s=30s window_s=240s
2026-02-22T19:19:08.755961Z  INFO   metas: pos=210s duration=450s mode=Advancing bpm=Some(128) key=Some("A minor")
2026-02-22T19:19:08.793541Z  INFO Generating chunk (6000 frames, 240.0s)...
2026-02-22T19:19:16.809473Z  INFO Diffusion (8 ODE steps): 8.01s
2026-02-22T19:19:22.389603Z  INFO VAE decode: 5.58s
2026-02-22T19:19:22.940078Z  INFO Total chunk: 14.18s
2026-02-22T19:19:22.957897Z  INFO === Sliding window step 8 (pos=240s window=240s step=30s is_first=false) ===
2026-02-22T19:19:22.957921Z  INFO event:step step=7 pos=210s audio=30.0s gen=14.20s step_s=30s window_s=240s
2026-02-22T19:19:22.958069Z  INFO   metas: pos=240s duration=480s mode=Advancing bpm=Some(128) key=Some("A minor")
2026-02-22T19:19:22.994230Z  INFO Generating chunk (6000 frames, 240.0s)...
2026-02-22T19:19:30.533256Z  INFO Diffusion (8 ODE steps): 7.54s
2026-02-22T19:19:36.038094Z  INFO VAE decode: 5.50s
2026-02-22T19:19:36.582707Z  INFO Total chunk: 13.62s
2026-02-22T19:19:47.054112Z  INFO === Sliding window step 9 (pos=270s window=240s step=30s is_first=false) ===
2026-02-22T19:19:47.054135Z  INFO event:step step=8 pos=240s audio=30.0s gen=13.65s step_s=30s window_s=240s
2026-02-22T19:19:47.054325Z  INFO   metas: pos=270s duration=510s mode=Advancing bpm=Some(128) key=Some("A minor")
2026-02-22T19:19:47.088859Z  INFO Generating chunk (6000 frames, 240.0s)...
2026-02-22T19:19:54.420423Z  INFO Diffusion (8 ODE steps): 7.33s
2026-02-22T19:19:59.897656Z  INFO VAE decode: 5.48s
2026-02-22T19:20:00.446401Z  INFO Total chunk: 13.39s
2026-02-22T19:20:17.176926Z  INFO === Sliding window step 10 (pos=300s window=240s step=30s is_first=false) ===
2026-02-22T19:20:17.176958Z  INFO event:step step=9 pos=270s audio=30.0s gen=13.41s step_s=30s window_s=240s
2026-02-22T19:20:17.212303Z  INFO   metas: pos=300s duration=540s mode=Advancing bpm=Some(128) key=Some("A minor")
2026-02-22T19:20:17.246342Z  INFO Generating chunk (6000 frames, 240.0s)...
2026-02-22T19:20:24.449396Z  INFO Diffusion (8 ODE steps): 7.20s
2026-02-22T19:20:29.878431Z  INFO VAE decode: 5.43s
2026-02-22T19:20:30.426151Z  INFO Total chunk: 13.21s
2026-02-22T19:20:47.257161Z  INFO === Sliding window step 11 (pos=330s window=240s step=30s is_first=false) ===
2026-02-22T19:20:47.257185Z  INFO event:step step=10 pos=300s audio=30.0s gen=13.27s step_s=30s window_s=240s
2026-02-22T19:20:47.270942Z  INFO   metas: pos=330s duration=570s mode=Advancing bpm=Some(128) key=Some("A minor")
2026-02-22T19:20:47.304223Z  INFO Generating chunk (6000 frames, 240.0s)...
2026-02-22T19:20:54.210174Z  INFO Diffusion (8 ODE steps): 6.90s
2026-02-22T19:20:59.423340Z  INFO VAE decode: 5.21s
2026-02-22T19:20:59.942257Z  INFO Total chunk: 12.67s
2026-02-22T19:21:17.379974Z  INFO SlidingWindowGenerator: position wrap 360s → 30s (max=600s)
2026-02-22T19:21:17.379997Z  INFO event:step step=11 pos=330s audio=30.0s gen=12.71s step_s=30s window_s=240s
2026-02-22T19:21:17.380012Z  INFO === Sliding window step 12 (pos=30s window=240s step=30s is_first=false) ===
2026-02-22T19:21:17.402167Z  INFO   metas: pos=30s duration=270s mode=Advancing bpm=Some(128) key=Some("A minor")
2026-02-22T19:21:17.436243Z  INFO Generating chunk (6000 frames, 240.0s)...
2026-02-22T19:21:24.530125Z  INFO Diffusion (8 ODE steps): 7.09s
2026-02-22T19:21:29.807105Z  INFO VAE decode: 5.28s
2026-02-22T19:21:30.329913Z  INFO Total chunk: 12.93s
2026-02-22T19:21:47.460238Z  INFO === Sliding window step 13 (pos=60s window=240s step=30s is_first=false) ===
2026-02-22T19:21:47.460262Z  INFO event:step step=12 pos=30s audio=30.0s gen=12.97s step_s=30s window_s=240s
2026-02-22T19:21:47.475612Z  INFO   metas: pos=60s duration=300s mode=Advancing bpm=Some(128) key=Some("A minor")
2026-02-22T19:21:47.510139Z  INFO Generating chunk (6000 frames, 240.0s)...
2026-02-22T19:21:54.370080Z  INFO Diffusion (8 ODE steps): 6.86s
2026-02-22T19:21:59.585022Z  INFO VAE decode: 5.21s
2026-02-22T19:22:00.108859Z  INFO Total chunk: 12.63s
2026-02-22T19:22:17.583112Z  INFO === Sliding window step 14 (pos=90s window=240s step=30s is_first=false) ===
2026-02-22T19:22:17.583135Z  INFO event:step step=13 pos=60s audio=30.0s gen=12.67s step_s=30s window_s=240s
2026-02-22T19:22:17.592585Z  INFO   metas: pos=90s duration=330s mode=Advancing bpm=Some(128) key=Some("A minor")
2026-02-22T19:22:17.626377Z  INFO Generating chunk (6000 frames, 240.0s)...
2026-02-22T19:22:24.576888Z  INFO Diffusion (8 ODE steps): 6.95s
2026-02-22T19:22:29.838146Z  INFO VAE decode: 5.26s
2026-02-22T19:22:30.368271Z  INFO Total chunk: 12.78s
2026-02-22T19:22:47.663426Z  INFO === Sliding window step 15 (pos=120s window=240s step=30s is_first=false) ===
2026-02-22T19:22:47.663444Z  INFO event:step step=14 pos=90s audio=30.0s gen=12.80s step_s=30s window_s=240s
2026-02-22T19:22:47.680889Z  INFO   metas: pos=120s duration=360s mode=Advancing bpm=Some(128) key=Some("A minor")
2026-02-22T19:22:47.716247Z  INFO Generating chunk (6000 frames, 240.0s)...
2026-02-22T19:22:54.726016Z  INFO Diffusion (8 ODE steps): 7.01s
2026-02-22T19:22:59.854223Z  INFO VAE decode: 5.13s
2026-02-22T19:23:00.383703Z  INFO Total chunk: 12.70s
2026-02-22T19:23:17.786240Z  INFO === Sliding window step 16 (pos=150s window=240s step=30s is_first=false) ===
2026-02-22T19:23:17.786264Z  INFO event:step step=15 pos=120s audio=30.0s gen=12.74s step_s=30s window_s=240s
2026-02-22T19:23:17.795908Z  INFO   metas: pos=150s duration=390s mode=Advancing bpm=Some(128) key=Some("A minor")
2026-02-22T19:23:17.830846Z  INFO Generating chunk (6000 frames, 240.0s)...
2026-02-22T19:23:24.856295Z  INFO Diffusion (8 ODE steps): 7.02s
2026-02-22T19:23:30.137225Z  INFO VAE decode: 5.28s
2026-02-22T19:23:30.698506Z  INFO Total chunk: 12.90s
2026-02-22T19:24:48.903944Z  INFO Listening on /tmp/ace-step.sock
2026-02-22T19:24:49.094995Z  INFO Downloading ACE-Step v1.5 models from HuggingFace...
2026-02-22T19:24:49.095080Z  INFO All models downloaded successfully
2026-02-22T19:24:49.095373Z  INFO Loading tokenizer...
2026-02-22T19:24:49.431428Z  INFO Loading Qwen3 text encoder...
2026-02-22T19:24:49.802538Z  INFO Loading DiT generation model...
2026-02-22T19:24:50.917684Z  INFO Loading VAE decoder...
2026-02-22T19:24:50.964907Z  INFO Loading silence latent...
2026-02-22T19:24:50.973068Z  INFO Loaded silence_latent: shape [1, 15000, 64], dtype F32
2026-02-22T19:24:50.973097Z  INFO Pipeline loaded successfully
2026-02-22T19:24:50.980039Z  INFO === Sliding window step 0 (pos=0s window=240s step=30s is_first=true) ===
2026-02-22T19:24:50.980064Z  INFO Pipeline ready
2026-02-22T19:24:50.980517Z  INFO   metas: pos=0s duration=240s mode=Advancing bpm=Some(128) key=Some("A minor")
2026-02-22T19:24:51.026621Z  INFO Generating chunk (6000 frames, 240.0s)...
2026-02-22T19:24:57.689512Z  INFO Diffusion (8 ODE steps): 6.66s
2026-02-22T19:25:02.884427Z  INFO VAE decode: 5.19s
2026-02-22T19:25:03.392606Z  INFO Total chunk: 12.41s
2026-02-22T19:25:03.412008Z  INFO === Sliding window step 1 (pos=30s window=240s step=30s is_first=false) ===
2026-02-22T19:25:03.412033Z  INFO event:step step=0 pos=0s audio=30.0s gen=12.43s step_s=30s window_s=240s
2026-02-22T19:25:03.412301Z  INFO   metas: pos=30s duration=270s mode=Advancing bpm=Some(128) key=Some("A minor")
2026-02-22T19:25:03.448488Z  INFO Generating chunk (6000 frames, 240.0s)...
2026-02-22T19:25:10.292064Z  INFO Diffusion (8 ODE steps): 6.84s
2026-02-22T19:25:15.508976Z  INFO VAE decode: 5.22s
2026-02-22T19:25:16.030519Z  INFO Total chunk: 12.62s
2026-02-22T19:25:16.047994Z  INFO === Sliding window step 2 (pos=60s window=240s step=30s is_first=false) ===
2026-02-22T19:25:16.048016Z  INFO event:step step=1 pos=30s audio=30.0s gen=12.64s step_s=30s window_s=240s
2026-02-22T19:25:16.048176Z  INFO   metas: pos=60s duration=300s mode=Advancing bpm=Some(128) key=Some("A minor")
2026-02-22T19:25:16.083865Z  INFO Generating chunk (6000 frames, 240.0s)...
2026-02-22T19:25:18.173549Z  INFO socket cmd: "caption dark folk country, cello, banjo, acoustic guitar, minor key, deep male vocals, brooding and intense, the dead south style"
2026-02-22T19:25:23.133972Z  INFO Diffusion (8 ODE steps): 7.05s
2026-02-22T19:25:28.480641Z  INFO VAE decode: 5.35s
2026-02-22T19:25:29.019487Z  INFO Total chunk: 12.97s
2026-02-22T19:25:29.037824Z  INFO === Sliding window step 3 (pos=90s window=240s step=30s is_first=false) ===
2026-02-22T19:25:29.037848Z  INFO event:step step=2 pos=60s audio=30.0s gen=12.99s step_s=30s window_s=240s
2026-02-22T19:25:29.037991Z  INFO   metas: pos=90s duration=330s mode=Advancing bpm=Some(128) key=Some("A minor")
2026-02-22T19:25:29.073769Z  INFO Generating chunk (6000 frames, 240.0s)...
2026-02-22T19:25:36.288735Z  INFO Diffusion (8 ODE steps): 7.21s
2026-02-22T19:25:41.757770Z  INFO VAE decode: 5.47s
2026-02-22T19:25:42.310917Z  INFO Total chunk: 13.27s
2026-02-22T19:25:42.327964Z  INFO === Sliding window step 4 (pos=120s window=240s step=30s is_first=false) ===
2026-02-22T19:25:42.327994Z  INFO event:step step=3 pos=90s audio=30.0s gen=13.29s step_s=30s window_s=240s
2026-02-22T19:25:42.328210Z  INFO   metas: pos=120s duration=360s mode=Advancing bpm=Some(128) key=Some("A minor")
2026-02-22T19:25:42.364493Z  INFO Generating chunk (6000 frames, 240.0s)...
2026-02-22T19:25:49.658127Z  INFO Diffusion (8 ODE steps): 7.29s
2026-02-22T19:25:54.905780Z  INFO VAE decode: 5.25s
2026-02-22T19:25:55.417158Z  INFO Total chunk: 13.09s
2026-02-22T19:25:55.433444Z  INFO === Sliding window step 5 (pos=150s window=240s step=30s is_first=false) ===
2026-02-22T19:25:55.433483Z  INFO event:step step=4 pos=120s audio=30.0s gen=13.11s step_s=30s window_s=240s
2026-02-22T19:25:55.433673Z  INFO   metas: pos=150s duration=390s mode=Advancing bpm=Some(128) key=Some("A minor")
2026-02-22T19:25:55.467626Z  INFO Generating chunk (6000 frames, 240.0s)...
2026-02-22T19:26:02.580659Z  INFO Diffusion (8 ODE steps): 7.11s
2026-02-22T19:26:07.955029Z  INFO VAE decode: 5.37s
2026-02-22T19:26:08.486067Z  INFO Total chunk: 13.05s
2026-02-22T19:26:08.502984Z  INFO === Sliding window step 6 (pos=180s window=240s step=30s is_first=false) ===
2026-02-22T19:26:08.503031Z  INFO event:step step=5 pos=150s audio=30.0s gen=13.07s step_s=30s window_s=240s
2026-02-22T19:26:08.503226Z  INFO   metas: pos=180s duration=420s mode=Advancing bpm=Some(128) key=Some("A minor")
2026-02-22T19:26:08.539274Z  INFO Generating chunk (6000 frames, 240.0s)...
2026-02-22T19:26:16.089002Z  INFO Diffusion (8 ODE steps): 7.55s
2026-02-22T19:26:21.624435Z  INFO VAE decode: 5.54s
2026-02-22T19:26:22.170315Z  INFO Total chunk: 13.67s
2026-02-22T19:26:22.187368Z  INFO === Sliding window step 7 (pos=210s window=240s step=30s is_first=false) ===
2026-02-22T19:26:22.187401Z  INFO event:step step=6 pos=180s audio=30.0s gen=13.68s step_s=30s window_s=240s
2026-02-22T19:26:22.187664Z  INFO   metas: pos=210s duration=450s mode=Advancing bpm=Some(128) key=Some("A minor")
2026-02-22T19:26:22.224151Z  INFO Generating chunk (6000 frames, 240.0s)...
2026-02-22T19:26:29.706579Z  INFO Diffusion (8 ODE steps): 7.48s
2026-02-22T19:26:35.141296Z  INFO VAE decode: 5.43s
2026-02-22T19:26:35.678428Z  INFO Total chunk: 13.49s
2026-02-22T19:26:35.695095Z  INFO === Sliding window step 8 (pos=240s window=240s step=30s is_first=false) ===
2026-02-22T19:26:35.695128Z  INFO event:step step=7 pos=210s audio=30.0s gen=13.51s step_s=30s window_s=240s
2026-02-22T19:26:35.695311Z  INFO   metas: pos=240s duration=480s mode=Advancing bpm=Some(128) key=Some("A minor")
2026-02-22T19:26:35.730108Z  INFO Generating chunk (6000 frames, 240.0s)...
2026-02-22T19:26:43.130208Z  INFO Diffusion (8 ODE steps): 7.40s
2026-02-22T19:26:48.590143Z  INFO VAE decode: 5.46s
2026-02-22T19:26:49.128059Z  INFO Total chunk: 13.43s
2026-02-22T19:26:49.145396Z  INFO === Sliding window step 9 (pos=270s window=240s step=30s is_first=false) ===
2026-02-22T19:26:49.145422Z  INFO event:step step=8 pos=240s audio=30.0s gen=13.45s step_s=30s window_s=240s
2026-02-22T19:26:49.145531Z  INFO   metas: pos=270s duration=510s mode=Advancing bpm=Some(128) key=Some("A minor")
2026-02-22T19:26:49.180568Z  INFO Generating chunk (6000 frames, 240.0s)...
2026-02-22T19:26:56.615828Z  INFO Diffusion (8 ODE steps): 7.43s
2026-02-22T19:27:02.128686Z  INFO VAE decode: 5.51s
2026-02-22T19:27:02.693208Z  INFO Total chunk: 13.55s
2026-02-22T19:27:02.711786Z  INFO === Sliding window step 10 (pos=300s window=240s step=30s is_first=false) ===
2026-02-22T19:27:02.711813Z  INFO event:step step=9 pos=270s audio=30.0s gen=13.57s step_s=30s window_s=240s
2026-02-22T19:27:02.711924Z  INFO   metas: pos=300s duration=540s mode=Advancing bpm=Some(128) key=Some("A minor")
2026-02-22T19:27:02.747981Z  INFO Generating chunk (6000 frames, 240.0s)...
2026-02-22T19:27:10.308054Z  INFO Diffusion (8 ODE steps): 7.56s
2026-02-22T19:27:15.808079Z  INFO VAE decode: 5.50s
2026-02-22T19:27:16.371151Z  INFO Total chunk: 13.66s
2026-02-22T19:27:16.389032Z  INFO === Sliding window step 11 (pos=330s window=240s step=30s is_first=false) ===
2026-02-22T19:27:16.389063Z  INFO event:step step=10 pos=300s audio=30.0s gen=13.68s step_s=30s window_s=240s
2026-02-22T19:27:16.389223Z  INFO   metas: pos=330s duration=570s mode=Advancing bpm=Some(128) key=Some("A minor")
2026-02-22T19:27:16.423708Z  INFO Generating chunk (6000 frames, 240.0s)...
2026-02-22T19:27:24.036676Z  INFO Diffusion (8 ODE steps): 7.61s
2026-02-22T19:27:24.458912Z ERROR Generation: candle: DriverError(CUDA_ERROR_DEINITIALIZED, "<Failure when calling cuGetErrorString()>")
2026-02-22T19:27:25.337023Z  INFO Listening on /tmp/ace-step.sock
2026-02-22T19:27:25.340999Z  INFO cpal supported: ch=1 rate=1-384000 fmt=U8
2026-02-22T19:27:25.341008Z  INFO cpal supported: ch=2 rate=1-384000 fmt=U8
2026-02-22T19:27:25.341011Z  INFO cpal supported: ch=3 rate=1-384000 fmt=U8
2026-02-22T19:27:25.341021Z  INFO cpal supported: ch=4 rate=1-384000 fmt=U8
2026-02-22T19:27:25.341023Z  INFO cpal supported: ch=5 rate=1-384000 fmt=U8
2026-02-22T19:27:25.341025Z  INFO cpal supported: ch=6 rate=1-384000 fmt=U8
2026-02-22T19:27:25.341026Z  INFO cpal supported: ch=7 rate=1-384000 fmt=U8
2026-02-22T19:27:25.341028Z  INFO cpal supported: ch=8 rate=1-384000 fmt=U8
2026-02-22T19:27:25.341030Z  INFO cpal supported: ch=9 rate=1-384000 fmt=U8
2026-02-22T19:27:25.341031Z  INFO cpal supported: ch=10 rate=1-384000 fmt=U8
2026-02-22T19:27:25.341033Z  INFO cpal supported: ch=11 rate=1-384000 fmt=U8
2026-02-22T19:27:25.341035Z  INFO cpal supported: ch=12 rate=1-384000 fmt=U8
2026-02-22T19:27:25.341036Z  INFO cpal supported: ch=13 rate=1-384000 fmt=U8
2026-02-22T19:27:25.341038Z  INFO cpal supported: ch=14 rate=1-384000 fmt=U8
2026-02-22T19:27:25.341039Z  INFO cpal supported: ch=15 rate=1-384000 fmt=U8
2026-02-22T19:27:25.341041Z  INFO cpal supported: ch=16 rate=1-384000 fmt=U8
2026-02-22T19:27:25.341043Z  INFO cpal supported: ch=17 rate=1-384000 fmt=U8
2026-02-22T19:27:25.341044Z  INFO cpal supported: ch=18 rate=1-384000 fmt=U8
2026-02-22T19:27:25.341046Z  INFO cpal supported: ch=19 rate=1-384000 fmt=U8
2026-02-22T19:27:25.341048Z  INFO cpal supported: ch=20 rate=1-384000 fmt=U8
2026-02-22T19:27:25.341049Z  INFO cpal supported: ch=21 rate=1-384000 fmt=U8
2026-02-22T19:27:25.341051Z  INFO cpal supported: ch=22 rate=1-384000 fmt=U8
2026-02-22T19:27:25.341053Z  INFO cpal supported: ch=23 rate=1-384000 fmt=U8
2026-02-22T19:27:25.341054Z  INFO cpal supported: ch=24 rate=1-384000 fmt=U8
2026-02-22T19:27:25.341056Z  INFO cpal supported: ch=25 rate=1-384000 fmt=U8
2026-02-22T19:27:25.341058Z  INFO cpal supported: ch=26 rate=1-384000 fmt=U8
2026-02-22T19:27:25.341059Z  INFO cpal supported: ch=27 rate=1-384000 fmt=U8
2026-02-22T19:27:25.341061Z  INFO cpal supported: ch=28 rate=1-384000 fmt=U8
2026-02-22T19:27:25.341062Z  INFO cpal supported: ch=29 rate=1-384000 fmt=U8
2026-02-22T19:27:25.341064Z  INFO cpal supported: ch=30 rate=1-384000 fmt=U8
2026-02-22T19:27:25.341066Z  INFO cpal supported: ch=31 rate=1-384000 fmt=U8
2026-02-22T19:27:25.341067Z  INFO cpal supported: ch=32 rate=1-384000 fmt=U8
2026-02-22T19:27:25.341069Z  INFO cpal supported: ch=1 rate=1-384000 fmt=I16
2026-02-22T19:27:25.341071Z  INFO cpal supported: ch=2 rate=1-384000 fmt=I16
2026-02-22T19:27:25.341072Z  INFO cpal supported: ch=3 rate=1-384000 fmt=I16
2026-02-22T19:27:25.341074Z  INFO cpal supported: ch=4 rate=1-384000 fmt=I16
2026-02-22T19:27:25.341076Z  INFO cpal supported: ch=5 rate=1-384000 fmt=I16
2026-02-22T19:27:25.341077Z  INFO cpal supported: ch=6 rate=1-384000 fmt=I16
2026-02-22T19:27:25.341079Z  INFO cpal supported: ch=7 rate=1-384000 fmt=I16
2026-02-22T19:27:25.341080Z  INFO cpal supported: ch=8 rate=1-384000 fmt=I16
2026-02-22T19:27:25.341082Z  INFO cpal supported: ch=9 rate=1-384000 fmt=I16
2026-02-22T19:27:25.341084Z  INFO cpal supported: ch=10 rate=1-384000 fmt=I16
2026-02-22T19:27:25.341085Z  INFO cpal supported: ch=11 rate=1-384000 fmt=I16
2026-02-22T19:27:25.341087Z  INFO cpal supported: ch=12 rate=1-384000 fmt=I16
2026-02-22T19:27:25.341089Z  INFO cpal supported: ch=13 rate=1-384000 fmt=I16
2026-02-22T19:27:25.341090Z  INFO cpal supported: ch=14 rate=1-384000 fmt=I16
2026-02-22T19:27:25.341092Z  INFO cpal supported: ch=15 rate=1-384000 fmt=I16
2026-02-22T19:27:25.341094Z  INFO cpal supported: ch=16 rate=1-384000 fmt=I16
2026-02-22T19:27:25.341095Z  INFO cpal supported: ch=17 rate=1-384000 fmt=I16
2026-02-22T19:27:25.341097Z  INFO cpal supported: ch=18 rate=1-384000 fmt=I16
2026-02-22T19:27:25.341098Z  INFO cpal supported: ch=19 rate=1-384000 fmt=I16
2026-02-22T19:27:25.341100Z  INFO cpal supported: ch=20 rate=1-384000 fmt=I16
2026-02-22T19:27:25.341102Z  INFO cpal supported: ch=21 rate=1-384000 fmt=I16
2026-02-22T19:27:25.341103Z  INFO cpal supported: ch=22 rate=1-384000 fmt=I16
2026-02-22T19:27:25.341105Z  INFO cpal supported: ch=23 rate=1-384000 fmt=I16
2026-02-22T19:27:25.341107Z  INFO cpal supported: ch=24 rate=1-384000 fmt=I16
2026-02-22T19:27:25.341111Z  INFO cpal supported: ch=25 rate=1-384000 fmt=I16
2026-02-22T19:27:25.341113Z  INFO cpal supported: ch=26 rate=1-384000 fmt=I16
2026-02-22T19:27:25.341114Z  INFO cpal supported: ch=27 rate=1-384000 fmt=I16
2026-02-22T19:27:25.341116Z  INFO cpal supported: ch=28 rate=1-384000 fmt=I16
2026-02-22T19:27:25.341118Z  INFO cpal supported: ch=29 rate=1-384000 fmt=I16
2026-02-22T19:27:25.341119Z  INFO cpal supported: ch=30 rate=1-384000 fmt=I16
2026-02-22T19:27:25.341121Z  INFO cpal supported: ch=31 rate=1-384000 fmt=I16
2026-02-22T19:27:25.341122Z  INFO cpal supported: ch=32 rate=1-384000 fmt=I16
2026-02-22T19:27:25.341124Z  INFO cpal supported: ch=1 rate=1-384000 fmt=I32
2026-02-22T19:27:25.341126Z  INFO cpal supported: ch=2 rate=1-384000 fmt=I32
2026-02-22T19:27:25.341127Z  INFO cpal supported: ch=3 rate=1-384000 fmt=I32
2026-02-22T19:27:25.341129Z  INFO cpal supported: ch=4 rate=1-384000 fmt=I32
2026-02-22T19:27:25.341131Z  INFO cpal supported: ch=5 rate=1-384000 fmt=I32
2026-02-22T19:27:25.341132Z  INFO cpal supported: ch=6 rate=1-384000 fmt=I32
2026-02-22T19:27:25.341134Z  INFO cpal supported: ch=7 rate=1-384000 fmt=I32
2026-02-22T19:27:25.341136Z  INFO cpal supported: ch=8 rate=1-384000 fmt=I32
2026-02-22T19:27:25.341137Z  INFO cpal supported: ch=9 rate=1-384000 fmt=I32
2026-02-22T19:27:25.341139Z  INFO cpal supported: ch=10 rate=1-384000 fmt=I32
2026-02-22T19:27:25.341141Z  INFO cpal supported: ch=11 rate=1-384000 fmt=I32
2026-02-22T19:27:25.341142Z  INFO cpal supported: ch=12 rate=1-384000 fmt=I32
2026-02-22T19:27:25.341144Z  INFO cpal supported: ch=13 rate=1-384000 fmt=I32
2026-02-22T19:27:25.341145Z  INFO cpal supported: ch=14 rate=1-384000 fmt=I32
2026-02-22T19:27:25.341147Z  INFO cpal supported: ch=15 rate=1-384000 fmt=I32
2026-02-22T19:27:25.341149Z  INFO cpal supported: ch=16 rate=1-384000 fmt=I32
2026-02-22T19:27:25.341150Z  INFO cpal supported: ch=17 rate=1-384000 fmt=I32
2026-02-22T19:27:25.341152Z  INFO cpal supported: ch=18 rate=1-384000 fmt=I32
2026-02-22T19:27:25.341154Z  INFO cpal supported: ch=19 rate=1-384000 fmt=I32
2026-02-22T19:27:25.341155Z  INFO cpal supported: ch=20 rate=1-384000 fmt=I32
2026-02-22T19:27:25.341157Z  INFO cpal supported: ch=21 rate=1-384000 fmt=I32
2026-02-22T19:27:25.341159Z  INFO cpal supported: ch=22 rate=1-384000 fmt=I32
2026-02-22T19:27:25.341160Z  INFO cpal supported: ch=23 rate=1-384000 fmt=I32
2026-02-22T19:27:25.341162Z  INFO cpal supported: ch=24 rate=1-384000 fmt=I32
2026-02-22T19:27:25.341164Z  INFO cpal supported: ch=25 rate=1-384000 fmt=I32
2026-02-22T19:27:25.341165Z  INFO cpal supported: ch=26 rate=1-384000 fmt=I32
2026-02-22T19:27:25.341167Z  INFO cpal supported: ch=27 rate=1-384000 fmt=I32
2026-02-22T19:27:25.341169Z  INFO cpal supported: ch=28 rate=1-384000 fmt=I32
2026-02-22T19:27:25.341170Z  INFO cpal supported: ch=29 rate=1-384000 fmt=I32
2026-02-22T19:27:25.341172Z  INFO cpal supported: ch=30 rate=1-384000 fmt=I32
2026-02-22T19:27:25.341173Z  INFO cpal supported: ch=31 rate=1-384000 fmt=I32
2026-02-22T19:27:25.341175Z  INFO cpal supported: ch=32 rate=1-384000 fmt=I32
2026-02-22T19:27:25.341177Z  INFO cpal supported: ch=1 rate=1-384000 fmt=F32
2026-02-22T19:27:25.341178Z  INFO cpal supported: ch=2 rate=1-384000 fmt=F32
2026-02-22T19:27:25.341180Z  INFO cpal supported: ch=3 rate=1-384000 fmt=F32
2026-02-22T19:27:25.341182Z  INFO cpal supported: ch=4 rate=1-384000 fmt=F32
2026-02-22T19:27:25.341183Z  INFO cpal supported: ch=5 rate=1-384000 fmt=F32
2026-02-22T19:27:25.341185Z  INFO cpal supported: ch=6 rate=1-384000 fmt=F32
2026-02-22T19:27:25.341187Z  INFO cpal supported: ch=7 rate=1-384000 fmt=F32
2026-02-22T19:27:25.341188Z  INFO cpal supported: ch=8 rate=1-384000 fmt=F32
2026-02-22T19:27:25.341190Z  INFO cpal supported: ch=9 rate=1-384000 fmt=F32
2026-02-22T19:27:25.341191Z  INFO cpal supported: ch=10 rate=1-384000 fmt=F32
2026-02-22T19:27:25.341193Z  INFO cpal supported: ch=11 rate=1-384000 fmt=F32
2026-02-22T19:27:25.341195Z  INFO cpal supported: ch=12 rate=1-384000 fmt=F32
2026-02-22T19:27:25.341196Z  INFO cpal supported: ch=13 rate=1-384000 fmt=F32
2026-02-22T19:27:25.341201Z  INFO cpal supported: ch=14 rate=1-384000 fmt=F32
2026-02-22T19:27:25.341203Z  INFO cpal supported: ch=15 rate=1-384000 fmt=F32
2026-02-22T19:27:25.341204Z  INFO cpal supported: ch=16 rate=1-384000 fmt=F32
2026-02-22T19:27:25.341206Z  INFO cpal supported: ch=17 rate=1-384000 fmt=F32
2026-02-22T19:27:25.341208Z  INFO cpal supported: ch=18 rate=1-384000 fmt=F32
2026-02-22T19:27:25.341209Z  INFO cpal supported: ch=19 rate=1-384000 fmt=F32
2026-02-22T19:27:25.341211Z  INFO cpal supported: ch=20 rate=1-384000 fmt=F32
2026-02-22T19:27:25.341213Z  INFO cpal supported: ch=21 rate=1-384000 fmt=F32
2026-02-22T19:27:25.341214Z  INFO cpal supported: ch=22 rate=1-384000 fmt=F32
2026-02-22T19:27:25.341216Z  INFO cpal supported: ch=23 rate=1-384000 fmt=F32
2026-02-22T19:27:25.341217Z  INFO cpal supported: ch=24 rate=1-384000 fmt=F32
2026-02-22T19:27:25.341219Z  INFO cpal supported: ch=25 rate=1-384000 fmt=F32
2026-02-22T19:27:25.341221Z  INFO cpal supported: ch=26 rate=1-384000 fmt=F32
2026-02-22T19:27:25.341222Z  INFO cpal supported: ch=27 rate=1-384000 fmt=F32
2026-02-22T19:27:25.341224Z  INFO cpal supported: ch=28 rate=1-384000 fmt=F32
2026-02-22T19:27:25.341226Z  INFO cpal supported: ch=29 rate=1-384000 fmt=F32
2026-02-22T19:27:25.341228Z  INFO cpal supported: ch=30 rate=1-384000 fmt=F32
2026-02-22T19:27:25.341230Z  INFO cpal supported: ch=31 rate=1-384000 fmt=F32
2026-02-22T19:27:25.341232Z  INFO cpal supported: ch=32 rate=1-384000 fmt=F32
2026-02-22T19:27:25.341234Z  INFO cpal opening: device="default" ch=2 rate=48000
2026-02-22T19:27:25.359752Z  WARN ring underrun: needed 9600 got 0
2026-02-22T19:27:25.402376Z  WARN ring underrun: needed 4096 got 0
2026-02-22T19:27:25.445026Z  WARN ring underrun: needed 4096 got 0
2026-02-22T19:27:25.487700Z  WARN ring underrun: needed 4096 got 0
2026-02-22T19:27:25.494415Z  INFO Downloading ACE-Step v1.5 models from HuggingFace...
2026-02-22T19:27:25.494505Z  INFO All models downloaded successfully
2026-02-22T19:27:25.494810Z  INFO Loading tokenizer...
2026-02-22T19:27:25.530360Z  WARN ring underrun: needed 4096 got 0
2026-02-22T19:27:25.573023Z  WARN ring underrun: needed 4096 got 0
2026-02-22T19:27:25.615685Z  WARN ring underrun: needed 4096 got 0
2026-02-22T19:27:25.658352Z  WARN ring underrun: needed 4096 got 0
2026-02-22T19:27:25.701023Z  WARN ring underrun: needed 4096 got 0
2026-02-22T19:27:25.743673Z  WARN ring underrun: needed 4096 got 0
2026-02-22T19:27:25.786352Z  WARN ring underrun: needed 4096 got 0
2026-02-22T19:27:25.822780Z  INFO Loading Qwen3 text encoder...
2026-02-22T19:27:25.829019Z  WARN ring underrun: needed 4096 got 0
2026-02-22T19:27:25.871672Z  WARN ring underrun: needed 4096 got 0
2026-02-22T19:27:25.914341Z  WARN ring underrun: needed 4096 got 0
2026-02-22T19:27:25.957005Z  WARN ring underrun: needed 4096 got 0
2026-02-22T19:27:25.999690Z  WARN ring underrun: needed 4096 got 0
2026-02-22T19:27:26.042345Z  WARN ring underrun: needed 4096 got 0
2026-02-22T19:27:26.085021Z  WARN ring underrun: needed 4096 got 0
2026-02-22T19:27:26.127681Z  WARN ring underrun: needed 4096 got 0
2026-02-22T19:27:26.170340Z  WARN ring underrun: needed 4096 got 0
2026-02-22T19:27:26.194178Z  INFO Loading DiT generation model...
2026-02-22T19:27:26.213014Z  WARN ring underrun: needed 4096 got 0
2026-02-22T19:27:26.255676Z  WARN ring underrun: needed 4096 got 0
2026-02-22T19:27:26.298354Z  WARN ring underrun: needed 4096 got 0
2026-02-22T19:27:26.340997Z  WARN ring underrun: needed 4096 got 0
2026-02-22T19:27:26.383680Z  WARN ring underrun: needed 4096 got 0
2026-02-22T19:27:26.426361Z  WARN ring underrun: needed 4096 got 0
2026-02-22T19:27:26.469019Z  WARN ring underrun: needed 4096 got 0
2026-02-22T19:27:26.511687Z  WARN ring underrun: needed 4096 got 0
2026-02-22T19:27:26.554349Z  WARN ring underrun: needed 4096 got 0
2026-02-22T19:27:26.597011Z  WARN ring underrun: needed 4096 got 0
2026-02-22T19:27:26.639683Z  WARN ring underrun: needed 4096 got 0
2026-02-22T19:27:26.682346Z  WARN ring underrun: needed 4096 got 0
2026-02-22T19:27:26.725008Z  WARN ring underrun: needed 4096 got 0
2026-02-22T19:27:26.767677Z  WARN ring underrun: needed 4096 got 0
2026-02-22T19:27:26.810345Z  WARN ring underrun: needed 4096 got 0
2026-02-22T19:27:26.853008Z  WARN ring underrun: needed 4096 got 0
2026-02-22T19:27:26.895674Z  WARN ring underrun: needed 4096 got 0
2026-02-22T19:27:26.938341Z  WARN ring underrun: needed 4096 got 0
2026-02-22T19:27:26.981004Z  WARN ring underrun: needed 4096 got 0
2026-02-22T19:27:27.023666Z  WARN ring underrun: needed 4096 got 0
2026-02-22T19:27:27.066314Z  WARN ring underrun: needed 4096 got 0
2026-02-22T19:27:27.109002Z  WARN ring underrun: needed 4096 got 0
2026-02-22T19:27:27.151657Z  WARN ring underrun: needed 4096 got 0
2026-02-22T19:27:27.194325Z  WARN ring underrun: needed 4096 got 0
2026-02-22T19:27:27.236985Z  WARN ring underrun: needed 4096 got 0
2026-02-22T19:27:27.279654Z  WARN ring underrun: needed 4096 got 0
2026-02-22T19:27:27.294365Z  INFO Loading VAE decoder...
2026-02-22T19:27:27.322439Z  WARN ring underrun: needed 4096 got 0
2026-02-22T19:27:27.342526Z  INFO Loading silence latent...
2026-02-22T19:27:27.351109Z  INFO Loaded silence_latent: shape [1, 15000, 64], dtype F32
2026-02-22T19:27:27.351145Z  INFO Pipeline loaded successfully
2026-02-22T19:27:27.358091Z  INFO === Sliding window step 0 (pos=0s window=240s step=30s is_first=true) ===
2026-02-22T19:27:27.358117Z  INFO Pipeline ready
2026-02-22T19:27:27.358672Z  INFO   metas: pos=0s duration=240s mode=Advancing bpm=Some(128) key=Some("A minor")
2026-02-22T19:27:27.364991Z  WARN ring underrun: needed 4096 got 0
2026-02-22T19:27:27.406937Z  INFO Generating chunk (6000 frames, 240.0s)...
2026-02-22T19:27:27.407652Z  WARN ring underrun: needed 4096 got 0
2026-02-22T19:27:27.450318Z  WARN ring underrun: needed 4096 got 0
2026-02-22T19:27:27.492986Z  WARN ring underrun: needed 4096 got 0
2026-02-22T19:27:27.535649Z  WARN ring underrun: needed 4096 got 0
2026-02-22T19:27:27.578322Z  WARN ring underrun: needed 4096 got 0
2026-02-22T19:27:27.621062Z  WARN ring underrun: needed 4096 got 0
2026-02-22T19:27:27.663699Z  WARN ring underrun: needed 4096 got 0
2026-02-22T19:27:27.706326Z  WARN ring underrun: needed 4096 got 0
2026-02-22T19:27:27.748983Z  WARN ring underrun: needed 4096 got 0
2026-02-22T19:27:27.791652Z  WARN ring underrun: needed 4096 got 0
2026-02-22T19:27:27.834331Z  WARN ring underrun: needed 4096 got 0
2026-02-22T19:27:27.877000Z  WARN ring underrun: needed 4096 got 0
2026-02-22T19:27:27.919651Z  WARN ring underrun: needed 4096 got 0
2026-02-22T19:27:27.962325Z  WARN ring underrun: needed 4096 got 0
2026-02-22T19:27:28.004987Z  WARN ring underrun: needed 4096 got 0
2026-02-22T19:27:28.047656Z  WARN ring underrun: needed 4096 got 0
2026-02-22T19:27:28.090330Z  WARN ring underrun: needed 4096 got 0
2026-02-22T19:27:28.132991Z  WARN ring underrun: needed 4096 got 0
2026-02-22T19:27:28.175655Z  WARN ring underrun: needed 4096 got 0
2026-02-22T19:27:28.218322Z  WARN ring underrun: needed 4096 got 0
2026-02-22T19:27:28.260986Z  WARN ring underrun: needed 4096 got 0
2026-02-22T19:27:28.303657Z  WARN ring underrun: needed 4096 got 0
2026-02-22T19:27:28.346313Z  WARN ring underrun: needed 4096 got 0
2026-02-22T19:27:28.388998Z  WARN ring underrun: needed 4096 got 0
2026-02-22T19:27:28.431661Z  WARN ring underrun: needed 4096 got 0
2026-02-22T19:27:28.474325Z  WARN ring underrun: needed 4096 got 0
2026-02-22T19:27:28.516990Z  WARN ring underrun: needed 4096 got 0
2026-02-22T19:27:28.559642Z  WARN ring underrun: needed 4096 got 0
2026-02-22T19:27:28.602329Z  WARN ring underrun: needed 4096 got 0
2026-02-22T19:27:28.644992Z  WARN ring underrun: needed 4096 got 0
2026-02-22T19:27:28.687667Z  WARN ring underrun: needed 4096 got 0
2026-02-22T19:27:28.730329Z  WARN ring underrun: needed 4096 got 0
2026-02-22T19:27:28.772990Z  WARN ring underrun: needed 4096 got 0
2026-02-22T19:27:28.815660Z  WARN ring underrun: needed 4096 got 0
2026-02-22T19:27:28.858333Z  WARN ring underrun: needed 4096 got 0
2026-02-22T19:27:28.900997Z  WARN ring underrun: needed 4096 got 0
2026-02-22T19:27:28.943664Z  WARN ring underrun: needed 4096 got 0
2026-02-22T19:27:28.986334Z  WARN ring underrun: needed 4096 got 0
2026-02-22T19:27:29.028998Z  WARN ring underrun: needed 4096 got 0
2026-02-22T19:27:29.071681Z  WARN ring underrun: needed 4096 got 0
2026-02-22T19:27:29.114343Z  WARN ring underrun: needed 4096 got 0
2026-02-22T19:27:29.157005Z  WARN ring underrun: needed 4096 got 0
2026-02-22T19:27:29.199675Z  WARN ring underrun: needed 4096 got 0
2026-02-22T19:27:29.242342Z  WARN ring underrun: needed 4096 got 0
2026-02-22T19:27:29.285007Z  WARN ring underrun: needed 4096 got 0
2026-02-22T19:27:29.327678Z  WARN ring underrun: needed 4096 got 0
2026-02-22T19:27:29.370353Z  WARN ring underrun: needed 4096 got 0
2026-02-22T19:27:29.413018Z  WARN ring underrun: needed 4096 got 0
2026-02-22T19:27:29.455677Z  WARN ring underrun: needed 4096 got 0
2026-02-22T19:27:29.498348Z  WARN ring underrun: needed 4096 got 0
2026-02-22T19:27:29.541014Z  WARN ring underrun: needed 4096 got 0
2026-02-22T19:27:29.583682Z  WARN ring underrun: needed 4096 got 0
2026-02-22T19:27:29.626344Z  WARN ring underrun: needed 4096 got 0
2026-02-22T19:27:29.669019Z  WARN ring underrun: needed 4096 got 0
2026-02-22T19:27:29.711677Z  WARN ring underrun: needed 4096 got 0
2026-02-22T19:27:29.754351Z  WARN ring underrun: needed 4096 got 0
2026-02-22T19:27:29.797016Z  WARN ring underrun: needed 4096 got 0
2026-02-22T19:27:29.839679Z  WARN ring underrun: needed 4096 got 0
2026-02-22T19:27:29.882349Z  WARN ring underrun: needed 4096 got 0
2026-02-22T19:27:29.925012Z  WARN ring underrun: needed 4096 got 0
2026-02-22T19:27:29.967684Z  WARN ring underrun: needed 4096 got 0
2026-02-22T19:27:30.010356Z  WARN ring underrun: needed 4096 got 0
2026-02-22T19:27:30.053017Z  WARN ring underrun: needed 4096 got 0
2026-02-22T19:27:30.095677Z  WARN ring underrun: needed 4096 got 0
2026-02-22T19:27:30.138345Z  WARN ring underrun: needed 4096 got 0
2026-02-22T19:27:30.181022Z  WARN ring underrun: needed 4096 got 0
2026-02-22T19:27:30.223679Z  WARN ring underrun: needed 4096 got 0
2026-02-22T19:27:30.266346Z  WARN ring underrun: needed 4096 got 0
2026-02-22T19:27:30.308988Z  WARN ring underrun: needed 4096 got 0
2026-02-22T19:27:30.351693Z  WARN ring underrun: needed 4096 got 0
2026-02-22T19:27:30.394355Z  WARN ring underrun: needed 4096 got 0
2026-02-22T19:27:30.437014Z  WARN ring underrun: needed 4096 got 0
2026-02-22T19:27:30.479685Z  WARN ring underrun: needed 4096 got 0
2026-02-22T19:27:30.522353Z  WARN ring underrun: needed 4096 got 0
2026-02-22T19:27:30.565016Z  WARN ring underrun: needed 4096 got 0
2026-02-22T19:27:30.607685Z  WARN ring underrun: needed 4096 got 0
2026-02-22T19:27:30.650355Z  WARN ring underrun: needed 4096 got 0
2026-02-22T19:27:30.693026Z  WARN ring underrun: needed 4096 got 0
2026-02-22T19:27:30.735679Z  WARN ring underrun: needed 4096 got 0
2026-02-22T19:27:30.778351Z  WARN ring underrun: needed 4096 got 0
2026-02-22T19:27:30.821049Z  WARN ring underrun: needed 4096 got 0
2026-02-22T19:27:30.863661Z  WARN ring underrun: needed 4096 got 0
2026-02-22T19:27:30.906334Z  WARN ring underrun: needed 4096 got 0
2026-02-22T19:27:30.948985Z  WARN ring underrun: needed 4096 got 0
2026-02-22T19:27:30.991667Z  WARN ring underrun: needed 4096 got 0
2026-02-22T19:27:31.034318Z  WARN ring underrun: needed 4096 got 0
2026-02-22T19:27:31.076996Z  WARN ring underrun: needed 4096 got 0
2026-02-22T19:27:31.119660Z  WARN ring underrun: needed 4096 got 0
2026-02-22T19:27:31.162329Z  WARN ring underrun: needed 4096 got 0
2026-02-22T19:27:31.205001Z  WARN ring underrun: needed 4096 got 0
2026-02-22T19:27:31.247654Z  WARN ring underrun: needed 4096 got 0
2026-02-22T19:27:31.290331Z  WARN ring underrun: needed 4096 got 0
2026-02-22T19:27:31.332991Z  WARN ring underrun: needed 4096 got 0
2026-02-22T19:27:31.375659Z  WARN ring underrun: needed 4096 got 0
2026-02-22T19:27:31.418325Z  WARN ring underrun: needed 4096 got 0
2026-02-22T19:27:31.460993Z  WARN ring underrun: needed 4096 got 0
2026-02-22T19:27:31.503658Z  WARN ring underrun: needed 4096 got 0
2026-02-22T19:27:31.546319Z  WARN ring underrun: needed 4096 got 0
2026-02-22T19:27:31.589011Z  WARN ring underrun: needed 4096 got 0
2026-02-22T19:27:31.631676Z  WARN ring underrun: needed 4096 got 0
2026-02-22T19:27:31.674339Z  WARN ring underrun: needed 4096 got 0
2026-02-22T19:27:31.717007Z  WARN ring underrun: needed 4096 got 0
2026-02-22T19:27:31.759675Z  WARN ring underrun: needed 4096 got 0
2026-02-22T19:27:31.802340Z  WARN ring underrun: needed 4096 got 0
2026-02-22T19:27:31.845010Z  WARN ring underrun: needed 4096 got 0
2026-02-22T19:27:31.887679Z  WARN ring underrun: needed 4096 got 0
2026-02-22T19:27:31.930338Z  WARN ring underrun: needed 4096 got 0
2026-02-22T19:27:31.973018Z  WARN ring underrun: needed 4096 got 0
2026-02-22T19:27:32.015683Z  WARN ring underrun: needed 4096 got 0
2026-02-22T19:27:32.058350Z  WARN ring underrun: needed 4096 got 0
2026-02-22T19:27:32.101023Z  WARN ring underrun: needed 4096 got 0
2026-02-22T19:27:32.143683Z  WARN ring underrun: needed 4096 got 0
2026-02-22T19:27:32.186357Z  WARN ring underrun: needed 4096 got 0
2026-02-22T19:27:32.229017Z  WARN ring underrun: needed 4096 got 0
2026-02-22T19:27:32.271690Z  WARN ring underrun: needed 4096 got 0
2026-02-22T19:27:32.314358Z  WARN ring underrun: needed 4096 got 0
2026-02-22T19:27:32.357043Z  WARN ring underrun: needed 4096 got 0
2026-02-22T19:27:32.399691Z  WARN ring underrun: needed 4096 got 0
2026-02-22T19:27:32.442347Z  WARN ring underrun: needed 4096 got 0
2026-02-22T19:27:32.485023Z  WARN ring underrun: needed 4096 got 0
2026-02-22T19:27:32.527690Z  WARN ring underrun: needed 4096 got 0
2026-02-22T19:27:32.570359Z  WARN ring underrun: needed 4096 got 0
2026-02-22T19:27:32.613023Z  WARN ring underrun: needed 4096 got 0
2026-02-22T19:27:32.655690Z  WARN ring underrun: needed 4096 got 0
2026-02-22T19:27:32.698357Z  WARN ring underrun: needed 4096 got 0
2026-02-22T19:27:32.741023Z  WARN ring underrun: needed 4096 got 0
2026-02-22T19:27:32.783691Z  WARN ring underrun: needed 4096 got 0
2026-02-22T19:27:32.826357Z  WARN ring underrun: needed 4096 got 0
2026-02-22T19:27:32.869022Z  WARN ring underrun: needed 4096 got 0
2026-02-22T19:27:32.911702Z  WARN ring underrun: needed 4096 got 0
2026-02-22T19:27:32.954357Z  WARN ring underrun: needed 4096 got 0
2026-02-22T19:27:32.997024Z  WARN ring underrun: needed 4096 got 0
2026-02-22T19:27:33.039690Z  WARN ring underrun: needed 4096 got 0
2026-02-22T19:27:33.082358Z  WARN ring underrun: needed 4096 got 0
2026-02-22T19:27:33.125023Z  WARN ring underrun: needed 4096 got 0
2026-02-22T19:27:33.167690Z  WARN ring underrun: needed 4096 got 0
2026-02-22T19:27:33.210556Z  WARN ring underrun: needed 4096 got 0
2026-02-22T19:27:33.253074Z  WARN ring underrun: needed 4096 got 0
2026-02-22T19:27:33.295669Z  WARN ring underrun: needed 4096 got 0
2026-02-22T19:27:33.338331Z  WARN ring underrun: needed 4096 got 0
2026-02-22T19:27:33.381004Z  WARN ring underrun: needed 4096 got 0
2026-02-22T19:27:33.423666Z  WARN ring underrun: needed 4096 got 0
2026-02-22T19:27:33.466327Z  WARN ring underrun: needed 4096 got 0
2026-02-22T19:27:33.509002Z  WARN ring underrun: needed 4096 got 0
2026-02-22T19:27:33.551664Z  WARN ring underrun: needed 4096 got 0
2026-02-22T19:27:33.594334Z  WARN ring underrun: needed 4096 got 0
2026-02-22T19:27:33.636990Z  WARN ring underrun: needed 4096 got 0
2026-02-22T19:27:33.679654Z  WARN ring underrun: needed 4096 got 0
2026-02-22T19:27:33.722325Z  WARN ring underrun: needed 4096 got 0
2026-02-22T19:27:33.765022Z  WARN ring underrun: needed 4096 got 0
2026-02-22T19:27:33.807691Z  WARN ring underrun: needed 4096 got 0
2026-02-22T19:27:33.850354Z  WARN ring underrun: needed 4096 got 0
2026-02-22T19:27:33.893028Z  WARN ring underrun: needed 4096 got 0
2026-02-22T19:27:33.935686Z  WARN ring underrun: needed 4096 got 0
2026-02-22T19:27:33.978352Z  WARN ring underrun: needed 4096 got 0
2026-02-22T19:27:34.021019Z  WARN ring underrun: needed 4096 got 0
2026-02-22T19:27:34.063693Z  WARN ring underrun: needed 4096 got 0
2026-02-22T19:27:34.106359Z  WARN ring underrun: needed 4096 got 0
2026-02-22T19:27:34.149027Z  WARN ring underrun: needed 4096 got 0
2026-02-22T19:27:34.191691Z  WARN ring underrun: needed 4096 got 0
2026-02-22T19:27:34.234351Z  WARN ring underrun: needed 4096 got 0
2026-02-22T19:27:34.277019Z  WARN ring underrun: needed 4096 got 0
2026-02-22T19:27:34.319688Z  WARN ring underrun: needed 4096 got 0
2026-02-22T19:27:34.362357Z  WARN ring underrun: needed 4096 got 0
2026-02-22T19:27:34.405023Z  WARN ring underrun: needed 4096 got 0
2026-02-22T19:27:34.447686Z  WARN ring underrun: needed 4096 got 0
2026-02-22T19:27:34.490358Z  WARN ring underrun: needed 4096 got 0
2026-02-22T19:27:34.533019Z  WARN ring underrun: needed 4096 got 0
2026-02-22T19:27:34.575690Z  WARN ring underrun: needed 4096 got 0
2026-02-22T19:27:34.618352Z  WARN ring underrun: needed 4096 got 0
2026-02-22T19:27:34.661017Z  WARN ring underrun: needed 4096 got 0
2026-02-22T19:27:34.683090Z  INFO Diffusion (8 ODE steps): 7.27s
2026-02-22T19:27:34.703691Z  WARN ring underrun: needed 4096 got 0
2026-02-22T19:27:34.746354Z  WARN ring underrun: needed 4096 got 0
2026-02-22T19:27:34.789021Z  WARN ring underrun: needed 4096 got 0
2026-02-22T19:27:34.831687Z  WARN ring underrun: needed 4096 got 0
2026-02-22T19:27:34.874349Z  WARN ring underrun: needed 4096 got 0
2026-02-22T19:27:34.917023Z  WARN ring underrun: needed 4096 got 0
2026-02-22T19:27:34.959685Z  WARN ring underrun: needed 4096 got 0
2026-02-22T19:27:35.002368Z  WARN ring underrun: needed 4096 got 0
2026-02-22T19:27:35.045022Z  WARN ring underrun: needed 4096 got 0
2026-02-22T19:27:35.087690Z  WARN ring underrun: needed 4096 got 0
2026-02-22T19:27:35.130355Z  WARN ring underrun: needed 4096 got 0
2026-02-22T19:27:35.173019Z  WARN ring underrun: needed 4096 got 0
2026-02-22T19:27:35.215733Z  WARN ring underrun: needed 4096 got 0
2026-02-22T19:27:35.258353Z  WARN ring underrun: needed 4096 got 0
2026-02-22T19:27:35.301015Z  WARN ring underrun: needed 4096 got 0
2026-02-22T19:27:35.343693Z  WARN ring underrun: needed 4096 got 0
2026-02-22T19:27:35.386351Z  WARN ring underrun: needed 4096 got 0
2026-02-22T19:27:35.429013Z  WARN ring underrun: needed 4096 got 0
2026-02-22T19:27:35.471678Z  WARN ring underrun: needed 4096 got 0
2026-02-22T19:27:35.514346Z  WARN ring underrun: needed 4096 got 0
2026-02-22T19:27:35.557008Z  WARN ring underrun: needed 4096 got 0
2026-02-22T19:27:35.599680Z  WARN ring underrun: needed 4096 got 0
2026-02-22T19:27:35.642342Z  WARN ring underrun: needed 4096 got 0
2026-02-22T19:27:35.685015Z  WARN ring underrun: needed 4096 got 0
2026-02-22T19:27:35.727689Z  WARN ring underrun: needed 4096 got 0
2026-02-22T19:27:35.770355Z  WARN ring underrun: needed 4096 got 0
2026-02-22T19:27:35.813023Z  WARN ring underrun: needed 4096 got 0
2026-02-22T19:27:35.855689Z  WARN ring underrun: needed 4096 got 0
2026-02-22T19:27:35.898359Z  WARN ring underrun: needed 4096 got 0
2026-02-22T19:27:35.941022Z  WARN ring underrun: needed 4096 got 0
2026-02-22T19:27:35.983692Z  WARN ring underrun: needed 4096 got 0
2026-02-22T19:27:36.026356Z  WARN ring underrun: needed 4096 got 0
2026-02-22T19:27:36.069024Z  WARN ring underrun: needed 4096 got 0
2026-02-22T19:27:36.111690Z  WARN ring underrun: needed 4096 got 0
2026-02-22T19:27:36.154366Z  WARN ring underrun: needed 4096 got 0
2026-02-22T19:27:36.197035Z  WARN ring underrun: needed 4096 got 0
2026-02-22T19:27:36.239701Z  WARN ring underrun: needed 4096 got 0
2026-02-22T19:27:36.282332Z  WARN ring underrun: needed 4096 got 0
2026-02-22T19:27:36.325033Z  WARN ring underrun: needed 4096 got 0
2026-02-22T19:27:36.367699Z  WARN ring underrun: needed 4096 got 0
2026-02-22T19:27:36.410364Z  WARN ring underrun: needed 4096 got 0
2026-02-22T19:27:36.453033Z  WARN ring underrun: needed 4096 got 0
2026-02-22T19:27:36.495701Z  WARN ring underrun: needed 4096 got 0
2026-02-22T19:27:36.538366Z  WARN ring underrun: needed 4096 got 0
2026-02-22T19:27:36.581033Z  WARN ring underrun: needed 4096 got 0
2026-02-22T19:27:36.623688Z  WARN ring underrun: needed 4096 got 0
2026-02-22T19:27:36.666356Z  WARN ring underrun: needed 4096 got 0
2026-02-22T19:27:36.709022Z  WARN ring underrun: needed 4096 got 0
2026-02-22T19:27:36.751688Z  WARN ring underrun: needed 4096 got 0
2026-02-22T19:27:36.794358Z  WARN ring underrun: needed 4096 got 0
2026-02-22T19:27:36.837021Z  WARN ring underrun: needed 4096 got 0
2026-02-22T19:27:36.879688Z  WARN ring underrun: needed 4096 got 0
2026-02-22T19:27:36.922357Z  WARN ring underrun: needed 4096 got 0
2026-02-22T19:27:36.965025Z  WARN ring underrun: needed 4096 got 0
2026-02-22T19:27:37.007689Z  WARN ring underrun: needed 4096 got 0
2026-02-22T19:27:37.050354Z  WARN ring underrun: needed 4096 got 0
2026-02-22T19:27:37.093024Z  WARN ring underrun: needed 4096 got 0
2026-02-22T19:27:37.135688Z  WARN ring underrun: needed 4096 got 0
2026-02-22T19:27:37.178355Z  WARN ring underrun: needed 4096 got 0
2026-02-22T19:27:37.221025Z  WARN ring underrun: needed 4096 got 0
2026-02-22T19:27:37.263688Z  WARN ring underrun: needed 4096 got 0
2026-02-22T19:27:37.306356Z  WARN ring underrun: needed 4096 got 0
2026-02-22T19:27:37.349030Z  WARN ring underrun: needed 4096 got 0
2026-02-22T19:27:37.391700Z  WARN ring underrun: needed 4096 got 0
2026-02-22T19:27:37.434363Z  WARN ring underrun: needed 4096 got 0
2026-02-22T19:27:37.477030Z  WARN ring underrun: needed 4096 got 0
2026-02-22T19:27:37.519697Z  WARN ring underrun: needed 4096 got 0
2026-02-22T19:27:37.562354Z  WARN ring underrun: needed 4096 got 0
2026-02-22T19:27:37.605030Z  WARN ring underrun: needed 4096 got 0
2026-02-22T19:27:37.647696Z  WARN ring underrun: needed 4096 got 0
2026-02-22T19:27:37.690346Z  WARN ring underrun: needed 4096 got 0
2026-02-22T19:27:37.733029Z  WARN ring underrun: needed 4096 got 0
2026-02-22T19:27:37.775695Z  WARN ring underrun: needed 4096 got 0
2026-02-22T19:27:37.818363Z  WARN ring underrun: needed 4096 got 0
2026-02-22T19:27:37.861029Z  WARN ring underrun: needed 4096 got 0
2026-02-22T19:27:37.903698Z  WARN ring underrun: needed 4096 got 0
2026-02-22T19:27:37.946366Z  WARN ring underrun: needed 4096 got 0
2026-02-22T19:27:37.989032Z  WARN ring underrun: needed 4096 got 0
2026-02-22T19:27:38.031695Z  WARN ring underrun: needed 4096 got 0
2026-02-22T19:27:38.074364Z  WARN ring underrun: needed 4096 got 0
2026-02-22T19:27:38.117029Z  WARN ring underrun: needed 4096 got 0
2026-02-22T19:27:38.159698Z  WARN ring underrun: needed 4096 got 0
2026-02-22T19:27:38.202423Z  WARN ring underrun: needed 4096 got 0
2026-02-22T19:27:38.245029Z  WARN ring underrun: needed 4096 got 0
2026-02-22T19:27:38.287699Z  WARN ring underrun: needed 4096 got 0
2026-02-22T19:27:38.330363Z  WARN ring underrun: needed 4096 got 0
2026-02-22T19:27:38.373028Z  WARN ring underrun: needed 4096 got 0
2026-02-22T19:27:38.415697Z  WARN ring underrun: needed 4096 got 0
2026-02-22T19:27:38.458361Z  WARN ring underrun: needed 4096 got 0
2026-02-22T19:27:38.501030Z  WARN ring underrun: needed 4096 got 0
2026-02-22T19:27:38.543694Z  WARN ring underrun: needed 4096 got 0
2026-02-22T19:27:38.586364Z  WARN ring underrun: needed 4096 got 0
2026-02-22T19:27:38.629028Z  WARN ring underrun: needed 4096 got 0
2026-02-22T19:27:38.671696Z  WARN ring underrun: needed 4096 got 0
2026-02-22T19:27:38.714362Z  WARN ring underrun: needed 4096 got 0
2026-02-22T19:27:38.757012Z  WARN ring underrun: needed 4096 got 0
2026-02-22T19:27:38.799697Z  WARN ring underrun: needed 4096 got 0
2026-02-22T19:27:38.842360Z  WARN ring underrun: needed 4096 got 0
2026-02-22T19:27:38.885029Z  WARN ring underrun: needed 4096 got 0
2026-02-22T19:27:38.927695Z  WARN ring underrun: needed 4096 got 0
2026-02-22T19:27:38.970360Z  WARN ring underrun: needed 4096 got 0
2026-02-22T19:27:39.013028Z  WARN ring underrun: needed 4096 got 0
2026-02-22T19:27:39.055694Z  WARN ring underrun: needed 4096 got 0
2026-02-22T19:27:39.098364Z  WARN ring underrun: needed 4096 got 0
2026-02-22T19:27:39.141027Z  WARN ring underrun: needed 4096 got 0
2026-02-22T19:27:39.183694Z  WARN ring underrun: needed 4096 got 0
2026-02-22T19:27:39.226360Z  WARN ring underrun: needed 4096 got 0
2026-02-22T19:27:39.269027Z  WARN ring underrun: needed 4096 got 0
2026-02-22T19:27:39.311687Z  WARN ring underrun: needed 4096 got 0
2026-02-22T19:27:39.354362Z  WARN ring underrun: needed 4096 got 0
2026-02-22T19:27:39.397029Z  WARN ring underrun: needed 4096 got 0
2026-02-22T19:27:39.439693Z  WARN ring underrun: needed 4096 got 0
2026-02-22T19:27:39.482361Z  WARN ring underrun: needed 4096 got 0
2026-02-22T19:27:39.525028Z  WARN ring underrun: needed 4096 got 0
2026-02-22T19:27:39.567697Z  WARN ring underrun: needed 4096 got 0
2026-02-22T19:27:39.610359Z  WARN ring underrun: needed 4096 got 0
2026-02-22T19:27:39.653026Z  WARN ring underrun: needed 4096 got 0
2026-02-22T19:27:39.695697Z  WARN ring underrun: needed 4096 got 0
2026-02-22T19:27:39.738360Z  WARN ring underrun: needed 4096 got 0
2026-02-22T19:27:39.781026Z  WARN ring underrun: needed 4096 got 0
2026-02-22T19:27:39.823677Z  WARN ring underrun: needed 4096 got 0
2026-02-22T19:27:39.866359Z  WARN ring underrun: needed 4096 got 0
2026-02-22T19:27:39.909030Z  WARN ring underrun: needed 4096 got 0
2026-02-22T19:27:39.951692Z  WARN ring underrun: needed 4096 got 0
2026-02-22T19:27:39.994363Z  WARN ring underrun: needed 4096 got 0
2026-02-22T19:27:40.011920Z  INFO VAE decode: 5.33s
2026-02-22T19:27:40.037032Z  WARN ring underrun: needed 4096 got 0
2026-02-22T19:27:40.079686Z  WARN ring underrun: needed 4096 got 0
2026-02-22T19:27:40.122362Z  WARN ring underrun: needed 4096 got 0
2026-02-22T19:27:40.165029Z  WARN ring underrun: needed 4096 got 0
2026-02-22T19:27:40.207693Z  WARN ring underrun: needed 4096 got 0
2026-02-22T19:27:40.250359Z  WARN ring underrun: needed 4096 got 0
2026-02-22T19:27:40.293025Z  WARN ring underrun: needed 4096 got 0
2026-02-22T19:27:40.335692Z  WARN ring underrun: needed 4096 got 0
2026-02-22T19:27:40.378362Z  WARN ring underrun: needed 4096 got 0
2026-02-22T19:27:40.421026Z  WARN ring underrun: needed 4096 got 0
2026-02-22T19:27:40.463694Z  WARN ring underrun: needed 4096 got 0
2026-02-22T19:27:40.506361Z  WARN ring underrun: needed 4096 got 0
2026-02-22T19:27:40.539066Z  INFO Total chunk: 13.18s
2026-02-22T19:27:40.549025Z  WARN ring underrun: needed 4096 got 0
2026-02-22T19:27:40.559769Z  INFO === Sliding window step 1 (pos=30s window=240s step=30s is_first=false) ===
2026-02-22T19:27:40.559801Z  INFO event:step step=0 pos=0s audio=30.0s gen=13.20s step_s=30s window_s=240s
2026-02-22T19:27:40.559955Z  INFO   metas: pos=30s duration=270s mode=Advancing bpm=Some(128) key=Some("A minor")
2026-02-22T19:27:40.594248Z  INFO Generating chunk (6000 frames, 240.0s)...
2026-02-22T19:27:47.991121Z  INFO Diffusion (8 ODE steps): 7.39s
2026-02-22T19:27:53.452946Z  INFO VAE decode: 5.46s
2026-02-22T19:27:53.988167Z  INFO Total chunk: 13.43s
2026-02-22T19:27:54.005504Z  INFO === Sliding window step 2 (pos=60s window=240s step=30s is_first=false) ===
2026-02-22T19:27:54.005531Z  INFO event:step step=1 pos=30s audio=30.0s gen=13.45s step_s=30s window_s=240s
2026-02-22T19:27:54.005667Z  INFO   metas: pos=60s duration=300s mode=Advancing bpm=Some(128) key=Some("A minor")
2026-02-22T19:27:54.041951Z  INFO Generating chunk (6000 frames, 240.0s)...
2026-02-22T19:27:59.029292Z  INFO socket cmd: "caption German rap, hard hitting 808 bass, aggressive trap beats, dark minor key, fast flow, Berlin underground hip hop style"
2026-02-22T19:28:01.696783Z  INFO Diffusion (8 ODE steps): 7.65s
2026-02-22T19:28:07.334210Z  INFO VAE decode: 5.64s
2026-02-22T19:28:07.882495Z  INFO Total chunk: 13.88s
2026-02-22T19:28:07.899716Z  INFO === Sliding window step 3 (pos=90s window=240s step=30s is_first=false) ===
2026-02-22T19:28:07.899740Z  INFO event:step step=2 pos=60s audio=30.0s gen=13.89s step_s=30s window_s=240s
2026-02-22T19:28:07.899894Z  INFO   metas: pos=90s duration=330s mode=Advancing bpm=Some(128) key=Some("A minor")
2026-02-22T19:28:07.936068Z  INFO Generating chunk (6000 frames, 240.0s)...
2026-02-22T19:28:15.597517Z  INFO Diffusion (8 ODE steps): 7.66s
2026-02-22T19:28:21.240646Z  INFO VAE decode: 5.64s
2026-02-22T19:28:21.794247Z  INFO Total chunk: 13.89s
2026-02-22T19:28:21.813590Z  INFO === Sliding window step 4 (pos=120s window=240s step=30s is_first=false) ===
2026-02-22T19:28:21.813614Z  INFO event:step step=3 pos=90s audio=30.0s gen=13.91s step_s=30s window_s=240s
2026-02-22T19:28:21.813786Z  INFO   metas: pos=120s duration=360s mode=Advancing bpm=Some(128) key=Some("A minor")
2026-02-22T19:28:21.851424Z  INFO Generating chunk (6000 frames, 240.0s)...
2026-02-22T19:28:29.514462Z  INFO Diffusion (8 ODE steps): 7.66s
2026-02-22T19:28:35.166228Z  INFO VAE decode: 5.65s
2026-02-22T19:28:35.708964Z  INFO Total chunk: 13.90s
2026-02-22T19:28:35.725860Z  INFO === Sliding window step 5 (pos=150s window=240s step=30s is_first=false) ===
2026-02-22T19:28:35.725901Z  INFO event:step step=4 pos=120s audio=30.0s gen=13.91s step_s=30s window_s=240s
2026-02-22T19:28:35.726094Z  INFO   metas: pos=150s duration=390s mode=Advancing bpm=Some(128) key=Some("A minor")
2026-02-22T19:28:35.761336Z  INFO Generating chunk (6000 frames, 240.0s)...
2026-02-22T19:28:43.479877Z  INFO Diffusion (8 ODE steps): 7.72s
2026-02-22T19:28:49.117628Z  INFO VAE decode: 5.64s
2026-02-22T19:28:49.670607Z  INFO Total chunk: 13.94s
2026-02-22T19:28:49.687998Z  INFO === Sliding window step 6 (pos=180s window=240s step=30s is_first=false) ===
2026-02-22T19:28:49.688059Z  INFO event:step step=5 pos=150s audio=30.0s gen=13.96s step_s=30s window_s=240s
2026-02-22T19:28:49.688330Z  INFO   metas: pos=180s duration=420s mode=Advancing bpm=Some(128) key=Some("A minor")
2026-02-22T19:28:49.727730Z  INFO Generating chunk (6000 frames, 240.0s)...
2026-02-22T19:28:57.452676Z  INFO Diffusion (8 ODE steps): 7.72s
2026-02-22T19:29:03.067835Z  INFO VAE decode: 5.62s
2026-02-22T19:29:03.386477Z  INFO socket cmd: "caption German rap, hard hitting 808 bass, aggressive trap beats, dark minor key, fast flow, Berlin underground hip hop style"
2026-02-22T19:29:03.621303Z  INFO Total chunk: 13.93s
2026-02-22T19:29:03.638732Z  INFO === Sliding window step 7 (pos=210s window=240s step=30s is_first=false) ===
2026-02-22T19:29:03.638778Z  INFO event:step step=6 pos=180s audio=30.0s gen=13.95s step_s=30s window_s=240s
2026-02-22T19:29:03.639054Z  INFO   metas: pos=210s duration=450s mode=Advancing bpm=Some(128) key=Some("A minor")
2026-02-22T19:29:03.675547Z  INFO Generating chunk (6000 frames, 240.0s)...
2026-02-22T19:29:11.498384Z  INFO Diffusion (8 ODE steps): 7.82s
2026-02-22T19:29:17.259405Z  INFO VAE decode: 5.76s
2026-02-22T19:29:17.814579Z  INFO Total chunk: 14.18s
2026-02-22T19:29:17.831209Z  INFO === Sliding window step 8 (pos=240s window=240s step=30s is_first=false) ===
2026-02-22T19:29:17.831247Z  INFO event:step step=7 pos=210s audio=30.0s gen=14.19s step_s=30s window_s=240s
2026-02-22T19:29:17.831504Z  INFO   metas: pos=240s duration=480s mode=Advancing bpm=Some(128) key=Some("A minor")
2026-02-22T19:29:17.869311Z  INFO Generating chunk (6000 frames, 240.0s)...
2026-02-22T19:29:25.670323Z  INFO Diffusion (8 ODE steps): 7.80s
2026-02-22T19:29:31.342628Z  INFO VAE decode: 5.67s
2026-02-22T19:29:31.879590Z  INFO Total chunk: 14.05s
2026-02-22T19:29:31.896710Z  INFO === Sliding window step 9 (pos=270s window=240s step=30s is_first=false) ===
2026-02-22T19:29:31.896737Z  INFO event:step step=8 pos=240s audio=30.0s gen=14.07s step_s=30s window_s=240s
2026-02-22T19:29:31.896871Z  INFO   metas: pos=270s duration=510s mode=Advancing bpm=Some(128) key=Some("A minor")
2026-02-22T19:29:31.931444Z  INFO Generating chunk (6000 frames, 240.0s)...
2026-02-22T19:29:39.661017Z  INFO Diffusion (8 ODE steps): 7.73s
2026-02-22T19:29:45.376306Z  INFO VAE decode: 5.72s
2026-02-22T19:29:45.920060Z  INFO Total chunk: 14.02s
2026-02-22T19:29:45.935506Z  INFO === Sliding window step 10 (pos=300s window=240s step=30s is_first=false) ===
2026-02-22T19:29:45.935534Z  INFO event:step step=9 pos=270s audio=30.0s gen=14.04s step_s=30s window_s=240s
2026-02-22T19:29:45.935702Z  INFO   metas: pos=300s duration=540s mode=Advancing bpm=Some(128) key=Some("A minor")
2026-02-22T19:29:45.972260Z  INFO Generating chunk (6000 frames, 240.0s)...
2026-02-22T19:29:53.690419Z  INFO Diffusion (8 ODE steps): 7.72s
2026-02-22T19:29:55.914034Z  INFO socket cmd: "restart"
2026-02-22T19:29:55.914090Z  INFO Restarting: "/home/marenz/Projects/ace-step-rs/target/release/examples/stream_daemon (deleted)" ["--socket", "/tmp/ace-step.sock"]
2026-02-22T19:29:59.323056Z  INFO VAE decode: 5.63s
2026-02-22T19:29:59.890577Z  INFO Total chunk: 13.95s
2026-02-22T19:30:13.001652Z  INFO Listening on /tmp/ace-step.sock
2026-02-22T19:30:13.005606Z  INFO cpal supported: ch=1 rate=1-384000 fmt=U8
2026-02-22T19:30:13.005616Z  INFO cpal supported: ch=2 rate=1-384000 fmt=U8
2026-02-22T19:30:13.005619Z  INFO cpal supported: ch=3 rate=1-384000 fmt=U8
2026-02-22T19:30:13.005622Z  INFO cpal supported: ch=4 rate=1-384000 fmt=U8
2026-02-22T19:30:13.005625Z  INFO cpal supported: ch=5 rate=1-384000 fmt=U8
2026-02-22T19:30:13.005628Z  INFO cpal supported: ch=6 rate=1-384000 fmt=U8
2026-02-22T19:30:13.005631Z  INFO cpal supported: ch=7 rate=1-384000 fmt=U8
2026-02-22T19:30:13.005635Z  INFO cpal supported: ch=8 rate=1-384000 fmt=U8
2026-02-22T19:30:13.005638Z  INFO cpal supported: ch=9 rate=1-384000 fmt=U8
2026-02-22T19:30:13.005641Z  INFO cpal supported: ch=10 rate=1-384000 fmt=U8
2026-02-22T19:30:13.005644Z  INFO cpal supported: ch=11 rate=1-384000 fmt=U8
2026-02-22T19:30:13.005647Z  INFO cpal supported: ch=12 rate=1-384000 fmt=U8
2026-02-22T19:30:13.005650Z  INFO cpal supported: ch=13 rate=1-384000 fmt=U8
2026-02-22T19:30:13.005653Z  INFO cpal supported: ch=14 rate=1-384000 fmt=U8
2026-02-22T19:30:13.005656Z  INFO cpal supported: ch=15 rate=1-384000 fmt=U8
2026-02-22T19:30:13.005659Z  INFO cpal supported: ch=16 rate=1-384000 fmt=U8
2026-02-22T19:30:13.005662Z  INFO cpal supported: ch=17 rate=1-384000 fmt=U8
2026-02-22T19:30:13.005665Z  INFO cpal supported: ch=18 rate=1-384000 fmt=U8
2026-02-22T19:30:13.005668Z  INFO cpal supported: ch=19 rate=1-384000 fmt=U8
2026-02-22T19:30:13.005671Z  INFO cpal supported: ch=20 rate=1-384000 fmt=U8
2026-02-22T19:30:13.005674Z  INFO cpal supported: ch=21 rate=1-384000 fmt=U8
2026-02-22T19:30:13.005677Z  INFO cpal supported: ch=22 rate=1-384000 fmt=U8
2026-02-22T19:30:13.005681Z  INFO cpal supported: ch=23 rate=1-384000 fmt=U8
2026-02-22T19:30:13.005684Z  INFO cpal supported: ch=24 rate=1-384000 fmt=U8
2026-02-22T19:30:13.005687Z  INFO cpal supported: ch=25 rate=1-384000 fmt=U8
2026-02-22T19:30:13.005690Z  INFO cpal supported: ch=26 rate=1-384000 fmt=U8
2026-02-22T19:30:13.005693Z  INFO cpal supported: ch=27 rate=1-384000 fmt=U8
2026-02-22T19:30:13.005696Z  INFO cpal supported: ch=28 rate=1-384000 fmt=U8
2026-02-22T19:30:13.005699Z  INFO cpal supported: ch=29 rate=1-384000 fmt=U8
2026-02-22T19:30:13.005702Z  INFO cpal supported: ch=30 rate=1-384000 fmt=U8
2026-02-22T19:30:13.005705Z  INFO cpal supported: ch=31 rate=1-384000 fmt=U8
2026-02-22T19:30:13.005708Z  INFO cpal supported: ch=32 rate=1-384000 fmt=U8
2026-02-22T19:30:13.005711Z  INFO cpal supported: ch=1 rate=1-384000 fmt=I16
2026-02-22T19:30:13.005715Z  INFO cpal supported: ch=2 rate=1-384000 fmt=I16
2026-02-22T19:30:13.005718Z  INFO cpal supported: ch=3 rate=1-384000 fmt=I16
2026-02-22T19:30:13.005721Z  INFO cpal supported: ch=4 rate=1-384000 fmt=I16
2026-02-22T19:30:13.005724Z  INFO cpal supported: ch=5 rate=1-384000 fmt=I16
2026-02-22T19:30:13.005726Z  INFO cpal supported: ch=6 rate=1-384000 fmt=I16
2026-02-22T19:30:13.005729Z  INFO cpal supported: ch=7 rate=1-384000 fmt=I16
2026-02-22T19:30:13.005732Z  INFO cpal supported: ch=8 rate=1-384000 fmt=I16
2026-02-22T19:30:13.005735Z  INFO cpal supported: ch=9 rate=1-384000 fmt=I16
2026-02-22T19:30:13.005737Z  INFO cpal supported: ch=10 rate=1-384000 fmt=I16
2026-02-22T19:30:13.005740Z  INFO cpal supported: ch=11 rate=1-384000 fmt=I16
2026-02-22T19:30:13.005743Z  INFO cpal supported: ch=12 rate=1-384000 fmt=I16
2026-02-22T19:30:13.005746Z  INFO cpal supported: ch=13 rate=1-384000 fmt=I16
2026-02-22T19:30:13.005748Z  INFO cpal supported: ch=14 rate=1-384000 fmt=I16
2026-02-22T19:30:13.005751Z  INFO cpal supported: ch=15 rate=1-384000 fmt=I16
2026-02-22T19:30:13.005754Z  INFO cpal supported: ch=16 rate=1-384000 fmt=I16
2026-02-22T19:30:13.005757Z  INFO cpal supported: ch=17 rate=1-384000 fmt=I16
2026-02-22T19:30:13.005770Z  INFO cpal supported: ch=18 rate=1-384000 fmt=I16
2026-02-22T19:30:13.005771Z  INFO cpal supported: ch=19 rate=1-384000 fmt=I16
2026-02-22T19:30:13.005773Z  INFO cpal supported: ch=20 rate=1-384000 fmt=I16
2026-02-22T19:30:13.005775Z  INFO cpal supported: ch=21 rate=1-384000 fmt=I16
2026-02-22T19:30:13.005777Z  INFO cpal supported: ch=22 rate=1-384000 fmt=I16
2026-02-22T19:30:13.005779Z  INFO cpal supported: ch=23 rate=1-384000 fmt=I16
2026-02-22T19:30:13.005781Z  INFO cpal supported: ch=24 rate=1-384000 fmt=I16
2026-02-22T19:30:13.005782Z  INFO cpal supported: ch=25 rate=1-384000 fmt=I16
2026-02-22T19:30:13.005784Z  INFO cpal supported: ch=26 rate=1-384000 fmt=I16
2026-02-22T19:30:13.005786Z  INFO cpal supported: ch=27 rate=1-384000 fmt=I16
2026-02-22T19:30:13.005788Z  INFO cpal supported: ch=28 rate=1-384000 fmt=I16
2026-02-22T19:30:13.005790Z  INFO cpal supported: ch=29 rate=1-384000 fmt=I16
2026-02-22T19:30:13.005791Z  INFO cpal supported: ch=30 rate=1-384000 fmt=I16
2026-02-22T19:30:13.005793Z  INFO cpal supported: ch=31 rate=1-384000 fmt=I16
2026-02-22T19:30:13.005795Z  INFO cpal supported: ch=32 rate=1-384000 fmt=I16
2026-02-22T19:30:13.005797Z  INFO cpal supported: ch=1 rate=1-384000 fmt=I32
2026-02-22T19:30:13.005799Z  INFO cpal supported: ch=2 rate=1-384000 fmt=I32
2026-02-22T19:30:13.005801Z  INFO cpal supported: ch=3 rate=1-384000 fmt=I32
2026-02-22T19:30:13.005803Z  INFO cpal supported: ch=4 rate=1-384000 fmt=I32
2026-02-22T19:30:13.005805Z  INFO cpal supported: ch=5 rate=1-384000 fmt=I32
2026-02-22T19:30:13.005807Z  INFO cpal supported: ch=6 rate=1-384000 fmt=I32
2026-02-22T19:30:13.005809Z  INFO cpal supported: ch=7 rate=1-384000 fmt=I32
2026-02-22T19:30:13.005811Z  INFO cpal supported: ch=8 rate=1-384000 fmt=I32
2026-02-22T19:30:13.005813Z  INFO cpal supported: ch=9 rate=1-384000 fmt=I32
2026-02-22T19:30:13.005815Z  INFO cpal supported: ch=10 rate=1-384000 fmt=I32
2026-02-22T19:30:13.005817Z  INFO cpal supported: ch=11 rate=1-384000 fmt=I32
2026-02-22T19:30:13.005819Z  INFO cpal supported: ch=12 rate=1-384000 fmt=I32
2026-02-22T19:30:13.005821Z  INFO cpal supported: ch=13 rate=1-384000 fmt=I32
2026-02-22T19:30:13.005823Z  INFO cpal supported: ch=14 rate=1-384000 fmt=I32
2026-02-22T19:30:13.005825Z  INFO cpal supported: ch=15 rate=1-384000 fmt=I32
2026-02-22T19:30:13.005827Z  INFO cpal supported: ch=16 rate=1-384000 fmt=I32
2026-02-22T19:30:13.005829Z  INFO cpal supported: ch=17 rate=1-384000 fmt=I32
2026-02-22T19:30:13.005831Z  INFO cpal supported: ch=18 rate=1-384000 fmt=I32
2026-02-22T19:30:13.005833Z  INFO cpal supported: ch=19 rate=1-384000 fmt=I32
2026-02-22T19:30:13.005835Z  INFO cpal supported: ch=20 rate=1-384000 fmt=I32
2026-02-22T19:30:13.005837Z  INFO cpal supported: ch=21 rate=1-384000 fmt=I32
2026-02-22T19:30:13.005839Z  INFO cpal supported: ch=22 rate=1-384000 fmt=I32
2026-02-22T19:30:13.005841Z  INFO cpal supported: ch=23 rate=1-384000 fmt=I32
2026-02-22T19:30:13.005843Z  INFO cpal supported: ch=24 rate=1-384000 fmt=I32
2026-02-22T19:30:13.005845Z  INFO cpal supported: ch=25 rate=1-384000 fmt=I32
2026-02-22T19:30:13.005847Z  INFO cpal supported: ch=26 rate=1-384000 fmt=I32
2026-02-22T19:30:13.005849Z  INFO cpal supported: ch=27 rate=1-384000 fmt=I32
2026-02-22T19:30:13.005851Z  INFO cpal supported: ch=28 rate=1-384000 fmt=I32
2026-02-22T19:30:13.005853Z  INFO cpal supported: ch=29 rate=1-384000 fmt=I32
2026-02-22T19:30:13.005855Z  INFO cpal supported: ch=30 rate=1-384000 fmt=I32
2026-02-22T19:30:13.005857Z  INFO cpal supported: ch=31 rate=1-384000 fmt=I32
2026-02-22T19:30:13.005859Z  INFO cpal supported: ch=32 rate=1-384000 fmt=I32
2026-02-22T19:30:13.005861Z  INFO cpal supported: ch=1 rate=1-384000 fmt=F32
2026-02-22T19:30:13.005863Z  INFO cpal supported: ch=2 rate=1-384000 fmt=F32
2026-02-22T19:30:13.005865Z  INFO cpal supported: ch=3 rate=1-384000 fmt=F32
2026-02-22T19:30:13.005867Z  INFO cpal supported: ch=4 rate=1-384000 fmt=F32
2026-02-22T19:30:13.005869Z  INFO cpal supported: ch=5 rate=1-384000 fmt=F32
2026-02-22T19:30:13.005871Z  INFO cpal supported: ch=6 rate=1-384000 fmt=F32
2026-02-22T19:30:13.005877Z  INFO cpal supported: ch=7 rate=1-384000 fmt=F32
2026-02-22T19:30:13.005879Z  INFO cpal supported: ch=8 rate=1-384000 fmt=F32
2026-02-22T19:30:13.005881Z  INFO cpal supported: ch=9 rate=1-384000 fmt=F32
2026-02-22T19:30:13.005883Z  INFO cpal supported: ch=10 rate=1-384000 fmt=F32
2026-02-22T19:30:13.005885Z  INFO cpal supported: ch=11 rate=1-384000 fmt=F32
2026-02-22T19:30:13.005887Z  INFO cpal supported: ch=12 rate=1-384000 fmt=F32
2026-02-22T19:30:13.005889Z  INFO cpal supported: ch=13 rate=1-384000 fmt=F32
2026-02-22T19:30:13.005892Z  INFO cpal supported: ch=14 rate=1-384000 fmt=F32
2026-02-22T19:30:13.005894Z  INFO cpal supported: ch=15 rate=1-384000 fmt=F32
2026-02-22T19:30:13.005896Z  INFO cpal supported: ch=16 rate=1-384000 fmt=F32
2026-02-22T19:30:13.005897Z  INFO cpal supported: ch=17 rate=1-384000 fmt=F32
2026-02-22T19:30:13.005899Z  INFO cpal supported: ch=18 rate=1-384000 fmt=F32
2026-02-22T19:30:13.005901Z  INFO cpal supported: ch=19 rate=1-384000 fmt=F32
2026-02-22T19:30:13.005903Z  INFO cpal supported: ch=20 rate=1-384000 fmt=F32
2026-02-22T19:30:13.005905Z  INFO cpal supported: ch=21 rate=1-384000 fmt=F32
2026-02-22T19:30:13.005907Z  INFO cpal supported: ch=22 rate=1-384000 fmt=F32
2026-02-22T19:30:13.005909Z  INFO cpal supported: ch=23 rate=1-384000 fmt=F32
2026-02-22T19:30:13.005911Z  INFO cpal supported: ch=24 rate=1-384000 fmt=F32
2026-02-22T19:30:13.005913Z  INFO cpal supported: ch=25 rate=1-384000 fmt=F32
2026-02-22T19:30:13.005915Z  INFO cpal supported: ch=26 rate=1-384000 fmt=F32
2026-02-22T19:30:13.005917Z  INFO cpal supported: ch=27 rate=1-384000 fmt=F32
2026-02-22T19:30:13.005919Z  INFO cpal supported: ch=28 rate=1-384000 fmt=F32
2026-02-22T19:30:13.005921Z  INFO cpal supported: ch=29 rate=1-384000 fmt=F32
2026-02-22T19:30:13.005923Z  INFO cpal supported: ch=30 rate=1-384000 fmt=F32
2026-02-22T19:30:13.005925Z  INFO cpal supported: ch=31 rate=1-384000 fmt=F32
2026-02-22T19:30:13.005927Z  INFO cpal supported: ch=32 rate=1-384000 fmt=F32
2026-02-22T19:30:13.005930Z  INFO cpal opening: device="default" ch=2 rate=48000
2026-02-22T19:30:13.039269Z  WARN ring underrun: needed 9600 got 0
2026-02-22T19:30:13.081874Z  WARN ring underrun: needed 4096 got 0
2026-02-22T19:30:13.124639Z  WARN ring underrun: needed 4096 got 0
2026-02-22T19:30:13.167228Z  WARN ring underrun: needed 4096 got 0
2026-02-22T19:30:13.209871Z  WARN ring underrun: needed 4096 got 0
2026-02-22T19:30:13.217648Z  INFO Downloading ACE-Step v1.5 models from HuggingFace...
2026-02-22T19:30:13.217737Z  INFO All models downloaded successfully
2026-02-22T19:30:13.218031Z  INFO Loading tokenizer...
2026-02-22T19:30:13.252545Z  WARN ring underrun: needed 4096 got 0
2026-02-22T19:30:13.295221Z  WARN ring underrun: needed 4096 got 0
2026-02-22T19:30:13.337901Z  WARN ring underrun: needed 4096 got 0
2026-02-22T19:30:13.380580Z  WARN ring underrun: needed 4096 got 0
2026-02-22T19:30:13.423247Z  WARN ring underrun: needed 4096 got 0
2026-02-22T19:30:13.465932Z  WARN ring underrun: needed 4096 got 0
2026-02-22T19:30:13.508629Z  WARN ring underrun: needed 4096 got 0
2026-02-22T19:30:13.551323Z  WARN ring underrun: needed 4096 got 0
2026-02-22T19:30:13.586540Z  INFO Loading Qwen3 text encoder...
2026-02-22T19:30:13.594115Z  WARN ring underrun: needed 4096 got 0
2026-02-22T19:30:13.636765Z  WARN ring underrun: needed 4096 got 0
2026-02-22T19:30:13.679337Z  WARN ring underrun: needed 4096 got 0
2026-02-22T19:30:13.722035Z  WARN ring underrun: needed 4096 got 0
2026-02-22T19:30:13.764761Z  WARN ring underrun: needed 4096 got 0
2026-02-22T19:30:13.807422Z  WARN ring underrun: needed 4096 got 0
2026-02-22T19:30:13.850110Z  WARN ring underrun: needed 4096 got 0
2026-02-22T19:30:13.892751Z  WARN ring underrun: needed 4096 got 0
2026-02-22T19:30:13.935425Z  WARN ring underrun: needed 4096 got 0
2026-02-22T19:30:13.978099Z  WARN ring underrun: needed 4096 got 0
2026-02-22T19:30:14.020685Z  WARN ring underrun: needed 4096 got 0
2026-02-22T19:30:14.022716Z  INFO Loading DiT generation model...
2026-02-22T19:30:14.063423Z  WARN ring underrun: needed 4096 got 0
2026-02-22T19:30:14.106173Z  WARN ring underrun: needed 4096 got 0
2026-02-22T19:30:14.148792Z  WARN ring underrun: needed 4096 got 0
2026-02-22T19:30:14.191417Z  WARN ring underrun: needed 4096 got 0
2026-02-22T19:30:14.234097Z  WARN ring underrun: needed 4096 got 0
2026-02-22T19:30:14.276756Z  WARN ring underrun: needed 4096 got 0
2026-02-22T19:30:14.319440Z  WARN ring underrun: needed 4096 got 0
2026-02-22T19:30:14.362042Z  WARN ring underrun: needed 4096 got 0
2026-02-22T19:30:14.404793Z  WARN ring underrun: needed 4096 got 0
2026-02-22T19:30:14.447438Z  WARN ring underrun: needed 4096 got 0
2026-02-22T19:30:14.490112Z  WARN ring underrun: needed 4096 got 0
2026-02-22T19:30:14.532788Z  WARN ring underrun: needed 4096 got 0
2026-02-22T19:30:14.575445Z  WARN ring underrun: needed 4096 got 0
2026-02-22T19:30:14.618118Z  WARN ring underrun: needed 4096 got 0
2026-02-22T19:30:14.660775Z  WARN ring underrun: needed 4096 got 0
2026-02-22T19:30:14.703486Z  WARN ring underrun: needed 4096 got 0
2026-02-22T19:30:14.746129Z  WARN ring underrun: needed 4096 got 0
2026-02-22T19:30:14.788774Z  WARN ring underrun: needed 4096 got 0
2026-02-22T19:30:14.831455Z  WARN ring underrun: needed 4096 got 0
2026-02-22T19:30:14.874128Z  WARN ring underrun: needed 4096 got 0
2026-02-22T19:30:14.916803Z  WARN ring underrun: needed 4096 got 0
2026-02-22T19:30:14.959461Z  WARN ring underrun: needed 4096 got 0
2026-02-22T19:30:15.002086Z  WARN ring underrun: needed 4096 got 0
2026-02-22T19:30:15.044756Z  WARN ring underrun: needed 4096 got 0
2026-02-22T19:30:15.087410Z  WARN ring underrun: needed 4096 got 0
2026-02-22T19:30:15.130084Z  WARN ring underrun: needed 4096 got 0
2026-02-22T19:30:15.172227Z  INFO Loading VAE decoder...
2026-02-22T19:30:15.172749Z  WARN ring underrun: needed 4096 got 0
2026-02-22T19:30:15.215485Z  WARN ring underrun: needed 4096 got 0
2026-02-22T19:30:15.220627Z  INFO Loading silence latent...
2026-02-22T19:30:15.229058Z  INFO Loaded silence_latent: shape [1, 15000, 64], dtype F32
2026-02-22T19:30:15.229100Z  INFO Pipeline loaded successfully
2026-02-22T19:30:15.236052Z  INFO === Sliding window step 0 (pos=0s window=240s step=30s is_first=true) ===
2026-02-22T19:30:15.236069Z  INFO Pipeline ready
2026-02-22T19:30:15.236532Z  INFO   metas: pos=0s duration=240s mode=Advancing bpm=Some(128) key=Some("A minor")
2026-02-22T19:30:15.258083Z  WARN ring underrun: needed 4096 got 0
2026-02-22T19:30:15.285888Z  INFO Generating chunk (6000 frames, 240.0s)...
2026-02-22T19:30:15.300775Z  WARN ring underrun: needed 4096 got 0
2026-02-22T19:30:15.343430Z  WARN ring underrun: needed 4096 got 0
2026-02-22T19:30:15.386160Z  WARN ring underrun: needed 4096 got 0
2026-02-22T19:30:15.428755Z  WARN ring underrun: needed 4096 got 0
2026-02-22T19:30:15.471527Z  WARN ring underrun: needed 4096 got 0
2026-02-22T19:30:15.514087Z  WARN ring underrun: needed 4096 got 0
2026-02-22T19:30:15.556745Z  WARN ring underrun: needed 4096 got 0
2026-02-22T19:30:15.599425Z  WARN ring underrun: needed 4096 got 0
2026-02-22T19:30:15.642095Z  WARN ring underrun: needed 4096 got 0
2026-02-22T19:30:15.684757Z  WARN ring underrun: needed 4096 got 0
2026-02-22T19:30:15.727425Z  WARN ring underrun: needed 4096 got 0
2026-02-22T19:30:15.770096Z  WARN ring underrun: needed 4096 got 0
2026-02-22T19:30:15.812764Z  WARN ring underrun: needed 4096 got 0
2026-02-22T19:30:15.855427Z  WARN ring underrun: needed 4096 got 0
2026-02-22T19:30:15.898093Z  WARN ring underrun: needed 4096 got 0
2026-02-22T19:30:15.940759Z  WARN ring underrun: needed 4096 got 0
2026-02-22T19:30:15.983440Z  WARN ring underrun: needed 4096 got 0
2026-02-22T19:30:16.026095Z  WARN ring underrun: needed 4096 got 0
2026-02-22T19:30:16.068783Z  WARN ring underrun: needed 4096 got 0
2026-02-22T19:30:16.111430Z  WARN ring underrun: needed 4096 got 0
2026-02-22T19:30:16.154104Z  WARN ring underrun: needed 4096 got 0
2026-02-22T19:30:16.196770Z  WARN ring underrun: needed 4096 got 0
2026-02-22T19:30:16.239414Z  WARN ring underrun: needed 4096 got 0
2026-02-22T19:30:16.282087Z  WARN ring underrun: needed 4096 got 0
2026-02-22T19:30:16.324879Z  WARN ring underrun: needed 4096 got 0
2026-02-22T19:30:16.367460Z  WARN ring underrun: needed 4096 got 0
2026-02-22T19:30:16.410240Z  WARN ring underrun: needed 4096 got 0
2026-02-22T19:30:16.452786Z  WARN ring underrun: needed 4096 got 0
2026-02-22T19:30:16.495438Z  WARN ring underrun: needed 4096 got 0
2026-02-22T19:30:16.538102Z  WARN ring underrun: needed 4096 got 0
2026-02-22T19:30:16.580768Z  WARN ring underrun: needed 4096 got 0
2026-02-22T19:30:16.623431Z  WARN ring underrun: needed 4096 got 0
2026-02-22T19:30:16.666106Z  WARN ring underrun: needed 4096 got 0
2026-02-22T19:30:16.708778Z  WARN ring underrun: needed 4096 got 0
2026-02-22T19:30:16.751453Z  WARN ring underrun: needed 4096 got 0
2026-02-22T19:30:16.794124Z  WARN ring underrun: needed 4096 got 0
2026-02-22T19:30:16.836787Z  WARN ring underrun: needed 4096 got 0
2026-02-22T19:30:16.879471Z  WARN ring underrun: needed 4096 got 0
2026-02-22T19:30:16.922137Z  WARN ring underrun: needed 4096 got 0
2026-02-22T19:30:16.964808Z  WARN ring underrun: needed 4096 got 0
2026-02-22T19:30:17.007463Z  WARN ring underrun: needed 4096 got 0
2026-02-22T19:30:17.050110Z  WARN ring underrun: needed 4096 got 0
2026-02-22T19:30:17.092796Z  WARN ring underrun: needed 4096 got 0
2026-02-22T19:30:17.135479Z  WARN ring underrun: needed 4096 got 0
2026-02-22T19:30:17.178130Z  WARN ring underrun: needed 4096 got 0
2026-02-22T19:30:17.220794Z  WARN ring underrun: needed 4096 got 0
2026-02-22T19:30:17.263457Z  WARN ring underrun: needed 4096 got 0
2026-02-22T19:30:17.306159Z  WARN ring underrun: needed 4096 got 0
2026-02-22T19:30:17.348807Z  WARN ring underrun: needed 4096 got 0
2026-02-22T19:30:17.391490Z  WARN ring underrun: needed 4096 got 0
2026-02-22T19:30:17.434314Z  WARN ring underrun: needed 4096 got 0
2026-02-22T19:30:17.476796Z  WARN ring underrun: needed 4096 got 0
2026-02-22T19:30:17.519472Z  WARN ring underrun: needed 4096 got 0
2026-02-22T19:30:17.562144Z  WARN ring underrun: needed 4096 got 0
2026-02-22T19:30:17.604813Z  WARN ring underrun: needed 4096 got 0
2026-02-22T19:30:17.647476Z  WARN ring underrun: needed 4096 got 0
2026-02-22T19:30:17.690150Z  WARN ring underrun: needed 4096 got 0
2026-02-22T19:30:17.713816Z  INFO socket cmd: "caption German rap, hard hitting 808 bass, aggressive trap beats, dark minor key, fast flow, Berlin underground hip hop"
2026-02-22T19:30:17.732816Z  WARN ring underrun: needed 4096 got 0
2026-02-22T19:30:17.775476Z  WARN ring underrun: needed 4096 got 0
2026-02-22T19:30:17.818148Z  WARN ring underrun: needed 4096 got 0
2026-02-22T19:30:17.860813Z  WARN ring underrun: needed 4096 got 0
2026-02-22T19:30:17.903468Z  WARN ring underrun: needed 4096 got 0
2026-02-22T19:30:17.946139Z  WARN ring underrun: needed 4096 got 0
2026-02-22T19:30:17.988811Z  WARN ring underrun: needed 4096 got 0
2026-02-22T19:30:18.031498Z  WARN ring underrun: needed 4096 got 0
2026-02-22T19:30:18.074338Z  WARN ring underrun: needed 4096 got 0
2026-02-22T19:30:18.116815Z  WARN ring underrun: needed 4096 got 0
2026-02-22T19:30:18.159484Z  WARN ring underrun: needed 4096 got 0
2026-02-22T19:30:18.202168Z  WARN ring underrun: needed 4096 got 0
2026-02-22T19:30:18.244820Z  WARN ring underrun: needed 4096 got 0
2026-02-22T19:30:18.287499Z  WARN ring underrun: needed 4096 got 0
2026-02-22T19:30:18.330184Z  WARN ring underrun: needed 4096 got 0
2026-02-22T19:30:18.372852Z  WARN ring underrun: needed 4096 got 0
2026-02-22T19:30:18.415491Z  WARN ring underrun: needed 4096 got 0
2026-02-22T19:30:18.458167Z  WARN ring underrun: needed 4096 got 0
2026-02-22T19:30:18.500818Z  WARN ring underrun: needed 4096 got 0
2026-02-22T19:30:18.543487Z  WARN ring underrun: needed 4096 got 0
2026-02-22T19:30:18.586158Z  WARN ring underrun: needed 4096 got 0
2026-02-22T19:30:18.628827Z  WARN ring underrun: needed 4096 got 0
2026-02-22T19:30:18.671491Z  WARN ring underrun: needed 4096 got 0
2026-02-22T19:30:18.714161Z  WARN ring underrun: needed 4096 got 0
2026-02-22T19:30:18.756825Z  WARN ring underrun: needed 4096 got 0
2026-02-22T19:30:18.799501Z  WARN ring underrun: needed 4096 got 0
2026-02-22T19:30:18.842173Z  WARN ring underrun: needed 4096 got 0
2026-02-22T19:30:18.884867Z  WARN ring underrun: needed 4096 got 0
2026-02-22T19:30:18.927517Z  WARN ring underrun: needed 4096 got 0
2026-02-22T19:30:18.970173Z  WARN ring underrun: needed 4096 got 0
2026-02-22T19:30:19.012835Z  WARN ring underrun: needed 4096 got 0
2026-02-22T19:30:19.055510Z  WARN ring underrun: needed 4096 got 0
2026-02-22T19:30:19.098180Z  WARN ring underrun: needed 4096 got 0
2026-02-22T19:30:19.140888Z  WARN ring underrun: needed 4096 got 0
2026-02-22T19:30:19.183500Z  WARN ring underrun: needed 4096 got 0
2026-02-22T19:30:19.226173Z  WARN ring underrun: needed 4096 got 0
2026-02-22T19:30:19.268850Z  WARN ring underrun: needed 4096 got 0
2026-02-22T19:30:19.311520Z  WARN ring underrun: needed 4096 got 0
2026-02-22T19:30:19.354168Z  WARN ring underrun: needed 4096 got 0
2026-02-22T19:30:19.396964Z  WARN ring underrun: needed 4096 got 0
2026-02-22T19:30:19.439501Z  WARN ring underrun: needed 4096 got 0
2026-02-22T19:30:19.482167Z  WARN ring underrun: needed 4096 got 0
2026-02-22T19:30:19.524829Z  WARN ring underrun: needed 4096 got 0
2026-02-22T19:30:19.567501Z  WARN ring underrun: needed 4096 got 0
2026-02-22T19:30:19.610170Z  WARN ring underrun: needed 4096 got 0
2026-02-22T19:30:19.652843Z  WARN ring underrun: needed 4096 got 0
2026-02-22T19:30:19.695508Z  WARN ring underrun: needed 4096 got 0
2026-02-22T19:30:19.738172Z  WARN ring underrun: needed 4096 got 0
2026-02-22T19:30:19.780842Z  WARN ring underrun: needed 4096 got 0
2026-02-22T19:30:19.823508Z  WARN ring underrun: needed 4096 got 0
2026-02-22T19:30:19.866177Z  WARN ring underrun: needed 4096 got 0
2026-02-22T19:30:19.908846Z  WARN ring underrun: needed 4096 got 0
2026-02-22T19:30:19.951527Z  WARN ring underrun: needed 4096 got 0
2026-02-22T19:30:19.994175Z  WARN ring underrun: needed 4096 got 0
2026-02-22T19:30:20.036859Z  WARN ring underrun: needed 4096 got 0
2026-02-22T19:30:20.079524Z  WARN ring underrun: needed 4096 got 0
2026-02-22T19:30:20.122188Z  WARN ring underrun: needed 4096 got 0
2026-02-22T19:30:20.164844Z  WARN ring underrun: needed 4096 got 0
2026-02-22T19:30:20.207554Z  WARN ring underrun: needed 4096 got 0
2026-02-22T19:30:20.250307Z  WARN ring underrun: needed 4096 got 0
2026-02-22T19:30:20.292910Z  WARN ring underrun: needed 4096 got 0
2026-02-22T19:30:20.335640Z  WARN ring underrun: needed 4096 got 0
2026-02-22T19:30:20.378207Z  WARN ring underrun: needed 4096 got 0
2026-02-22T19:30:20.420867Z  WARN ring underrun: needed 4096 got 0
2026-02-22T19:30:20.463528Z  WARN ring underrun: needed 4096 got 0
2026-02-22T19:30:20.506197Z  WARN ring underrun: needed 4096 got 0
2026-02-22T19:30:20.548863Z  WARN ring underrun: needed 4096 got 0
2026-02-22T19:30:20.591534Z  WARN ring underrun: needed 4096 got 0
2026-02-22T19:30:20.634209Z  WARN ring underrun: needed 4096 got 0
2026-02-22T19:30:20.676868Z  WARN ring underrun: needed 4096 got 0
2026-02-22T19:30:20.719536Z  WARN ring underrun: needed 4096 got 0
2026-02-22T19:30:20.762194Z  WARN ring underrun: needed 4096 got 0
2026-02-22T19:30:20.804870Z  WARN ring underrun: needed 4096 got 0
2026-02-22T19:30:20.847533Z  WARN ring underrun: needed 4096 got 0
2026-02-22T19:30:20.890217Z  WARN ring underrun: needed 4096 got 0
2026-02-22T19:30:20.932879Z  WARN ring underrun: needed 4096 got 0
2026-02-22T19:30:20.975531Z  WARN ring underrun: needed 4096 got 0
2026-02-22T19:30:21.018202Z  WARN ring underrun: needed 4096 got 0
2026-02-22T19:30:21.060879Z  WARN ring underrun: needed 4096 got 0
2026-02-22T19:30:21.103543Z  WARN ring underrun: needed 4096 got 0
2026-02-22T19:30:21.146224Z  WARN ring underrun: needed 4096 got 0
2026-02-22T19:30:21.188886Z  WARN ring underrun: needed 4096 got 0
2026-02-22T19:30:21.231608Z  WARN ring underrun: needed 4096 got 0
2026-02-22T19:30:21.274235Z  WARN ring underrun: needed 4096 got 0
2026-02-22T19:30:21.316905Z  WARN ring underrun: needed 4096 got 0
2026-02-22T19:30:21.359561Z  WARN ring underrun: needed 4096 got 0
2026-02-22T19:30:21.402228Z  WARN ring underrun: needed 4096 got 0
2026-02-22T19:30:21.444861Z  WARN ring underrun: needed 4096 got 0
2026-02-22T19:30:21.487592Z  WARN ring underrun: needed 4096 got 0
2026-02-22T19:30:21.530225Z  WARN ring underrun: needed 4096 got 0
2026-02-22T19:30:21.572903Z  WARN ring underrun: needed 4096 got 0
2026-02-22T19:30:21.615566Z  WARN ring underrun: needed 4096 got 0
2026-02-22T19:30:21.658234Z  WARN ring underrun: needed 4096 got 0
2026-02-22T19:30:21.700905Z  WARN ring underrun: needed 4096 got 0
2026-02-22T19:30:21.743580Z  WARN ring underrun: needed 4096 got 0
2026-02-22T19:30:21.786235Z  WARN ring underrun: needed 4096 got 0
2026-02-22T19:30:21.828906Z  WARN ring underrun: needed 4096 got 0
2026-02-22T19:30:21.871582Z  WARN ring underrun: needed 4096 got 0
2026-02-22T19:30:21.914251Z  WARN ring underrun: needed 4096 got 0
2026-02-22T19:30:21.956905Z  WARN ring underrun: needed 4096 got 0
2026-02-22T19:30:21.999582Z  WARN ring underrun: needed 4096 got 0
2026-02-22T19:30:22.042262Z  WARN ring underrun: needed 4096 got 0
2026-02-22T19:30:22.084918Z  WARN ring underrun: needed 4096 got 0
2026-02-22T19:30:22.127578Z  WARN ring underrun: needed 4096 got 0
2026-02-22T19:30:22.170242Z  WARN ring underrun: needed 4096 got 0
2026-02-22T19:30:22.213041Z  WARN ring underrun: needed 4096 got 0
2026-02-22T19:30:22.255615Z  WARN ring underrun: needed 4096 got 0
2026-02-22T19:30:22.298374Z  WARN ring underrun: needed 4096 got 0
2026-02-22T19:30:22.340942Z  WARN ring underrun: needed 4096 got 0
2026-02-22T19:30:22.383585Z  WARN ring underrun: needed 4096 got 0
2026-02-22T19:30:22.426265Z  WARN ring underrun: needed 4096 got 0
2026-02-22T19:30:22.468923Z  WARN ring underrun: needed 4096 got 0
2026-02-22T19:30:22.511592Z  WARN ring underrun: needed 4096 got 0
2026-02-22T19:30:22.554267Z  WARN ring underrun: needed 4096 got 0
2026-02-22T19:30:22.596935Z  WARN ring underrun: needed 4096 got 0
2026-02-22T19:30:22.639602Z  WARN ring underrun: needed 4096 got 0
2026-02-22T19:30:22.682253Z  WARN ring underrun: needed 4096 got 0
2026-02-22T19:30:22.724945Z  WARN ring underrun: needed 4096 got 0
2026-02-22T19:30:22.767661Z  WARN ring underrun: needed 4096 got 0
2026-02-22T19:30:22.810264Z  WARN ring underrun: needed 4096 got 0
2026-02-22T19:30:22.823718Z  INFO Diffusion (8 ODE steps): 7.53s
2026-02-22T19:30:22.852926Z  WARN ring underrun: needed 4096 got 0
2026-02-22T19:30:22.895606Z  WARN ring underrun: needed 4096 got 0
2026-02-22T19:30:22.938267Z  WARN ring underrun: needed 4096 got 0
2026-02-22T19:30:22.980931Z  WARN ring underrun: needed 4096 got 0
2026-02-22T19:30:23.023603Z  WARN ring underrun: needed 4096 got 0
2026-02-22T19:30:23.066281Z  WARN ring underrun: needed 4096 got 0
2026-02-22T19:30:23.109009Z  WARN ring underrun: needed 4096 got 0
2026-02-22T19:30:23.151616Z  WARN ring underrun: needed 4096 got 0
2026-02-22T19:30:23.194286Z  WARN ring underrun: needed 4096 got 0
2026-02-22T19:30:23.236961Z  WARN ring underrun: needed 4096 got 0
2026-02-22T19:30:23.279624Z  WARN ring underrun: needed 4096 got 0
2026-02-22T19:30:23.322286Z  WARN ring underrun: needed 4096 got 0
2026-02-22T19:30:23.364960Z  WARN ring underrun: needed 4096 got 0
2026-02-22T19:30:23.407624Z  WARN ring underrun: needed 4096 got 0
2026-02-22T19:30:23.450288Z  WARN ring underrun: needed 4096 got 0
2026-02-22T19:30:23.492952Z  WARN ring underrun: needed 4096 got 0
2026-02-22T19:30:23.535644Z  WARN ring underrun: needed 4096 got 0
2026-02-22T19:30:23.578297Z  WARN ring underrun: needed 4096 got 0
2026-02-22T19:30:23.620965Z  WARN ring underrun: needed 4096 got 0
2026-02-22T19:30:23.663646Z  WARN ring underrun: needed 4096 got 0
2026-02-22T19:30:23.706292Z  WARN ring underrun: needed 4096 got 0
2026-02-22T19:30:23.748964Z  WARN ring underrun: needed 4096 got 0
2026-02-22T19:30:23.791649Z  WARN ring underrun: needed 4096 got 0
2026-02-22T19:30:23.834300Z  WARN ring underrun: needed 4096 got 0
2026-02-22T19:30:23.876965Z  WARN ring underrun: needed 4096 got 0
2026-02-22T19:30:23.919641Z  WARN ring underrun: needed 4096 got 0
2026-02-22T19:30:23.962304Z  WARN ring underrun: needed 4096 got 0
2026-02-22T19:30:24.004973Z  WARN ring underrun: needed 4096 got 0
2026-02-22T19:30:24.047639Z  WARN ring underrun: needed 4096 got 0
2026-02-22T19:30:24.090313Z  WARN ring underrun: needed 4096 got 0
2026-02-22T19:30:24.132976Z  WARN ring underrun: needed 4096 got 0
2026-02-22T19:30:24.175649Z  WARN ring underrun: needed 4096 got 0
2026-02-22T19:30:24.218313Z  WARN ring underrun: needed 4096 got 0
2026-02-22T19:30:24.260983Z  WARN ring underrun: needed 4096 got 0
2026-02-22T19:30:24.303643Z  WARN ring underrun: needed 4096 got 0
2026-02-22T19:30:24.346324Z  WARN ring underrun: needed 4096 got 0
2026-02-22T19:30:24.388987Z  WARN ring underrun: needed 4096 got 0
2026-02-22T19:30:24.431657Z  WARN ring underrun: needed 4096 got 0
2026-02-22T19:30:24.474336Z  WARN ring underrun: needed 4096 got 0
2026-02-22T19:30:24.517005Z  WARN ring underrun: needed 4096 got 0
2026-02-22T19:30:24.559734Z  WARN ring underrun: needed 4096 got 0
2026-02-22T19:30:24.602339Z  WARN ring underrun: needed 4096 got 0
2026-02-22T19:30:24.644991Z  WARN ring underrun: needed 4096 got 0
2026-02-22T19:30:24.687685Z  WARN ring underrun: needed 4096 got 0
2026-02-22T19:30:24.730334Z  WARN ring underrun: needed 4096 got 0
2026-02-22T19:30:24.773016Z  WARN ring underrun: needed 4096 got 0
2026-02-22T19:30:24.815681Z  WARN ring underrun: needed 4096 got 0
2026-02-22T19:30:24.858357Z  WARN ring underrun: needed 4096 got 0
2026-02-22T19:30:24.901004Z  WARN ring underrun: needed 4096 got 0
2026-02-22T19:30:24.943690Z  WARN ring underrun: needed 4096 got 0
2026-02-22T19:30:24.986344Z  WARN ring underrun: needed 4096 got 0
2026-02-22T19:30:25.029011Z  WARN ring underrun: needed 4096 got 0
2026-02-22T19:30:25.071679Z  WARN ring underrun: needed 4096 got 0
2026-02-22T19:30:25.114348Z  WARN ring underrun: needed 4096 got 0
2026-02-22T19:30:25.157008Z  WARN ring underrun: needed 4096 got 0
2026-02-22T19:30:25.199677Z  WARN ring underrun: needed 4096 got 0
2026-02-22T19:30:25.242356Z  WARN ring underrun: needed 4096 got 0
2026-02-22T19:30:25.285037Z  WARN ring underrun: needed 4096 got 0
2026-02-22T19:30:25.327713Z  WARN ring underrun: needed 4096 got 0
2026-02-22T19:30:25.370369Z  WARN ring underrun: needed 4096 got 0
2026-02-22T19:30:25.413054Z  WARN ring underrun: needed 4096 got 0
2026-02-22T19:30:25.455695Z  WARN ring underrun: needed 4096 got 0
2026-02-22T19:30:25.498358Z  WARN ring underrun: needed 4096 got 0
2026-02-22T19:30:25.541094Z  WARN ring underrun: needed 4096 got 0
2026-02-22T19:30:25.567924Z  INFO socket cmd: "bpm 140"
2026-02-22T19:30:25.579762Z  INFO socket cmd: "key A minor"
2026-02-22T19:30:25.579805Z  INFO socket cmd: "lyrics Ich geh durch die Nacht allein auf der Straße"
2026-02-22T19:30:25.579818Z  INFO socket cmd: "Kein Licht kein Halt ich fühl die Kälte"
2026-02-22T19:30:25.579822Z  INFO socket cmd: "Die Stadt schläft nicht ich auch nicht ich bleib wach"
2026-02-22T19:30:25.579824Z  INFO socket cmd: "Berlin bei Nacht das ist mein Weg"
2026-02-22T19:30:25.580016Z  INFO socket cmd: "lang de"
2026-02-22T19:30:25.583695Z  WARN ring underrun: needed 4096 got 0
2026-02-22T19:30:25.626365Z  WARN ring underrun: needed 4096 got 0
2026-02-22T19:30:25.669029Z  WARN ring underrun: needed 4096 got 0
2026-02-22T19:30:25.711711Z  WARN ring underrun: needed 4096 got 0
2026-02-22T19:30:25.754368Z  WARN ring underrun: needed 4096 got 0
2026-02-22T19:30:25.797017Z  WARN ring underrun: needed 4096 got 0
2026-02-22T19:30:25.839707Z  WARN ring underrun: needed 4096 got 0
2026-02-22T19:30:25.882375Z  WARN ring underrun: needed 4096 got 0
2026-02-22T19:30:25.925043Z  WARN ring underrun: needed 4096 got 0
2026-02-22T19:30:25.967707Z  WARN ring underrun: needed 4096 got 0
2026-02-22T19:30:26.010377Z  WARN ring underrun: needed 4096 got 0
2026-02-22T19:30:26.053039Z  WARN ring underrun: needed 4096 got 0
2026-02-22T19:30:26.095715Z  WARN ring underrun: needed 4096 got 0
2026-02-22T19:30:26.138377Z  WARN ring underrun: needed 4096 got 0
2026-02-22T19:30:26.181074Z  WARN ring underrun: needed 4096 got 0
2026-02-22T19:30:26.223717Z  WARN ring underrun: needed 4096 got 0
2026-02-22T19:30:26.266390Z  WARN ring underrun: needed 4096 got 0
2026-02-22T19:30:26.309095Z  WARN ring underrun: needed 4096 got 0
2026-02-22T19:30:26.351738Z  WARN ring underrun: needed 4096 got 0
2026-02-22T19:30:26.394393Z  WARN ring underrun: needed 4096 got 0
2026-02-22T19:30:26.437067Z  WARN ring underrun: needed 4096 got 0
2026-02-22T19:30:26.479737Z  WARN ring underrun: needed 4096 got 0
2026-02-22T19:30:26.522401Z  WARN ring underrun: needed 4096 got 0
2026-02-22T19:30:26.565070Z  WARN ring underrun: needed 4096 got 0
2026-02-22T19:30:26.607735Z  WARN ring underrun: needed 4096 got 0
2026-02-22T19:30:26.650393Z  WARN ring underrun: needed 4096 got 0
2026-02-22T19:30:26.693077Z  WARN ring underrun: needed 4096 got 0
2026-02-22T19:30:26.735740Z  WARN ring underrun: needed 4096 got 0
2026-02-22T19:30:26.778441Z  WARN ring underrun: needed 4096 got 0
2026-02-22T19:30:26.821066Z  WARN ring underrun: needed 4096 got 0
2026-02-22T19:30:26.863735Z  WARN ring underrun: needed 4096 got 0
2026-02-22T19:30:26.906406Z  WARN ring underrun: needed 4096 got 0
2026-02-22T19:30:26.949068Z  WARN ring underrun: needed 4096 got 0
2026-02-22T19:30:26.991737Z  WARN ring underrun: needed 4096 got 0
2026-02-22T19:30:27.034411Z  WARN ring underrun: needed 4096 got 0
2026-02-22T19:30:27.077070Z  WARN ring underrun: needed 4096 got 0
2026-02-22T19:30:27.119743Z  WARN ring underrun: needed 4096 got 0
2026-02-22T19:30:27.162400Z  WARN ring underrun: needed 4096 got 0
2026-02-22T19:30:27.205074Z  WARN ring underrun: needed 4096 got 0
2026-02-22T19:30:27.247738Z  WARN ring underrun: needed 4096 got 0
2026-02-22T19:30:27.290414Z  WARN ring underrun: needed 4096 got 0
2026-02-22T19:30:27.333055Z  WARN ring underrun: needed 4096 got 0
2026-02-22T19:30:27.375748Z  WARN ring underrun: needed 4096 got 0
2026-02-22T19:30:27.418407Z  WARN ring underrun: needed 4096 got 0
2026-02-22T19:30:27.461084Z  WARN ring underrun: needed 4096 got 0
2026-02-22T19:30:27.503748Z  WARN ring underrun: needed 4096 got 0
2026-02-22T19:30:27.546414Z  WARN ring underrun: needed 4096 got 0
2026-02-22T19:30:27.589079Z  WARN ring underrun: needed 4096 got 0
2026-02-22T19:30:27.631751Z  WARN ring underrun: needed 4096 got 0
2026-02-22T19:30:27.674434Z  WARN ring underrun: needed 4096 got 0
2026-02-22T19:30:27.717077Z  WARN ring underrun: needed 4096 got 0
2026-02-22T19:30:27.759757Z  WARN ring underrun: needed 4096 got 0
2026-02-22T19:30:27.802414Z  WARN ring underrun: needed 4096 got 0
2026-02-22T19:30:27.845086Z  WARN ring underrun: needed 4096 got 0
2026-02-22T19:30:27.887777Z  WARN ring underrun: needed 4096 got 0
2026-02-22T19:30:27.930453Z  WARN ring underrun: needed 4096 got 0
2026-02-22T19:30:27.973095Z  WARN ring underrun: needed 4096 got 0
2026-02-22T19:30:28.015758Z  WARN ring underrun: needed 4096 got 0
2026-02-22T19:30:28.058428Z  WARN ring underrun: needed 4096 got 0
2026-02-22T19:30:28.101114Z  WARN ring underrun: needed 4096 got 0
2026-02-22T19:30:28.143762Z  WARN ring underrun: needed 4096 got 0
2026-02-22T19:30:28.186434Z  WARN ring underrun: needed 4096 got 0
2026-02-22T19:30:28.229097Z  WARN ring underrun: needed 4096 got 0
2026-02-22T19:30:28.271776Z  WARN ring underrun: needed 4096 got 0
2026-02-22T19:30:28.314434Z  WARN ring underrun: needed 4096 got 0
2026-02-22T19:30:28.318608Z  INFO VAE decode: 5.49s
2026-02-22T19:30:28.357106Z  WARN ring underrun: needed 4096 got 0
2026-02-22T19:30:28.399775Z  WARN ring underrun: needed 4096 got 0
2026-02-22T19:30:28.442432Z  WARN ring underrun: needed 4096 got 0
2026-02-22T19:30:28.485098Z  WARN ring underrun: needed 4096 got 0
2026-02-22T19:30:28.527764Z  WARN ring underrun: needed 4096 got 0
2026-02-22T19:30:28.570443Z  WARN ring underrun: needed 4096 got 0
2026-02-22T19:30:28.613109Z  WARN ring underrun: needed 4096 got 0
2026-02-22T19:30:28.655785Z  WARN ring underrun: needed 4096 got 0
2026-02-22T19:30:28.698467Z  WARN ring underrun: needed 4096 got 0
2026-02-22T19:30:28.741162Z  WARN ring underrun: needed 4096 got 0
2026-02-22T19:30:28.783802Z  WARN ring underrun: needed 4096 got 0
2026-02-22T19:30:28.826464Z  WARN ring underrun: needed 4096 got 0
2026-02-22T19:30:28.862265Z  INFO Total chunk: 13.63s
2026-02-22T19:30:28.869120Z  WARN ring underrun: needed 4096 got 0
2026-02-22T19:30:28.884918Z  INFO === Sliding window step 1 (pos=30s window=240s step=30s is_first=false) ===
2026-02-22T19:30:28.884949Z  INFO event:step step=0 pos=0s audio=30.0s gen=13.65s step_s=30s window_s=240s
2026-02-22T19:30:28.885133Z  INFO   metas: pos=30s duration=270s mode=Advancing bpm=Some(140) key=Some("A minor")
2026-02-22T19:30:28.918735Z  INFO Generating chunk (6000 frames, 240.0s)...
2026-02-22T19:30:36.593748Z  INFO Diffusion (8 ODE steps): 7.67s
2026-02-22T19:30:41.977665Z  INFO VAE decode: 5.38s
2026-02-22T19:30:42.510426Z  INFO Total chunk: 13.63s
2026-02-22T19:30:42.528918Z  INFO === Sliding window step 2 (pos=60s window=240s step=30s is_first=false) ===
2026-02-22T19:30:42.528948Z  INFO event:step step=1 pos=30s audio=30.0s gen=13.64s step_s=30s window_s=240s
2026-02-22T19:30:42.529107Z  INFO   metas: pos=60s duration=300s mode=Advancing bpm=Some(140) key=Some("A minor")
2026-02-22T19:30:42.561383Z  INFO Generating chunk (6000 frames, 240.0s)...
2026-02-22T19:30:42.763952Z ERROR Generation: candle: DriverError(CUDA_ERROR_DEINITIALIZED, "<Failure when calling cuGetErrorString()>")
2026-02-22T19:30:43.945705Z  INFO Listening on /tmp/ace-step.sock
2026-02-22T19:30:43.949467Z  INFO cpal supported: ch=1 rate=1-384000 fmt=U8
2026-02-22T19:30:43.949475Z  INFO cpal supported: ch=2 rate=1-384000 fmt=U8
2026-02-22T19:30:43.949478Z  INFO cpal supported: ch=3 rate=1-384000 fmt=U8
2026-02-22T19:30:43.949480Z  INFO cpal supported: ch=4 rate=1-384000 fmt=U8
2026-02-22T19:30:43.949483Z  INFO cpal supported: ch=5 rate=1-384000 fmt=U8
2026-02-22T19:30:43.949485Z  INFO cpal supported: ch=6 rate=1-384000 fmt=U8
2026-02-22T19:30:43.949488Z  INFO cpal supported: ch=7 rate=1-384000 fmt=U8
2026-02-22T19:30:43.949490Z  INFO cpal supported: ch=8 rate=1-384000 fmt=U8
2026-02-22T19:30:43.949493Z  INFO cpal supported: ch=9 rate=1-384000 fmt=U8
2026-02-22T19:30:43.949495Z  INFO cpal supported: ch=10 rate=1-384000 fmt=U8
2026-02-22T19:30:43.949498Z  INFO cpal supported: ch=11 rate=1-384000 fmt=U8
2026-02-22T19:30:43.949501Z  INFO cpal supported: ch=12 rate=1-384000 fmt=U8
2026-02-22T19:30:43.949503Z  INFO cpal supported: ch=13 rate=1-384000 fmt=U8
2026-02-22T19:30:43.949506Z  INFO cpal supported: ch=14 rate=1-384000 fmt=U8
2026-02-22T19:30:43.949508Z  INFO cpal supported: ch=15 rate=1-384000 fmt=U8
2026-02-22T19:30:43.949511Z  INFO cpal supported: ch=16 rate=1-384000 fmt=U8
2026-02-22T19:30:43.949513Z  INFO cpal supported: ch=17 rate=1-384000 fmt=U8
2026-02-22T19:30:43.949516Z  INFO cpal supported: ch=18 rate=1-384000 fmt=U8
2026-02-22T19:30:43.949518Z  INFO cpal supported: ch=19 rate=1-384000 fmt=U8
2026-02-22T19:30:43.949521Z  INFO cpal supported: ch=20 rate=1-384000 fmt=U8
2026-02-22T19:30:43.949523Z  INFO cpal supported: ch=21 rate=1-384000 fmt=U8
2026-02-22T19:30:43.949526Z  INFO cpal supported: ch=22 rate=1-384000 fmt=U8
2026-02-22T19:30:43.949528Z  INFO cpal supported: ch=23 rate=1-384000 fmt=U8
2026-02-22T19:30:43.949531Z  INFO cpal supported: ch=24 rate=1-384000 fmt=U8
2026-02-22T19:30:43.949533Z  INFO cpal supported: ch=25 rate=1-384000 fmt=U8
2026-02-22T19:30:43.949536Z  INFO cpal supported: ch=26 rate=1-384000 fmt=U8
2026-02-22T19:30:43.949538Z  INFO cpal supported: ch=27 rate=1-384000 fmt=U8
2026-02-22T19:30:43.949541Z  INFO cpal supported: ch=28 rate=1-384000 fmt=U8
2026-02-22T19:30:43.949543Z  INFO cpal supported: ch=29 rate=1-384000 fmt=U8
2026-02-22T19:30:43.949546Z  INFO cpal supported: ch=30 rate=1-384000 fmt=U8
2026-02-22T19:30:43.949548Z  INFO cpal supported: ch=31 rate=1-384000 fmt=U8
2026-02-22T19:30:43.949551Z  INFO cpal supported: ch=32 rate=1-384000 fmt=U8
2026-02-22T19:30:43.949553Z  INFO cpal supported: ch=1 rate=1-384000 fmt=I16
2026-02-22T19:30:43.949556Z  INFO cpal supported: ch=2 rate=1-384000 fmt=I16
2026-02-22T19:30:43.949558Z  INFO cpal supported: ch=3 rate=1-384000 fmt=I16
2026-02-22T19:30:43.949568Z  INFO cpal supported: ch=4 rate=1-384000 fmt=I16
2026-02-22T19:30:43.949578Z  INFO cpal supported: ch=5 rate=1-384000 fmt=I16
2026-02-22T19:30:43.949580Z  INFO cpal supported: ch=6 rate=1-384000 fmt=I16
2026-02-22T19:30:43.949581Z  INFO cpal supported: ch=7 rate=1-384000 fmt=I16
2026-02-22T19:30:43.949583Z  INFO cpal supported: ch=8 rate=1-384000 fmt=I16
2026-02-22T19:30:43.949584Z  INFO cpal supported: ch=9 rate=1-384000 fmt=I16
2026-02-22T19:30:43.949586Z  INFO cpal supported: ch=10 rate=1-384000 fmt=I16
2026-02-22T19:30:43.949588Z  INFO cpal supported: ch=11 rate=1-384000 fmt=I16
2026-02-22T19:30:43.949589Z  INFO cpal supported: ch=12 rate=1-384000 fmt=I16
2026-02-22T19:30:43.949591Z  INFO cpal supported: ch=13 rate=1-384000 fmt=I16
2026-02-22T19:30:43.949593Z  INFO cpal supported: ch=14 rate=1-384000 fmt=I16
2026-02-22T19:30:43.949594Z  INFO cpal supported: ch=15 rate=1-384000 fmt=I16
2026-02-22T19:30:43.949596Z  INFO cpal supported: ch=16 rate=1-384000 fmt=I16
2026-02-22T19:30:43.949597Z  INFO cpal supported: ch=17 rate=1-384000 fmt=I16
2026-02-22T19:30:43.949599Z  INFO cpal supported: ch=18 rate=1-384000 fmt=I16
2026-02-22T19:30:43.949601Z  INFO cpal supported: ch=19 rate=1-384000 fmt=I16
2026-02-22T19:30:43.949602Z  INFO cpal supported: ch=20 rate=1-384000 fmt=I16
2026-02-22T19:30:43.949604Z  INFO cpal supported: ch=21 rate=1-384000 fmt=I16
2026-02-22T19:30:43.949605Z  INFO cpal supported: ch=22 rate=1-384000 fmt=I16
2026-02-22T19:30:43.949607Z  INFO cpal supported: ch=23 rate=1-384000 fmt=I16
2026-02-22T19:30:43.949609Z  INFO cpal supported: ch=24 rate=1-384000 fmt=I16
2026-02-22T19:30:43.949610Z  INFO cpal supported: ch=25 rate=1-384000 fmt=I16
2026-02-22T19:30:43.949612Z  INFO cpal supported: ch=26 rate=1-384000 fmt=I16
2026-02-22T19:30:43.949614Z  INFO cpal supported: ch=27 rate=1-384000 fmt=I16
2026-02-22T19:30:43.949615Z  INFO cpal supported: ch=28 rate=1-384000 fmt=I16
2026-02-22T19:30:43.949617Z  INFO cpal supported: ch=29 rate=1-384000 fmt=I16
2026-02-22T19:30:43.949618Z  INFO cpal supported: ch=30 rate=1-384000 fmt=I16
2026-02-22T19:30:43.949620Z  INFO cpal supported: ch=31 rate=1-384000 fmt=I16
2026-02-22T19:30:43.949622Z  INFO cpal supported: ch=32 rate=1-384000 fmt=I16
2026-02-22T19:30:43.949623Z  INFO cpal supported: ch=1 rate=1-384000 fmt=I32
2026-02-22T19:30:43.949625Z  INFO cpal supported: ch=2 rate=1-384000 fmt=I32
2026-02-22T19:30:43.949626Z  INFO cpal supported: ch=3 rate=1-384000 fmt=I32
2026-02-22T19:30:43.949628Z  INFO cpal supported: ch=4 rate=1-384000 fmt=I32
2026-02-22T19:30:43.949630Z  INFO cpal supported: ch=5 rate=1-384000 fmt=I32
2026-02-22T19:30:43.949631Z  INFO cpal supported: ch=6 rate=1-384000 fmt=I32
2026-02-22T19:30:43.949633Z  INFO cpal supported: ch=7 rate=1-384000 fmt=I32
2026-02-22T19:30:43.949635Z  INFO cpal supported: ch=8 rate=1-384000 fmt=I32
2026-02-22T19:30:43.949636Z  INFO cpal supported: ch=9 rate=1-384000 fmt=I32
2026-02-22T19:30:43.949638Z  INFO cpal supported: ch=10 rate=1-384000 fmt=I32
2026-02-22T19:30:43.949639Z  INFO cpal supported: ch=11 rate=1-384000 fmt=I32
2026-02-22T19:30:43.949641Z  INFO cpal supported: ch=12 rate=1-384000 fmt=I32
2026-02-22T19:30:43.949643Z  INFO cpal supported: ch=13 rate=1-384000 fmt=I32
2026-02-22T19:30:43.949644Z  INFO cpal supported: ch=14 rate=1-384000 fmt=I32
2026-02-22T19:30:43.949646Z  INFO cpal supported: ch=15 rate=1-384000 fmt=I32
2026-02-22T19:30:43.949647Z  INFO cpal supported: ch=16 rate=1-384000 fmt=I32
2026-02-22T19:30:43.949649Z  INFO cpal supported: ch=17 rate=1-384000 fmt=I32
2026-02-22T19:30:43.949651Z  INFO cpal supported: ch=18 rate=1-384000 fmt=I32
2026-02-22T19:30:43.949652Z  INFO cpal supported: ch=19 rate=1-384000 fmt=I32
2026-02-22T19:30:43.949654Z  INFO cpal supported: ch=20 rate=1-384000 fmt=I32
2026-02-22T19:30:43.949656Z  INFO cpal supported: ch=21 rate=1-384000 fmt=I32
2026-02-22T19:30:43.949657Z  INFO cpal supported: ch=22 rate=1-384000 fmt=I32
2026-02-22T19:30:43.949659Z  INFO cpal supported: ch=23 rate=1-384000 fmt=I32
2026-02-22T19:30:43.949660Z  INFO cpal supported: ch=24 rate=1-384000 fmt=I32
2026-02-22T19:30:43.949665Z  INFO cpal supported: ch=25 rate=1-384000 fmt=I32
2026-02-22T19:30:43.949666Z  INFO cpal supported: ch=26 rate=1-384000 fmt=I32
2026-02-22T19:30:43.949668Z  INFO cpal supported: ch=27 rate=1-384000 fmt=I32
2026-02-22T19:30:43.949670Z  INFO cpal supported: ch=28 rate=1-384000 fmt=I32
2026-02-22T19:30:43.949671Z  INFO cpal supported: ch=29 rate=1-384000 fmt=I32
2026-02-22T19:30:43.949673Z  INFO cpal supported: ch=30 rate=1-384000 fmt=I32
2026-02-22T19:30:43.949674Z  INFO cpal supported: ch=31 rate=1-384000 fmt=I32
2026-02-22T19:30:43.949676Z  INFO cpal supported: ch=32 rate=1-384000 fmt=I32
2026-02-22T19:30:43.949678Z  INFO cpal supported: ch=1 rate=1-384000 fmt=F32
2026-02-22T19:30:43.949679Z  INFO cpal supported: ch=2 rate=1-384000 fmt=F32
2026-02-22T19:30:43.949681Z  INFO cpal supported: ch=3 rate=1-384000 fmt=F32
2026-02-22T19:30:43.949682Z  INFO cpal supported: ch=4 rate=1-384000 fmt=F32
2026-02-22T19:30:43.949684Z  INFO cpal supported: ch=5 rate=1-384000 fmt=F32
2026-02-22T19:30:43.949686Z  INFO cpal supported: ch=6 rate=1-384000 fmt=F32
2026-02-22T19:30:43.949687Z  INFO cpal supported: ch=7 rate=1-384000 fmt=F32
2026-02-22T19:30:43.949689Z  INFO cpal supported: ch=8 rate=1-384000 fmt=F32
2026-02-22T19:30:43.949690Z  INFO cpal supported: ch=9 rate=1-384000 fmt=F32
2026-02-22T19:30:43.949692Z  INFO cpal supported: ch=10 rate=1-384000 fmt=F32
2026-02-22T19:30:43.949694Z  INFO cpal supported: ch=11 rate=1-384000 fmt=F32
2026-02-22T19:30:43.949695Z  INFO cpal supported: ch=12 rate=1-384000 fmt=F32
2026-02-22T19:30:43.949697Z  INFO cpal supported: ch=13 rate=1-384000 fmt=F32
2026-02-22T19:30:43.949699Z  INFO cpal supported: ch=14 rate=1-384000 fmt=F32
2026-02-22T19:30:43.949700Z  INFO cpal supported: ch=15 rate=1-384000 fmt=F32
2026-02-22T19:30:43.949702Z  INFO cpal supported: ch=16 rate=1-384000 fmt=F32
2026-02-22T19:30:43.949703Z  INFO cpal supported: ch=17 rate=1-384000 fmt=F32
2026-02-22T19:30:43.949705Z  INFO cpal supported: ch=18 rate=1-384000 fmt=F32
2026-02-22T19:30:43.949707Z  INFO cpal supported: ch=19 rate=1-384000 fmt=F32
2026-02-22T19:30:43.949708Z  INFO cpal supported: ch=20 rate=1-384000 fmt=F32
2026-02-22T19:30:43.949710Z  INFO cpal supported: ch=21 rate=1-384000 fmt=F32
2026-02-22T19:30:43.949711Z  INFO cpal supported: ch=22 rate=1-384000 fmt=F32
2026-02-22T19:30:43.949713Z  INFO cpal supported: ch=23 rate=1-384000 fmt=F32
2026-02-22T19:30:43.949715Z  INFO cpal supported: ch=24 rate=1-384000 fmt=F32
2026-02-22T19:30:43.949716Z  INFO cpal supported: ch=25 rate=1-384000 fmt=F32
2026-02-22T19:30:43.949718Z  INFO cpal supported: ch=26 rate=1-384000 fmt=F32
2026-02-22T19:30:43.949720Z  INFO cpal supported: ch=27 rate=1-384000 fmt=F32
2026-02-22T19:30:43.949721Z  INFO cpal supported: ch=28 rate=1-384000 fmt=F32
2026-02-22T19:30:43.949723Z  INFO cpal supported: ch=29 rate=1-384000 fmt=F32
2026-02-22T19:30:43.949724Z  INFO cpal supported: ch=30 rate=1-384000 fmt=F32
2026-02-22T19:30:43.949726Z  INFO cpal supported: ch=31 rate=1-384000 fmt=F32
2026-02-22T19:30:43.949728Z  INFO cpal supported: ch=32 rate=1-384000 fmt=F32
2026-02-22T19:30:43.949730Z  INFO cpal opening: device="default" ch=2 rate=48000
2026-02-22T19:30:43.975308Z  WARN ring underrun: needed 9600 got 0
2026-02-22T19:30:44.017946Z  WARN ring underrun: needed 4096 got 0
2026-02-22T19:30:44.060617Z  WARN ring underrun: needed 4096 got 0
2026-02-22T19:30:44.094135Z  INFO Downloading ACE-Step v1.5 models from HuggingFace...
2026-02-22T19:30:44.094216Z  INFO All models downloaded successfully
2026-02-22T19:30:44.094517Z  INFO Loading tokenizer...
2026-02-22T19:30:44.103279Z  WARN ring underrun: needed 4096 got 0
2026-02-22T19:30:44.145934Z  WARN ring underrun: needed 4096 got 0
2026-02-22T19:30:44.188602Z  WARN ring underrun: needed 4096 got 0
2026-02-22T19:30:44.231260Z  WARN ring underrun: needed 4096 got 0
2026-02-22T19:30:44.273941Z  WARN ring underrun: needed 4096 got 0
2026-02-22T19:30:44.316684Z  WARN ring underrun: needed 4096 got 0
2026-02-22T19:30:44.359282Z  WARN ring underrun: needed 4096 got 0
2026-02-22T19:30:44.401930Z  WARN ring underrun: needed 4096 got 0
2026-02-22T19:30:44.435127Z  INFO Loading Qwen3 text encoder...
2026-02-22T19:30:44.444704Z  WARN ring underrun: needed 4096 got 0
2026-02-22T19:30:44.487306Z  WARN ring underrun: needed 4096 got 0
2026-02-22T19:30:44.529937Z  WARN ring underrun: needed 4096 got 0
2026-02-22T19:30:44.572599Z  WARN ring underrun: needed 4096 got 0
2026-02-22T19:30:44.615286Z  WARN ring underrun: needed 4096 got 0
2026-02-22T19:30:44.657969Z  WARN ring underrun: needed 4096 got 0
2026-02-22T19:30:44.700625Z  WARN ring underrun: needed 4096 got 0
2026-02-22T19:30:44.743337Z  WARN ring underrun: needed 4096 got 0
2026-02-22T19:30:44.785911Z  WARN ring underrun: needed 4096 got 0
2026-02-22T19:30:44.813954Z  INFO Loading DiT generation model...
2026-02-22T19:30:44.828630Z  WARN ring underrun: needed 4096 got 0
2026-02-22T19:30:44.871299Z  WARN ring underrun: needed 4096 got 0
2026-02-22T19:30:44.913935Z  WARN ring underrun: needed 4096 got 0
2026-02-22T19:30:44.956653Z  WARN ring underrun: needed 4096 got 0
2026-02-22T19:30:44.999336Z  WARN ring underrun: needed 4096 got 0
2026-02-22T19:30:45.041986Z  WARN ring underrun: needed 4096 got 0
2026-02-22T19:30:45.084655Z  WARN ring underrun: needed 4096 got 0
2026-02-22T19:30:45.127305Z  WARN ring underrun: needed 4096 got 0
2026-02-22T19:30:45.169990Z  WARN ring underrun: needed 4096 got 0
2026-02-22T19:30:45.212687Z  WARN ring underrun: needed 4096 got 0
2026-02-22T19:30:45.255270Z  WARN ring underrun: needed 4096 got 0
2026-02-22T19:30:45.297927Z  WARN ring underrun: needed 4096 got 0
2026-02-22T19:30:45.340579Z  WARN ring underrun: needed 4096 got 0
2026-02-22T19:30:45.383252Z  WARN ring underrun: needed 4096 got 0
2026-02-22T19:30:45.425921Z  WARN ring underrun: needed 4096 got 0
2026-02-22T19:30:45.468601Z  WARN ring underrun: needed 4096 got 0
2026-02-22T19:30:45.511253Z  WARN ring underrun: needed 4096 got 0
2026-02-22T19:30:45.553876Z  WARN ring underrun: needed 4096 got 0
2026-02-22T19:30:45.596567Z  WARN ring underrun: needed 4096 got 0
2026-02-22T19:30:45.639230Z  WARN ring underrun: needed 4096 got 0
2026-02-22T19:30:45.681898Z  WARN ring underrun: needed 4096 got 0
2026-02-22T19:30:45.724558Z  WARN ring underrun: needed 4096 got 0
2026-02-22T19:30:45.767227Z  WARN ring underrun: needed 4096 got 0
2026-02-22T19:30:45.809897Z  WARN ring underrun: needed 4096 got 0
2026-02-22T19:30:45.852562Z  WARN ring underrun: needed 4096 got 0
2026-02-22T19:30:45.895226Z  WARN ring underrun: needed 4096 got 0
2026-02-22T19:30:45.916467Z  INFO Loading VAE decoder...
2026-02-22T19:30:45.937905Z  WARN ring underrun: needed 4096 got 0
2026-02-22T19:30:45.965888Z  INFO Loading silence latent...
2026-02-22T19:30:45.975737Z  INFO Loaded silence_latent: shape [1, 15000, 64], dtype F32
2026-02-22T19:30:45.975777Z  INFO Pipeline loaded successfully
2026-02-22T19:30:45.980592Z  WARN ring underrun: needed 4096 got 0
2026-02-22T19:30:45.983341Z  INFO === Sliding window step 0 (pos=0s window=240s step=30s is_first=true) ===
2026-02-22T19:30:45.983351Z  INFO Pipeline ready
2026-02-22T19:30:45.983929Z  INFO   metas: pos=0s duration=240s mode=Advancing bpm=Some(128) key=Some("A minor")
2026-02-22T19:30:46.023258Z  WARN ring underrun: needed 4096 got 0
2026-02-22T19:30:46.037430Z  INFO Generating chunk (6000 frames, 240.0s)...
2026-02-22T19:30:46.065947Z  WARN ring underrun: needed 4096 got 0
2026-02-22T19:30:46.108549Z  WARN ring underrun: needed 4096 got 0
2026-02-22T19:30:46.151216Z  WARN ring underrun: needed 4096 got 0
2026-02-22T19:30:46.193890Z  WARN ring underrun: needed 4096 got 0
2026-02-22T19:30:46.236559Z  WARN ring underrun: needed 4096 got 0
2026-02-22T19:30:46.279219Z  WARN ring underrun: needed 4096 got 0
2026-02-22T19:30:46.321910Z  WARN ring underrun: needed 4096 got 0
2026-02-22T19:30:46.364556Z  WARN ring underrun: needed 4096 got 0
2026-02-22T19:30:46.407237Z  WARN ring underrun: needed 4096 got 0
2026-02-22T19:30:46.449896Z  WARN ring underrun: needed 4096 got 0
2026-02-22T19:30:46.492557Z  WARN ring underrun: needed 4096 got 0
2026-02-22T19:30:46.535237Z  WARN ring underrun: needed 4096 got 0
2026-02-22T19:30:46.577908Z  WARN ring underrun: needed 4096 got 0
2026-02-22T19:30:46.620593Z  WARN ring underrun: needed 4096 got 0
2026-02-22T19:30:46.663241Z  WARN ring underrun: needed 4096 got 0
2026-02-22T19:30:46.705899Z  WARN ring underrun: needed 4096 got 0
2026-02-22T19:30:46.748585Z  WARN ring underrun: needed 4096 got 0
2026-02-22T19:30:46.791228Z  WARN ring underrun: needed 4096 got 0
2026-02-22T19:30:46.833896Z  WARN ring underrun: needed 4096 got 0
2026-02-22T19:30:46.876560Z  WARN ring underrun: needed 4096 got 0
2026-02-22T19:30:46.919231Z  WARN ring underrun: needed 4096 got 0
2026-02-22T19:30:46.961900Z  WARN ring underrun: needed 4096 got 0
2026-02-22T19:30:47.004569Z  WARN ring underrun: needed 4096 got 0
2026-02-22T19:30:47.047231Z  WARN ring underrun: needed 4096 got 0
2026-02-22T19:30:47.089907Z  WARN ring underrun: needed 4096 got 0
2026-02-22T19:30:47.132577Z  WARN ring underrun: needed 4096 got 0
2026-02-22T19:30:47.175242Z  WARN ring underrun: needed 4096 got 0
2026-02-22T19:30:47.217924Z  WARN ring underrun: needed 4096 got 0
2026-02-22T19:30:47.260588Z  WARN ring underrun: needed 4096 got 0
2026-02-22T19:30:47.303235Z  WARN ring underrun: needed 4096 got 0
2026-02-22T19:30:47.345913Z  WARN ring underrun: needed 4096 got 0
2026-02-22T19:30:47.388580Z  WARN ring underrun: needed 4096 got 0
2026-02-22T19:30:47.431238Z  WARN ring underrun: needed 4096 got 0
2026-02-22T19:30:47.473905Z  WARN ring underrun: needed 4096 got 0
2026-02-22T19:30:47.516578Z  WARN ring underrun: needed 4096 got 0
2026-02-22T19:30:47.559262Z  WARN ring underrun: needed 4096 got 0
2026-02-22T19:30:47.601919Z  WARN ring underrun: needed 4096 got 0
2026-02-22T19:30:47.644580Z  WARN ring underrun: needed 4096 got 0
2026-02-22T19:30:47.687246Z  WARN ring underrun: needed 4096 got 0
2026-02-22T19:30:47.729912Z  WARN ring underrun: needed 4096 got 0
2026-02-22T19:30:47.772579Z  WARN ring underrun: needed 4096 got 0
2026-02-22T19:30:47.815246Z  WARN ring underrun: needed 4096 got 0
2026-02-22T19:30:47.857909Z  WARN ring underrun: needed 4096 got 0
2026-02-22T19:30:47.900584Z  WARN ring underrun: needed 4096 got 0
2026-02-22T19:30:47.943245Z  WARN ring underrun: needed 4096 got 0
2026-02-22T19:30:47.985914Z  WARN ring underrun: needed 4096 got 0
2026-02-22T19:30:48.028586Z  WARN ring underrun: needed 4096 got 0
2026-02-22T19:30:48.071289Z  WARN ring underrun: needed 4096 got 0
2026-02-22T19:30:48.113915Z  WARN ring underrun: needed 4096 got 0
2026-02-22T19:30:48.156587Z  WARN ring underrun: needed 4096 got 0
2026-02-22T19:30:48.199282Z  WARN ring underrun: needed 4096 got 0
2026-02-22T19:30:48.241926Z  WARN ring underrun: needed 4096 got 0
2026-02-22T19:30:48.284594Z  WARN ring underrun: needed 4096 got 0
2026-02-22T19:30:48.327270Z  WARN ring underrun: needed 4096 got 0
2026-02-22T19:30:48.369918Z  WARN ring underrun: needed 4096 got 0
2026-02-22T19:30:48.412590Z  WARN ring underrun: needed 4096 got 0
2026-02-22T19:30:48.455256Z  WARN ring underrun: needed 4096 got 0
2026-02-22T19:30:48.497922Z  WARN ring underrun: needed 4096 got 0
2026-02-22T19:30:48.540596Z  WARN ring underrun: needed 4096 got 0
2026-02-22T19:30:48.583254Z  WARN ring underrun: needed 4096 got 0
2026-02-22T19:30:48.625919Z  WARN ring underrun: needed 4096 got 0
2026-02-22T19:30:48.668590Z  WARN ring underrun: needed 4096 got 0
2026-02-22T19:30:48.711261Z  WARN ring underrun: needed 4096 got 0
2026-02-22T19:30:48.753931Z  WARN ring underrun: needed 4096 got 0
2026-02-22T19:30:48.796598Z  WARN ring underrun: needed 4096 got 0
2026-02-22T19:30:48.839260Z  WARN ring underrun: needed 4096 got 0
2026-02-22T19:30:48.881924Z  WARN ring underrun: needed 4096 got 0
2026-02-22T19:30:48.924600Z  WARN ring underrun: needed 4096 got 0
2026-02-22T19:30:48.967264Z  WARN ring underrun: needed 4096 got 0
2026-02-22T19:30:49.009937Z  WARN ring underrun: needed 4096 got 0
2026-02-22T19:30:49.052607Z  WARN ring underrun: needed 4096 got 0
2026-02-22T19:30:49.095328Z  WARN ring underrun: needed 4096 got 0
2026-02-22T19:30:49.137939Z  WARN ring underrun: needed 4096 got 0
2026-02-22T19:30:49.180604Z  WARN ring underrun: needed 4096 got 0
2026-02-22T19:30:49.223260Z  WARN ring underrun: needed 4096 got 0
2026-02-22T19:30:49.265929Z  WARN ring underrun: needed 4096 got 0
2026-02-22T19:30:49.308625Z  WARN ring underrun: needed 4096 got 0
2026-02-22T19:30:49.351266Z  WARN ring underrun: needed 4096 got 0
2026-02-22T19:30:49.393935Z  WARN ring underrun: needed 4096 got 0
2026-02-22T19:30:49.436601Z  WARN ring underrun: needed 4096 got 0
2026-02-22T19:30:49.479269Z  WARN ring underrun: needed 4096 got 0
2026-02-22T19:30:49.521941Z  WARN ring underrun: needed 4096 got 0
2026-02-22T19:30:49.564603Z  WARN ring underrun: needed 4096 got 0
2026-02-22T19:30:49.607274Z  WARN ring underrun: needed 4096 got 0
2026-02-22T19:30:49.649971Z  WARN ring underrun: needed 4096 got 0
2026-02-22T19:30:49.692620Z  WARN ring underrun: needed 4096 got 0
2026-02-22T19:30:49.735295Z  WARN ring underrun: needed 4096 got 0
2026-02-22T19:30:49.777966Z  WARN ring underrun: needed 4096 got 0
2026-02-22T19:30:49.820635Z  WARN ring underrun: needed 4096 got 0
2026-02-22T19:30:49.863298Z  WARN ring underrun: needed 4096 got 0
2026-02-22T19:30:49.905966Z  WARN ring underrun: needed 4096 got 0
2026-02-22T19:30:49.948667Z  WARN ring underrun: needed 4096 got 0
2026-02-22T19:30:49.991277Z  WARN ring underrun: needed 4096 got 0
2026-02-22T19:30:50.033954Z  WARN ring underrun: needed 4096 got 0
2026-02-22T19:30:50.076617Z  WARN ring underrun: needed 4096 got 0
2026-02-22T19:30:50.119273Z  WARN ring underrun: needed 4096 got 0
2026-02-22T19:30:50.161940Z  WARN ring underrun: needed 4096 got 0
2026-02-22T19:30:50.205227Z  WARN ring underrun: needed 4096 got 0
2026-02-22T19:30:50.247282Z  WARN ring underrun: needed 4096 got 0
2026-02-22T19:30:50.289937Z  WARN ring underrun: needed 4096 got 0
2026-02-22T19:30:50.332613Z  WARN ring underrun: needed 4096 got 0
2026-02-22T19:30:50.375279Z  WARN ring underrun: needed 4096 got 0
2026-02-22T19:30:50.417947Z  WARN ring underrun: needed 4096 got 0
2026-02-22T19:30:50.460611Z  WARN ring underrun: needed 4096 got 0
2026-02-22T19:30:50.503271Z  WARN ring underrun: needed 4096 got 0
2026-02-22T19:30:50.545946Z  WARN ring underrun: needed 4096 got 0
2026-02-22T19:30:50.588614Z  WARN ring underrun: needed 4096 got 0
2026-02-22T19:30:50.631284Z  WARN ring underrun: needed 4096 got 0
2026-02-22T19:30:50.673943Z  WARN ring underrun: needed 4096 got 0
2026-02-22T19:30:50.716616Z  WARN ring underrun: needed 4096 got 0
2026-02-22T19:30:50.759321Z  WARN ring underrun: needed 4096 got 0
2026-02-22T19:30:50.801945Z  WARN ring underrun: needed 4096 got 0
2026-02-22T19:30:50.844681Z  WARN ring underrun: needed 4096 got 0
2026-02-22T19:30:50.887322Z  WARN ring underrun: needed 4096 got 0
2026-02-22T19:30:50.929985Z  WARN ring underrun: needed 4096 got 0
2026-02-22T19:30:50.972619Z  WARN ring underrun: needed 4096 got 0
2026-02-22T19:30:51.015286Z  WARN ring underrun: needed 4096 got 0
2026-02-22T19:30:51.057950Z  WARN ring underrun: needed 4096 got 0
2026-02-22T19:30:51.100617Z  WARN ring underrun: needed 4096 got 0
2026-02-22T19:30:51.143298Z  WARN ring underrun: needed 4096 got 0
2026-02-22T19:30:51.185949Z  WARN ring underrun: needed 4096 got 0
2026-02-22T19:30:51.228621Z  WARN ring underrun: needed 4096 got 0
2026-02-22T19:30:51.271286Z  WARN ring underrun: needed 4096 got 0
2026-02-22T19:30:51.297766Z  INFO socket cmd: "bpm 140"
2026-02-22T19:30:51.297853Z  INFO socket cmd: "caption German rap, hard hitting 808 bass, aggressive trap beats, dark minor key, fast flow, Berlin underground hip hop"
2026-02-22T19:30:51.307777Z  INFO socket cmd: "key A minor"
2026-02-22T19:30:51.308053Z  INFO socket cmd: "lang de"
2026-02-22T19:30:51.308190Z  INFO socket cmd: "lyrics Ich geh durch die Nacht allein auf der Straße"
2026-02-22T19:30:51.308200Z  INFO socket cmd: "Kein Licht kein Halt ich fühl die Kälte"
2026-02-22T19:30:51.308203Z  INFO socket cmd: "Die Stadt schläft nicht ich auch nicht ich bleib wach"
2026-02-22T19:30:51.308206Z  INFO socket cmd: "Berlin bei Nacht das ist mein Weg"
2026-02-22T19:30:51.313975Z  WARN ring underrun: needed 4096 got 0
2026-02-22T19:30:51.356667Z  WARN ring underrun: needed 4096 got 0
2026-02-22T19:30:51.399291Z  WARN ring underrun: needed 4096 got 0
2026-02-22T19:30:51.441959Z  WARN ring underrun: needed 4096 got 0
2026-02-22T19:30:51.484624Z  WARN ring underrun: needed 4096 got 0
2026-02-22T19:30:51.527291Z  WARN ring underrun: needed 4096 got 0
2026-02-22T19:30:51.569960Z  WARN ring underrun: needed 4096 got 0
2026-02-22T19:30:51.612624Z  WARN ring underrun: needed 4096 got 0
2026-02-22T19:30:51.655292Z  WARN ring underrun: needed 4096 got 0
2026-02-22T19:30:51.697993Z  WARN ring underrun: needed 4096 got 0
2026-02-22T19:30:51.740659Z  WARN ring underrun: needed 4096 got 0
2026-02-22T19:30:51.783398Z  WARN ring underrun: needed 4096 got 0
2026-02-22T19:30:51.825999Z  WARN ring underrun: needed 4096 got 0
2026-02-22T19:30:51.868657Z  WARN ring underrun: needed 4096 got 0
2026-02-22T19:30:51.911342Z  WARN ring underrun: needed 4096 got 0
2026-02-22T19:30:51.953990Z  WARN ring underrun: needed 4096 got 0
2026-02-22T19:30:51.996657Z  WARN ring underrun: needed 4096 got 0
2026-02-22T19:30:52.039335Z  WARN ring underrun: needed 4096 got 0
2026-02-22T19:30:52.082018Z  WARN ring underrun: needed 4096 got 0
2026-02-22T19:30:52.124696Z  WARN ring underrun: needed 4096 got 0
2026-02-22T19:30:52.167344Z  WARN ring underrun: needed 4096 got 0
2026-02-22T19:30:52.210000Z  WARN ring underrun: needed 4096 got 0
2026-02-22T19:30:52.252660Z  WARN ring underrun: needed 4096 got 0
2026-02-22T19:30:52.295329Z  WARN ring underrun: needed 4096 got 0
2026-02-22T19:30:52.338046Z  WARN ring underrun: needed 4096 got 0
2026-02-22T19:30:52.380666Z  WARN ring underrun: needed 4096 got 0
2026-02-22T19:30:52.423335Z  WARN ring underrun: needed 4096 got 0
2026-02-22T19:30:52.466000Z  WARN ring underrun: needed 4096 got 0
2026-02-22T19:30:52.508660Z  WARN ring underrun: needed 4096 got 0
2026-02-22T19:30:52.551341Z  WARN ring underrun: needed 4096 got 0
2026-02-22T19:30:52.593994Z  WARN ring underrun: needed 4096 got 0
2026-02-22T19:30:52.636668Z  WARN ring underrun: needed 4096 got 0
2026-02-22T19:30:52.679327Z  WARN ring underrun: needed 4096 got 0
2026-02-22T19:30:52.722000Z  WARN ring underrun: needed 4096 got 0
2026-02-22T19:30:52.764729Z  WARN ring underrun: needed 4096 got 0
2026-02-22T19:30:52.807345Z  WARN ring underrun: needed 4096 got 0
2026-02-22T19:30:52.850002Z  WARN ring underrun: needed 4096 got 0
2026-02-22T19:30:52.892689Z  WARN ring underrun: needed 4096 got 0
2026-02-22T19:30:52.935354Z  WARN ring underrun: needed 4096 got 0
2026-02-22T19:30:52.977987Z  WARN ring underrun: needed 4096 got 0
2026-02-22T19:30:53.020661Z  WARN ring underrun: needed 4096 got 0
2026-02-22T19:30:53.063333Z  WARN ring underrun: needed 4096 got 0
2026-02-22T19:30:53.105993Z  WARN ring underrun: needed 4096 got 0
2026-02-22T19:30:53.148724Z  WARN ring underrun: needed 4096 got 0
2026-02-22T19:30:53.191370Z  WARN ring underrun: needed 4096 got 0
2026-02-22T19:30:53.234017Z  WARN ring underrun: needed 4096 got 0
2026-02-22T19:30:53.276676Z  WARN ring underrun: needed 4096 got 0
2026-02-22T19:30:53.319338Z  WARN ring underrun: needed 4096 got 0
2026-02-22T19:30:53.362002Z  WARN ring underrun: needed 4096 got 0
2026-02-22T19:30:53.404664Z  WARN ring underrun: needed 4096 got 0
2026-02-22T19:30:53.447344Z  WARN ring underrun: needed 4096 got 0
2026-02-22T19:30:53.490014Z  WARN ring underrun: needed 4096 got 0
2026-02-22T19:30:53.532669Z  WARN ring underrun: needed 4096 got 0
2026-02-22T19:30:53.575342Z  WARN ring underrun: needed 4096 got 0
2026-02-22T19:30:53.618009Z  WARN ring underrun: needed 4096 got 0
2026-02-22T19:30:53.660679Z  WARN ring underrun: needed 4096 got 0
2026-02-22T19:30:53.703340Z  WARN ring underrun: needed 4096 got 0
2026-02-22T19:30:53.742858Z  INFO Diffusion (8 ODE steps): 7.70s
2026-02-22T19:30:53.746003Z  WARN ring underrun: needed 4096 got 0
2026-02-22T19:30:53.788662Z  WARN ring underrun: needed 4096 got 0
2026-02-22T19:30:53.831351Z  WARN ring underrun: needed 4096 got 0
2026-02-22T19:30:53.874061Z  WARN ring underrun: needed 4096 got 0
2026-02-22T19:30:53.916679Z  WARN ring underrun: needed 4096 got 0
2026-02-22T19:30:53.959344Z  WARN ring underrun: needed 4096 got 0
2026-02-22T19:30:54.002004Z  WARN ring underrun: needed 4096 got 0
2026-02-22T19:30:54.044667Z  WARN ring underrun: needed 4096 got 0
2026-02-22T19:30:54.087339Z  WARN ring underrun: needed 4096 got 0
2026-02-22T19:30:54.130056Z  WARN ring underrun: needed 4096 got 0
2026-02-22T19:30:54.172672Z  WARN ring underrun: needed 4096 got 0
2026-02-22T19:30:54.215349Z  WARN ring underrun: needed 4096 got 0
2026-02-22T19:30:54.257999Z  WARN ring underrun: needed 4096 got 0
2026-02-22T19:30:54.300681Z  WARN ring underrun: needed 4096 got 0
2026-02-22T19:30:54.343357Z  WARN ring underrun: needed 4096 got 0
2026-02-22T19:30:54.386010Z  WARN ring underrun: needed 4096 got 0
2026-02-22T19:30:54.428669Z  WARN ring underrun: needed 4096 got 0
2026-02-22T19:30:54.471339Z  WARN ring underrun: needed 4096 got 0
2026-02-22T19:30:54.514001Z  WARN ring underrun: needed 4096 got 0
2026-02-22T19:30:54.556694Z  WARN ring underrun: needed 4096 got 0
2026-02-22T19:30:54.599333Z  WARN ring underrun: needed 4096 got 0
2026-02-22T19:30:54.642018Z  WARN ring underrun: needed 4096 got 0
2026-02-22T19:30:54.684677Z  WARN ring underrun: needed 4096 got 0
2026-02-22T19:30:54.727342Z  WARN ring underrun: needed 4096 got 0
2026-02-22T19:30:54.770013Z  WARN ring underrun: needed 4096 got 0
2026-02-22T19:30:54.812675Z  WARN ring underrun: needed 4096 got 0
2026-02-22T19:30:54.855340Z  WARN ring underrun: needed 4096 got 0
2026-02-22T19:30:54.898004Z  WARN ring underrun: needed 4096 got 0
2026-02-22T19:30:54.940676Z  WARN ring underrun: needed 4096 got 0
2026-02-22T19:30:54.983344Z  WARN ring underrun: needed 4096 got 0
2026-02-22T19:30:55.026011Z  WARN ring underrun: needed 4096 got 0
2026-02-22T19:30:55.068680Z  WARN ring underrun: needed 4096 got 0
2026-02-22T19:30:55.111337Z  WARN ring underrun: needed 4096 got 0
2026-02-22T19:30:55.154019Z  WARN ring underrun: needed 4096 got 0
2026-02-22T19:30:55.196678Z  WARN ring underrun: needed 4096 got 0
2026-02-22T19:30:55.239345Z  WARN ring underrun: needed 4096 got 0
2026-02-22T19:30:55.282001Z  WARN ring underrun: needed 4096 got 0
2026-02-22T19:30:55.324672Z  WARN ring underrun: needed 4096 got 0
2026-02-22T19:30:55.367320Z  WARN ring underrun: needed 4096 got 0
2026-02-22T19:30:55.409968Z  WARN ring underrun: needed 4096 got 0
2026-02-22T19:30:55.452673Z  WARN ring underrun: needed 4096 got 0
2026-02-22T19:30:55.495303Z  WARN ring underrun: needed 4096 got 0
2026-02-22T19:30:55.537970Z  WARN ring underrun: needed 4096 got 0
2026-02-22T19:30:55.580637Z  WARN ring underrun: needed 4096 got 0
2026-02-22T19:30:55.623298Z  WARN ring underrun: needed 4096 got 0
2026-02-22T19:30:55.665976Z  WARN ring underrun: needed 4096 got 0
2026-02-22T19:30:55.708631Z  WARN ring underrun: needed 4096 got 0
2026-02-22T19:30:55.751299Z  WARN ring underrun: needed 4096 got 0
2026-02-22T19:30:55.793969Z  WARN ring underrun: needed 4096 got 0
2026-02-22T19:30:55.836627Z  WARN ring underrun: needed 4096 got 0
2026-02-22T19:30:55.879304Z  WARN ring underrun: needed 4096 got 0
2026-02-22T19:30:55.921963Z  WARN ring underrun: needed 4096 got 0
2026-02-22T19:30:55.964630Z  WARN ring underrun: needed 4096 got 0
2026-02-22T19:30:56.007295Z  WARN ring underrun: needed 4096 got 0
2026-02-22T19:30:56.049980Z  WARN ring underrun: needed 4096 got 0
2026-02-22T19:30:56.092638Z  WARN ring underrun: needed 4096 got 0
2026-02-22T19:30:56.135324Z  WARN ring underrun: needed 4096 got 0
2026-02-22T19:30:56.177974Z  WARN ring underrun: needed 4096 got 0
2026-02-22T19:30:56.220629Z  WARN ring underrun: needed 4096 got 0
2026-02-22T19:30:56.263298Z  WARN ring underrun: needed 4096 got 0
2026-02-22T19:30:56.305987Z  WARN ring underrun: needed 4096 got 0
2026-02-22T19:30:56.348649Z  WARN ring underrun: needed 4096 got 0
2026-02-22T19:30:56.391305Z  WARN ring underrun: needed 4096 got 0
2026-02-22T19:30:56.433978Z  WARN ring underrun: needed 4096 got 0
2026-02-22T19:30:56.476636Z  WARN ring underrun: needed 4096 got 0
2026-02-22T19:30:56.519298Z  WARN ring underrun: needed 4096 got 0
2026-02-22T19:30:56.561972Z  WARN ring underrun: needed 4096 got 0
2026-02-22T19:30:56.604629Z  WARN ring underrun: needed 4096 got 0
2026-02-22T19:30:56.647325Z  WARN ring underrun: needed 4096 got 0
2026-02-22T19:30:56.689959Z  WARN ring underrun: needed 4096 got 0
2026-02-22T19:30:56.732629Z  WARN ring underrun: needed 4096 got 0
2026-02-22T19:30:56.775305Z  WARN ring underrun: needed 4096 got 0
2026-02-22T19:30:56.817970Z  WARN ring underrun: needed 4096 got 0
2026-02-22T19:30:56.860623Z  WARN ring underrun: needed 4096 got 0
2026-02-22T19:30:56.903301Z  WARN ring underrun: needed 4096 got 0
2026-02-22T19:30:56.945994Z  WARN ring underrun: needed 4096 got 0
2026-02-22T19:30:56.988628Z  WARN ring underrun: needed 4096 got 0
2026-02-22T19:30:57.031298Z  WARN ring underrun: needed 4096 got 0
2026-02-22T19:30:57.073972Z  WARN ring underrun: needed 4096 got 0
2026-02-22T19:30:57.116633Z  WARN ring underrun: needed 4096 got 0
2026-02-22T19:30:57.159311Z  WARN ring underrun: needed 4096 got 0
2026-02-22T19:30:57.201954Z  WARN ring underrun: needed 4096 got 0
2026-02-22T19:30:57.244628Z  WARN ring underrun: needed 4096 got 0
2026-02-22T19:30:57.287293Z  WARN ring underrun: needed 4096 got 0
2026-02-22T19:30:57.329974Z  WARN ring underrun: needed 4096 got 0
2026-02-22T19:30:57.372644Z  WARN ring underrun: needed 4096 got 0
2026-02-22T19:30:57.415296Z  WARN ring underrun: needed 4096 got 0
2026-02-22T19:30:57.457953Z  WARN ring underrun: needed 4096 got 0
2026-02-22T19:30:57.500631Z  WARN ring underrun: needed 4096 got 0
2026-02-22T19:30:57.543290Z  WARN ring underrun: needed 4096 got 0
2026-02-22T19:30:57.585975Z  WARN ring underrun: needed 4096 got 0
2026-02-22T19:30:57.628628Z  WARN ring underrun: needed 4096 got 0
2026-02-22T19:30:57.671298Z  WARN ring underrun: needed 4096 got 0
2026-02-22T19:30:57.713960Z  WARN ring underrun: needed 4096 got 0
2026-02-22T19:30:57.756628Z  WARN ring underrun: needed 4096 got 0
2026-02-22T19:30:57.799291Z  WARN ring underrun: needed 4096 got 0
2026-02-22T19:30:57.841965Z  WARN ring underrun: needed 4096 got 0
2026-02-22T19:30:57.884626Z  WARN ring underrun: needed 4096 got 0
2026-02-22T19:30:57.927295Z  WARN ring underrun: needed 4096 got 0
2026-02-22T19:30:57.970470Z  WARN ring underrun: needed 4096 got 0
2026-02-22T19:30:58.012659Z  WARN ring underrun: needed 4096 got 0
2026-02-22T19:30:58.055290Z  WARN ring underrun: needed 4096 got 0
2026-02-22T19:30:58.097955Z  WARN ring underrun: needed 4096 got 0
2026-02-22T19:30:58.140628Z  WARN ring underrun: needed 4096 got 0
2026-02-22T19:30:58.183308Z  WARN ring underrun: needed 4096 got 0
2026-02-22T19:30:58.225966Z  WARN ring underrun: needed 4096 got 0
2026-02-22T19:30:58.268628Z  WARN ring underrun: needed 4096 got 0
2026-02-22T19:30:58.311330Z  WARN ring underrun: needed 4096 got 0
2026-02-22T19:30:58.353980Z  WARN ring underrun: needed 4096 got 0
2026-02-22T19:30:58.396627Z  WARN ring underrun: needed 4096 got 0
2026-02-22T19:30:58.439290Z  WARN ring underrun: needed 4096 got 0
2026-02-22T19:30:58.481963Z  WARN ring underrun: needed 4096 got 0
2026-02-22T19:30:58.524628Z  WARN ring underrun: needed 4096 got 0
2026-02-22T19:30:58.567300Z  WARN ring underrun: needed 4096 got 0
2026-02-22T19:30:58.609960Z  WARN ring underrun: needed 4096 got 0
2026-02-22T19:30:58.652652Z  WARN ring underrun: needed 4096 got 0
2026-02-22T19:30:58.695304Z  WARN ring underrun: needed 4096 got 0
2026-02-22T19:30:58.737956Z  WARN ring underrun: needed 4096 got 0
2026-02-22T19:30:58.780627Z  WARN ring underrun: needed 4096 got 0
2026-02-22T19:30:58.823304Z  WARN ring underrun: needed 4096 got 0
2026-02-22T19:30:58.865957Z  WARN ring underrun: needed 4096 got 0
2026-02-22T19:30:58.908624Z  WARN ring underrun: needed 4096 got 0
2026-02-22T19:30:58.951288Z  WARN ring underrun: needed 4096 got 0
2026-02-22T19:30:58.993969Z  WARN ring underrun: needed 4096 got 0
2026-02-22T19:30:59.036623Z  WARN ring underrun: needed 4096 got 0
2026-02-22T19:30:59.079301Z  WARN ring underrun: needed 4096 got 0
2026-02-22T19:30:59.121964Z  WARN ring underrun: needed 4096 got 0
2026-02-22T19:30:59.164626Z  WARN ring underrun: needed 4096 got 0
2026-02-22T19:30:59.172057Z  INFO VAE decode: 5.43s
2026-02-22T19:30:59.207288Z  WARN ring underrun: needed 4096 got 0
2026-02-22T19:30:59.249961Z  WARN ring underrun: needed 4096 got 0
2026-02-22T19:30:59.292624Z  WARN ring underrun: needed 4096 got 0
2026-02-22T19:30:59.335292Z  WARN ring underrun: needed 4096 got 0
2026-02-22T19:30:59.377961Z  WARN ring underrun: needed 4096 got 0
2026-02-22T19:30:59.420623Z  WARN ring underrun: needed 4096 got 0
2026-02-22T19:30:59.463283Z  WARN ring underrun: needed 4096 got 0
2026-02-22T19:30:59.505964Z  WARN ring underrun: needed 4096 got 0
2026-02-22T19:30:59.548682Z  WARN ring underrun: needed 4096 got 0
2026-02-22T19:30:59.591304Z  WARN ring underrun: needed 4096 got 0
2026-02-22T19:30:59.634004Z  WARN ring underrun: needed 4096 got 0
2026-02-22T19:30:59.676675Z  WARN ring underrun: needed 4096 got 0
2026-02-22T19:30:59.702110Z  INFO Total chunk: 13.72s
2026-02-22T19:30:59.719325Z  WARN ring underrun: needed 4096 got 0
2026-02-22T19:30:59.721402Z  INFO === Sliding window step 1 (pos=30s window=240s step=30s is_first=false) ===
2026-02-22T19:30:59.721427Z  INFO event:step step=0 pos=0s audio=30.0s gen=13.74s step_s=30s window_s=240s
2026-02-22T19:30:59.721562Z  INFO   metas: pos=30s duration=270s mode=Advancing bpm=Some(140) key=Some("A minor")
2026-02-22T19:30:59.753689Z  INFO Generating chunk (6000 frames, 240.0s)...
2026-02-22T19:31:07.188989Z  INFO Diffusion (8 ODE steps): 7.43s
2026-02-22T19:31:12.580892Z  INFO VAE decode: 5.39s
2026-02-22T19:31:13.115901Z  INFO Total chunk: 13.39s
2026-02-22T19:31:13.133065Z  INFO === Sliding window step 2 (pos=60s window=240s step=30s is_first=false) ===
2026-02-22T19:31:13.133091Z  INFO event:step step=1 pos=30s audio=30.0s gen=13.41s step_s=30s window_s=240s
2026-02-22T19:31:13.133243Z  INFO   metas: pos=60s duration=300s mode=Advancing bpm=Some(140) key=Some("A minor")
2026-02-22T19:31:13.165437Z  INFO Generating chunk (6000 frames, 240.0s)...
2026-02-22T19:31:20.496833Z  INFO Diffusion (8 ODE steps): 7.33s
2026-02-22T19:31:25.929676Z  INFO VAE decode: 5.43s
2026-02-22T19:31:26.462871Z  INFO Total chunk: 13.33s
2026-02-22T19:31:26.480397Z  INFO === Sliding window step 3 (pos=90s window=240s step=30s is_first=false) ===
2026-02-22T19:31:26.480425Z  INFO event:step step=2 pos=60s audio=30.0s gen=13.35s step_s=30s window_s=240s
2026-02-22T19:31:26.480568Z  INFO   metas: pos=90s duration=330s mode=Advancing bpm=Some(140) key=Some("A minor")
2026-02-22T19:31:26.512279Z  INFO Generating chunk (6000 frames, 240.0s)...
2026-02-22T19:31:33.943538Z  INFO Diffusion (8 ODE steps): 7.43s
2026-02-22T19:31:39.375627Z  INFO VAE decode: 5.43s
2026-02-22T19:31:39.907200Z  INFO Total chunk: 13.43s
2026-02-22T19:31:39.924691Z  INFO === Sliding window step 4 (pos=120s window=240s step=30s is_first=false) ===
2026-02-22T19:31:39.924722Z  INFO event:step step=3 pos=90s audio=30.0s gen=13.44s step_s=30s window_s=240s
2026-02-22T19:31:39.924869Z  INFO   metas: pos=120s duration=360s mode=Advancing bpm=Some(140) key=Some("A minor")
2026-02-22T19:31:39.956906Z  INFO Generating chunk (6000 frames, 240.0s)...
2026-02-22T19:31:47.258723Z  INFO Diffusion (8 ODE steps): 7.30s
2026-02-22T19:31:52.703637Z  INFO VAE decode: 5.44s
2026-02-22T19:31:53.234468Z  INFO Total chunk: 13.31s
2026-02-22T19:31:53.251208Z  INFO === Sliding window step 5 (pos=150s window=240s step=30s is_first=false) ===
2026-02-22T19:31:53.251249Z  INFO event:step step=4 pos=120s audio=30.0s gen=13.33s step_s=30s window_s=240s
2026-02-22T19:31:53.251457Z  INFO   metas: pos=150s duration=390s mode=Advancing bpm=Some(140) key=Some("A minor")
2026-02-22T19:31:53.283750Z  INFO Generating chunk (6000 frames, 240.0s)...
2026-02-22T19:32:00.647092Z  INFO Diffusion (8 ODE steps): 7.36s
2026-02-22T19:32:06.102638Z  INFO VAE decode: 5.46s
2026-02-22T19:32:06.638103Z  INFO Total chunk: 13.39s
2026-02-22T19:32:06.655248Z  INFO === Sliding window step 6 (pos=180s window=240s step=30s is_first=false) ===
2026-02-22T19:32:06.655294Z  INFO event:step step=5 pos=150s audio=30.0s gen=13.40s step_s=30s window_s=240s
2026-02-22T19:32:06.655509Z  INFO   metas: pos=180s duration=420s mode=Advancing bpm=Some(140) key=Some("A minor")
2026-02-22T19:32:06.688736Z  INFO Generating chunk (6000 frames, 240.0s)...
2026-02-22T19:32:14.039509Z  INFO Diffusion (8 ODE steps): 7.35s
2026-02-22T19:32:19.521142Z  INFO VAE decode: 5.48s
2026-02-22T19:32:20.060870Z  INFO Total chunk: 13.41s
2026-02-22T19:32:20.078049Z  INFO === Sliding window step 7 (pos=210s window=240s step=30s is_first=false) ===
2026-02-22T19:32:20.078093Z  INFO event:step step=6 pos=180s audio=30.0s gen=13.42s step_s=30s window_s=240s
2026-02-22T19:32:20.078316Z  INFO   metas: pos=210s duration=450s mode=Advancing bpm=Some(140) key=Some("A minor")
2026-02-22T19:32:20.110964Z  INFO Generating chunk (6000 frames, 240.0s)...
2026-02-22T19:32:27.536010Z  INFO Diffusion (8 ODE steps): 7.42s
2026-02-22T19:32:33.030846Z  INFO VAE decode: 5.49s
2026-02-22T19:32:33.561411Z  INFO Total chunk: 13.48s
2026-02-22T19:32:33.577979Z  INFO === Sliding window step 8 (pos=240s window=240s step=30s is_first=false) ===
2026-02-22T19:32:33.578012Z  INFO event:step step=7 pos=210s audio=30.0s gen=13.50s step_s=30s window_s=240s
2026-02-22T19:32:33.578214Z  INFO   metas: pos=240s duration=480s mode=Advancing bpm=Some(140) key=Some("A minor")
2026-02-22T19:32:33.609893Z  INFO Generating chunk (6000 frames, 240.0s)...
2026-02-22T19:32:41.078521Z  INFO Diffusion (8 ODE steps): 7.47s
2026-02-22T19:32:46.589817Z  INFO VAE decode: 5.51s
2026-02-22T19:32:47.128695Z  INFO Total chunk: 13.55s
2026-02-22T19:32:47.146387Z  INFO === Sliding window step 9 (pos=270s window=240s step=30s is_first=false) ===
2026-02-22T19:32:47.146415Z  INFO event:step step=8 pos=240s audio=30.0s gen=13.57s step_s=30s window_s=240s
2026-02-22T19:32:47.146545Z  INFO   metas: pos=270s duration=510s mode=Advancing bpm=Some(140) key=Some("A minor")
2026-02-22T19:32:47.178908Z  INFO Generating chunk (6000 frames, 240.0s)...
2026-02-22T19:32:54.717784Z  INFO Diffusion (8 ODE steps): 7.53s
2026-02-22T19:33:00.280720Z  INFO VAE decode: 5.56s
2026-02-22T19:33:00.816952Z  INFO Total chunk: 13.67s
2026-02-22T19:33:00.833724Z  INFO === Sliding window step 10 (pos=300s window=240s step=30s is_first=false) ===
2026-02-22T19:33:00.833753Z  INFO event:step step=9 pos=270s audio=30.0s gen=13.69s step_s=30s window_s=240s
2026-02-22T19:33:00.833889Z  INFO   metas: pos=300s duration=540s mode=Advancing bpm=Some(140) key=Some("A minor")
2026-02-22T19:33:00.865934Z  INFO Generating chunk (6000 frames, 240.0s)...
2026-02-22T19:33:08.382697Z  INFO Diffusion (8 ODE steps): 7.51s
2026-02-22T19:33:13.897962Z  INFO VAE decode: 5.52s
2026-02-22T19:33:14.440100Z  INFO Total chunk: 13.61s
2026-02-22T19:33:29.736116Z  INFO === Sliding window step 11 (pos=330s window=240s step=30s is_first=false) ===
2026-02-22T19:33:29.736137Z  INFO event:step step=10 pos=300s audio=30.0s gen=13.62s step_s=30s window_s=240s
2026-02-22T19:33:29.738839Z  INFO   metas: pos=330s duration=570s mode=Advancing bpm=Some(140) key=Some("A minor")
2026-02-22T19:33:29.771083Z  INFO Generating chunk (6000 frames, 240.0s)...
2026-02-22T19:33:36.974095Z  INFO Diffusion (8 ODE steps): 7.20s
2026-02-22T19:33:42.367754Z  INFO VAE decode: 5.39s
2026-02-22T19:33:42.902515Z  INFO Total chunk: 13.16s
2026-02-22T19:33:59.731044Z  INFO SlidingWindowGenerator: position wrap 360s → 30s (max=600s)
2026-02-22T19:33:59.731066Z  INFO event:step step=11 pos=330s audio=30.0s gen=13.18s step_s=30s window_s=240s
2026-02-22T19:33:59.731076Z  INFO === Sliding window step 12 (pos=30s window=240s step=30s is_first=false) ===
2026-02-22T19:33:59.733818Z  INFO   metas: pos=30s duration=270s mode=Advancing bpm=Some(140) key=Some("A minor")
2026-02-22T19:33:59.765870Z  INFO Generating chunk (6000 frames, 240.0s)...
2026-02-22T19:34:06.923827Z  INFO Diffusion (8 ODE steps): 7.15s
2026-02-22T19:34:12.248290Z  INFO VAE decode: 5.32s
2026-02-22T19:34:12.772448Z  INFO Total chunk: 13.04s
2026-02-22T19:34:29.725904Z  INFO === Sliding window step 13 (pos=60s window=240s step=30s is_first=false) ===
2026-02-22T19:34:29.725926Z  INFO event:step step=12 pos=30s audio=30.0s gen=13.06s step_s=30s window_s=240s
2026-02-22T19:34:29.739782Z  INFO   metas: pos=60s duration=300s mode=Advancing bpm=Some(140) key=Some("A minor")
2026-02-22T19:34:29.772152Z  INFO Generating chunk (6000 frames, 240.0s)...
2026-02-22T19:34:36.817666Z  INFO Diffusion (8 ODE steps): 7.04s
2026-02-22T19:34:42.098014Z  INFO VAE decode: 5.28s
2026-02-22T19:34:42.641694Z  INFO Total chunk: 12.90s
2026-02-22T19:34:59.720731Z  INFO === Sliding window step 14 (pos=90s window=240s step=30s is_first=false) ===
2026-02-22T19:34:59.720753Z  INFO event:step step=13 pos=60s audio=30.0s gen=12.93s step_s=30s window_s=240s
2026-02-22T19:34:59.728218Z  INFO   metas: pos=90s duration=330s mode=Advancing bpm=Some(140) key=Some("A minor")
2026-02-22T19:34:59.760301Z  INFO Generating chunk (6000 frames, 240.0s)...
2026-02-22T19:35:06.835737Z  INFO Diffusion (8 ODE steps): 7.07s
2026-02-22T19:35:12.099779Z  INFO VAE decode: 5.26s
2026-02-22T19:35:12.622656Z  INFO Total chunk: 12.89s
2026-02-22T19:35:29.758349Z  INFO === Sliding window step 15 (pos=120s window=240s step=30s is_first=false) ===
2026-02-22T19:35:29.758371Z  INFO event:step step=14 pos=90s audio=30.0s gen=12.92s step_s=30s window_s=240s
2026-02-22T19:35:29.765719Z  INFO   metas: pos=120s duration=360s mode=Advancing bpm=Some(140) key=Some("A minor")
2026-02-22T19:35:29.797172Z  INFO Generating chunk (6000 frames, 240.0s)...
2026-02-22T19:35:36.932194Z  INFO Diffusion (8 ODE steps): 7.13s
2026-02-22T19:35:42.361651Z  INFO VAE decode: 5.43s
2026-02-22T19:35:42.897940Z  INFO Total chunk: 13.13s
2026-02-22T19:35:52.382383Z  INFO socket cmd: "lyrics Ich geh durch die Nacht allein auf der Straße"
2026-02-22T19:35:52.382403Z  INFO socket cmd: "Kein Licht kein Halt ich fühl die Kälte"
2026-02-22T19:35:52.382409Z  INFO socket cmd: "Die Stadt schläft nicht ich auch nicht ich bleib wach"
2026-02-22T19:35:52.382413Z  INFO socket cmd: "Berlin bei Nacht das ist mein Weg"
2026-02-22T19:35:59.753204Z  INFO === Sliding window step 16 (pos=150s window=240s step=30s is_first=false) ===
2026-02-22T19:35:59.753221Z  INFO event:step step=15 pos=120s audio=30.0s gen=13.16s step_s=30s window_s=240s
2026-02-22T19:35:59.755965Z  INFO   metas: pos=150s duration=390s mode=Advancing bpm=Some(140) key=Some("A minor")
2026-02-22T19:35:59.788770Z  INFO Generating chunk (6000 frames, 240.0s)...
2026-02-22T19:36:01.990541Z  INFO socket cmd: "lyrics Ich geh durch die Nacht allein auf der Straße\\nKein Licht kein Halt ich fühl die Kälte\\nDie Stadt schläft nicht ich auch nicht ich bleib wach\\nBerlin bei Nacht das ist mein Weg"
2026-02-22T19:36:06.984392Z  INFO Diffusion (8 ODE steps): 7.19s
2026-02-22T19:36:12.389889Z  INFO VAE decode: 5.41s
2026-02-22T19:36:12.896642Z  INFO Total chunk: 13.14s
2026-02-22T19:36:29.748060Z  INFO === Sliding window step 17 (pos=180s window=240s step=30s is_first=false) ===
2026-02-22T19:36:29.748078Z  INFO event:step step=16 pos=150s audio=30.0s gen=13.16s step_s=30s window_s=240s
2026-02-22T19:36:29.754926Z  INFO   metas: pos=180s duration=420s mode=Advancing bpm=Some(140) key=Some("A minor")
2026-02-22T19:36:29.786982Z  INFO Generating chunk (6000 frames, 240.0s)...
2026-02-22T19:36:36.883603Z  INFO Diffusion (8 ODE steps): 7.09s
2026-02-22T19:36:42.292525Z  INFO VAE decode: 5.41s
2026-02-22T19:36:42.813815Z  INFO Total chunk: 13.06s
2026-02-22T19:36:59.742966Z  INFO === Sliding window step 18 (pos=210s window=240s step=30s is_first=false) ===
2026-02-22T19:36:59.742990Z  INFO event:step step=17 pos=180s audio=30.0s gen=13.08s step_s=30s window_s=240s
2026-02-22T19:36:59.750449Z  INFO   metas: pos=210s duration=450s mode=Advancing bpm=Some(140) key=Some("A minor")
2026-02-22T19:36:59.783111Z  INFO Generating chunk (6000 frames, 240.0s)...
2026-02-22T19:37:06.793089Z  INFO Diffusion (8 ODE steps): 7.01s
2026-02-22T19:37:12.041401Z  INFO VAE decode: 5.25s
2026-02-22T19:37:12.562718Z  INFO Total chunk: 12.81s
2026-02-22T19:37:29.737880Z  INFO === Sliding window step 19 (pos=240s window=240s step=30s is_first=false) ===
2026-02-22T19:37:29.737902Z  INFO event:step step=18 pos=210s audio=30.0s gen=12.84s step_s=30s window_s=240s
2026-02-22T19:37:29.746131Z  INFO   metas: pos=240s duration=480s mode=Advancing bpm=Some(140) key=Some("A minor")
2026-02-22T19:37:29.778738Z  INFO Generating chunk (6000 frames, 240.0s)...
2026-02-22T19:37:37.166983Z  INFO Diffusion (8 ODE steps): 7.39s
2026-02-22T19:37:42.612188Z  INFO VAE decode: 5.45s
2026-02-22T19:37:43.133941Z  INFO Total chunk: 13.39s
2026-02-22T19:37:59.732734Z  INFO === Sliding window step 20 (pos=270s window=240s step=30s is_first=false) ===
2026-02-22T19:37:59.732759Z  INFO event:step step=19 pos=240s audio=30.0s gen=13.41s step_s=30s window_s=240s
2026-02-22T19:37:59.735396Z  INFO   metas: pos=270s duration=510s mode=Advancing bpm=Some(140) key=Some("A minor")
2026-02-22T19:37:59.769491Z  INFO Generating chunk (6000 frames, 240.0s)...
2026-02-22T19:38:07.078229Z  INFO Diffusion (8 ODE steps): 7.30s
2026-02-22T19:38:12.538832Z  INFO VAE decode: 5.46s
2026-02-22T19:38:13.070473Z  INFO Total chunk: 13.34s
2026-02-22T19:38:29.727733Z  INFO === Sliding window step 21 (pos=300s window=240s step=30s is_first=false) ===
2026-02-22T19:38:29.727756Z  INFO event:step step=20 pos=270s audio=30.0s gen=13.35s step_s=30s window_s=240s
2026-02-22T19:38:29.731273Z  INFO   metas: pos=300s duration=540s mode=Advancing bpm=Some(140) key=Some("A minor")
2026-02-22T19:38:29.766484Z  INFO Generating chunk (6000 frames, 240.0s)...
2026-02-22T19:38:34.078131Z  INFO socket cmd: "restart"
2026-02-22T19:38:34.078174Z  INFO Restarting: "/proc/self/exe" ["--socket", "/tmp/ace-step.sock"]
2026-02-22T19:38:34.624712Z  INFO Listening on /tmp/ace-step.sock
2026-02-22T19:38:34.628487Z  INFO cpal supported: ch=1 rate=1-384000 fmt=U8
2026-02-22T19:38:34.628499Z  INFO cpal supported: ch=2 rate=1-384000 fmt=U8
2026-02-22T19:38:34.628502Z  INFO cpal supported: ch=3 rate=1-384000 fmt=U8
2026-02-22T19:38:34.628504Z  INFO cpal supported: ch=4 rate=1-384000 fmt=U8
2026-02-22T19:38:34.628507Z  INFO cpal supported: ch=5 rate=1-384000 fmt=U8
2026-02-22T19:38:34.628509Z  INFO cpal supported: ch=6 rate=1-384000 fmt=U8
2026-02-22T19:38:34.628512Z  INFO cpal supported: ch=7 rate=1-384000 fmt=U8
2026-02-22T19:38:34.628514Z  INFO cpal supported: ch=8 rate=1-384000 fmt=U8
2026-02-22T19:38:34.628517Z  INFO cpal supported: ch=9 rate=1-384000 fmt=U8
2026-02-22T19:38:34.628519Z  INFO cpal supported: ch=10 rate=1-384000 fmt=U8
2026-02-22T19:38:34.628522Z  INFO cpal supported: ch=11 rate=1-384000 fmt=U8
2026-02-22T19:38:34.628524Z  INFO cpal supported: ch=12 rate=1-384000 fmt=U8
2026-02-22T19:38:34.628527Z  INFO cpal supported: ch=13 rate=1-384000 fmt=U8
2026-02-22T19:38:34.628529Z  INFO cpal supported: ch=14 rate=1-384000 fmt=U8
2026-02-22T19:38:34.628532Z  INFO cpal supported: ch=15 rate=1-384000 fmt=U8
2026-02-22T19:38:34.628534Z  INFO cpal supported: ch=16 rate=1-384000 fmt=U8
2026-02-22T19:38:34.628536Z  INFO cpal supported: ch=17 rate=1-384000 fmt=U8
2026-02-22T19:38:34.628539Z  INFO cpal supported: ch=18 rate=1-384000 fmt=U8
2026-02-22T19:38:34.628541Z  INFO cpal supported: ch=19 rate=1-384000 fmt=U8
2026-02-22T19:38:34.628544Z  INFO cpal supported: ch=20 rate=1-384000 fmt=U8
2026-02-22T19:38:34.628546Z  INFO cpal supported: ch=21 rate=1-384000 fmt=U8
2026-02-22T19:38:34.628549Z  INFO cpal supported: ch=22 rate=1-384000 fmt=U8
2026-02-22T19:38:34.628551Z  INFO cpal supported: ch=23 rate=1-384000 fmt=U8
2026-02-22T19:38:34.628554Z  INFO cpal supported: ch=24 rate=1-384000 fmt=U8
2026-02-22T19:38:34.628556Z  INFO cpal supported: ch=25 rate=1-384000 fmt=U8
2026-02-22T19:38:34.628558Z  INFO cpal supported: ch=26 rate=1-384000 fmt=U8
2026-02-22T19:38:34.628561Z  INFO cpal supported: ch=27 rate=1-384000 fmt=U8
2026-02-22T19:38:34.628563Z  INFO cpal supported: ch=28 rate=1-384000 fmt=U8
2026-02-22T19:38:34.628566Z  INFO cpal supported: ch=29 rate=1-384000 fmt=U8
2026-02-22T19:38:34.628586Z  INFO cpal supported: ch=30 rate=1-384000 fmt=U8
2026-02-22T19:38:34.628589Z  INFO cpal supported: ch=31 rate=1-384000 fmt=U8
2026-02-22T19:38:34.628590Z  INFO cpal supported: ch=32 rate=1-384000 fmt=U8
2026-02-22T19:38:34.628592Z  INFO cpal supported: ch=1 rate=1-384000 fmt=I16
2026-02-22T19:38:34.628594Z  INFO cpal supported: ch=2 rate=1-384000 fmt=I16
2026-02-22T19:38:34.628595Z  INFO cpal supported: ch=3 rate=1-384000 fmt=I16
2026-02-22T19:38:34.628597Z  INFO cpal supported: ch=4 rate=1-384000 fmt=I16
2026-02-22T19:38:34.628598Z  INFO cpal supported: ch=5 rate=1-384000 fmt=I16
2026-02-22T19:38:34.628600Z  INFO cpal supported: ch=6 rate=1-384000 fmt=I16
2026-02-22T19:38:34.628601Z  INFO cpal supported: ch=7 rate=1-384000 fmt=I16
2026-02-22T19:38:34.628603Z  INFO cpal supported: ch=8 rate=1-384000 fmt=I16
2026-02-22T19:38:34.628605Z  INFO cpal supported: ch=9 rate=1-384000 fmt=I16
2026-02-22T19:38:34.628606Z  INFO cpal supported: ch=10 rate=1-384000 fmt=I16
2026-02-22T19:38:34.628608Z  INFO cpal supported: ch=11 rate=1-384000 fmt=I16
2026-02-22T19:38:34.628609Z  INFO cpal supported: ch=12 rate=1-384000 fmt=I16
2026-02-22T19:38:34.628611Z  INFO cpal supported: ch=13 rate=1-384000 fmt=I16
2026-02-22T19:38:34.628612Z  INFO cpal supported: ch=14 rate=1-384000 fmt=I16
2026-02-22T19:38:34.628614Z  INFO cpal supported: ch=15 rate=1-384000 fmt=I16
2026-02-22T19:38:34.628616Z  INFO cpal supported: ch=16 rate=1-384000 fmt=I16
2026-02-22T19:38:34.628617Z  INFO cpal supported: ch=17 rate=1-384000 fmt=I16
2026-02-22T19:38:34.628619Z  INFO cpal supported: ch=18 rate=1-384000 fmt=I16
2026-02-22T19:38:34.628620Z  INFO cpal supported: ch=19 rate=1-384000 fmt=I16
2026-02-22T19:38:34.628622Z  INFO cpal supported: ch=20 rate=1-384000 fmt=I16
2026-02-22T19:38:34.628623Z  INFO cpal supported: ch=21 rate=1-384000 fmt=I16
2026-02-22T19:38:34.628625Z  INFO cpal supported: ch=22 rate=1-384000 fmt=I16
2026-02-22T19:38:34.628626Z  INFO cpal supported: ch=23 rate=1-384000 fmt=I16
2026-02-22T19:38:34.628628Z  INFO cpal supported: ch=24 rate=1-384000 fmt=I16
2026-02-22T19:38:34.628630Z  INFO cpal supported: ch=25 rate=1-384000 fmt=I16
2026-02-22T19:38:34.628631Z  INFO cpal supported: ch=26 rate=1-384000 fmt=I16
2026-02-22T19:38:34.628633Z  INFO cpal supported: ch=27 rate=1-384000 fmt=I16
2026-02-22T19:38:34.628634Z  INFO cpal supported: ch=28 rate=1-384000 fmt=I16
2026-02-22T19:38:34.628636Z  INFO cpal supported: ch=29 rate=1-384000 fmt=I16
2026-02-22T19:38:34.628637Z  INFO cpal supported: ch=30 rate=1-384000 fmt=I16
2026-02-22T19:38:34.628639Z  INFO cpal supported: ch=31 rate=1-384000 fmt=I16
2026-02-22T19:38:34.628640Z  INFO cpal supported: ch=32 rate=1-384000 fmt=I16
2026-02-22T19:38:34.628642Z  INFO cpal supported: ch=1 rate=1-384000 fmt=I32
2026-02-22T19:38:34.628644Z  INFO cpal supported: ch=2 rate=1-384000 fmt=I32
2026-02-22T19:38:34.628645Z  INFO cpal supported: ch=3 rate=1-384000 fmt=I32
2026-02-22T19:38:34.628647Z  INFO cpal supported: ch=4 rate=1-384000 fmt=I32
2026-02-22T19:38:34.628648Z  INFO cpal supported: ch=5 rate=1-384000 fmt=I32
2026-02-22T19:38:34.628650Z  INFO cpal supported: ch=6 rate=1-384000 fmt=I32
2026-02-22T19:38:34.628651Z  INFO cpal supported: ch=7 rate=1-384000 fmt=I32
2026-02-22T19:38:34.628653Z  INFO cpal supported: ch=8 rate=1-384000 fmt=I32
2026-02-22T19:38:34.628654Z  INFO cpal supported: ch=9 rate=1-384000 fmt=I32
2026-02-22T19:38:34.628656Z  INFO cpal supported: ch=10 rate=1-384000 fmt=I32
2026-02-22T19:38:34.628658Z  INFO cpal supported: ch=11 rate=1-384000 fmt=I32
2026-02-22T19:38:34.628659Z  INFO cpal supported: ch=12 rate=1-384000 fmt=I32
2026-02-22T19:38:34.628661Z  INFO cpal supported: ch=13 rate=1-384000 fmt=I32
2026-02-22T19:38:34.628662Z  INFO cpal supported: ch=14 rate=1-384000 fmt=I32
2026-02-22T19:38:34.628664Z  INFO cpal supported: ch=15 rate=1-384000 fmt=I32
2026-02-22T19:38:34.628665Z  INFO cpal supported: ch=16 rate=1-384000 fmt=I32
2026-02-22T19:38:34.628667Z  INFO cpal supported: ch=17 rate=1-384000 fmt=I32
2026-02-22T19:38:34.628668Z  INFO cpal supported: ch=18 rate=1-384000 fmt=I32
2026-02-22T19:38:34.628673Z  INFO cpal supported: ch=19 rate=1-384000 fmt=I32
2026-02-22T19:38:34.628674Z  INFO cpal supported: ch=20 rate=1-384000 fmt=I32
2026-02-22T19:38:34.628676Z  INFO cpal supported: ch=21 rate=1-384000 fmt=I32
2026-02-22T19:38:34.628677Z  INFO cpal supported: ch=22 rate=1-384000 fmt=I32
2026-02-22T19:38:34.628679Z  INFO cpal supported: ch=23 rate=1-384000 fmt=I32
2026-02-22T19:38:34.628680Z  INFO cpal supported: ch=24 rate=1-384000 fmt=I32
2026-02-22T19:38:34.628682Z  INFO cpal supported: ch=25 rate=1-384000 fmt=I32
2026-02-22T19:38:34.628684Z  INFO cpal supported: ch=26 rate=1-384000 fmt=I32
2026-02-22T19:38:34.628685Z  INFO cpal supported: ch=27 rate=1-384000 fmt=I32
2026-02-22T19:38:34.628687Z  INFO cpal supported: ch=28 rate=1-384000 fmt=I32
2026-02-22T19:38:34.628688Z  INFO cpal supported: ch=29 rate=1-384000 fmt=I32
2026-02-22T19:38:34.628690Z  INFO cpal supported: ch=30 rate=1-384000 fmt=I32
2026-02-22T19:38:34.628691Z  INFO cpal supported: ch=31 rate=1-384000 fmt=I32
2026-02-22T19:38:34.628693Z  INFO cpal supported: ch=32 rate=1-384000 fmt=I32
2026-02-22T19:38:34.628694Z  INFO cpal supported: ch=1 rate=1-384000 fmt=F32
2026-02-22T19:38:34.628696Z  INFO cpal supported: ch=2 rate=1-384000 fmt=F32
2026-02-22T19:38:34.628697Z  INFO cpal supported: ch=3 rate=1-384000 fmt=F32
2026-02-22T19:38:34.628699Z  INFO cpal supported: ch=4 rate=1-384000 fmt=F32
2026-02-22T19:38:34.628701Z  INFO cpal supported: ch=5 rate=1-384000 fmt=F32
2026-02-22T19:38:34.628702Z  INFO cpal supported: ch=6 rate=1-384000 fmt=F32
2026-02-22T19:38:34.628704Z  INFO cpal supported: ch=7 rate=1-384000 fmt=F32
2026-02-22T19:38:34.628705Z  INFO cpal supported: ch=8 rate=1-384000 fmt=F32
2026-02-22T19:38:34.628707Z  INFO cpal supported: ch=9 rate=1-384000 fmt=F32
2026-02-22T19:38:34.628708Z  INFO cpal supported: ch=10 rate=1-384000 fmt=F32
2026-02-22T19:38:34.628710Z  INFO cpal supported: ch=11 rate=1-384000 fmt=F32
2026-02-22T19:38:34.628711Z  INFO cpal supported: ch=12 rate=1-384000 fmt=F32
2026-02-22T19:38:34.628713Z  INFO cpal supported: ch=13 rate=1-384000 fmt=F32
2026-02-22T19:38:34.628715Z  INFO cpal supported: ch=14 rate=1-384000 fmt=F32
2026-02-22T19:38:34.628716Z  INFO cpal supported: ch=15 rate=1-384000 fmt=F32
2026-02-22T19:38:34.628718Z  INFO cpal supported: ch=16 rate=1-384000 fmt=F32
2026-02-22T19:38:34.628719Z  INFO cpal supported: ch=17 rate=1-384000 fmt=F32
2026-02-22T19:38:34.628721Z  INFO cpal supported: ch=18 rate=1-384000 fmt=F32
2026-02-22T19:38:34.628722Z  INFO cpal supported: ch=19 rate=1-384000 fmt=F32
2026-02-22T19:38:34.628724Z  INFO cpal supported: ch=20 rate=1-384000 fmt=F32
2026-02-22T19:38:34.628725Z  INFO cpal supported: ch=21 rate=1-384000 fmt=F32
2026-02-22T19:38:34.628727Z  INFO cpal supported: ch=22 rate=1-384000 fmt=F32
2026-02-22T19:38:34.628729Z  INFO cpal supported: ch=23 rate=1-384000 fmt=F32
2026-02-22T19:38:34.628730Z  INFO cpal supported: ch=24 rate=1-384000 fmt=F32
2026-02-22T19:38:34.628732Z  INFO cpal supported: ch=25 rate=1-384000 fmt=F32
2026-02-22T19:38:34.628733Z  INFO cpal supported: ch=26 rate=1-384000 fmt=F32
2026-02-22T19:38:34.628735Z  INFO cpal supported: ch=27 rate=1-384000 fmt=F32
2026-02-22T19:38:34.628736Z  INFO cpal supported: ch=28 rate=1-384000 fmt=F32
2026-02-22T19:38:34.628738Z  INFO cpal supported: ch=29 rate=1-384000 fmt=F32
2026-02-22T19:38:34.628739Z  INFO cpal supported: ch=30 rate=1-384000 fmt=F32
2026-02-22T19:38:34.628741Z  INFO cpal supported: ch=31 rate=1-384000 fmt=F32
2026-02-22T19:38:34.628743Z  INFO cpal supported: ch=32 rate=1-384000 fmt=F32
2026-02-22T19:38:34.628745Z  INFO cpal opening: device="default" ch=2 rate=48000
2026-02-22T19:38:34.655687Z  WARN ring underrun: needed 9600 got 0
2026-02-22T19:38:34.698335Z  WARN ring underrun: needed 4096 got 0
2026-02-22T19:38:34.740969Z  WARN ring underrun: needed 4096 got 0
2026-02-22T19:38:34.783701Z  WARN ring underrun: needed 4096 got 0
2026-02-22T19:38:34.826328Z  WARN ring underrun: needed 4096 got 0
2026-02-22T19:38:34.868967Z  WARN ring underrun: needed 4096 got 0
2026-02-22T19:38:34.906080Z  INFO Downloading ACE-Step v1.5 models from HuggingFace...
2026-02-22T19:38:34.906163Z  INFO All models downloaded successfully
2026-02-22T19:38:34.906449Z  INFO Loading tokenizer...
2026-02-22T19:38:34.911636Z  WARN ring underrun: needed 4096 got 0
2026-02-22T19:38:34.954295Z  WARN ring underrun: needed 4096 got 0
2026-02-22T19:38:34.996962Z  WARN ring underrun: needed 4096 got 0
2026-02-22T19:38:35.039631Z  WARN ring underrun: needed 4096 got 0
2026-02-22T19:38:35.082296Z  WARN ring underrun: needed 4096 got 0
2026-02-22T19:38:35.124957Z  WARN ring underrun: needed 4096 got 0
2026-02-22T19:38:35.167605Z  WARN ring underrun: needed 4096 got 0
2026-02-22T19:38:35.210342Z  WARN ring underrun: needed 4096 got 0
2026-02-22T19:38:35.247212Z  INFO Loading Qwen3 text encoder...
2026-02-22T19:38:35.252937Z  WARN ring underrun: needed 4096 got 0
2026-02-22T19:38:35.295610Z  WARN ring underrun: needed 4096 got 0
2026-02-22T19:38:35.338296Z  WARN ring underrun: needed 4096 got 0
2026-02-22T19:38:35.381001Z  WARN ring underrun: needed 4096 got 0
2026-02-22T19:38:35.423650Z  WARN ring underrun: needed 4096 got 0
2026-02-22T19:38:35.466382Z  WARN ring underrun: needed 4096 got 0
2026-02-22T19:38:35.509021Z  WARN ring underrun: needed 4096 got 0
2026-02-22T19:38:35.551695Z  WARN ring underrun: needed 4096 got 0
2026-02-22T19:38:35.594331Z  WARN ring underrun: needed 4096 got 0
2026-02-22T19:38:35.636984Z  WARN ring underrun: needed 4096 got 0
2026-02-22T19:38:35.646634Z  INFO Loading DiT generation model...
2026-02-22T19:38:35.679699Z  WARN ring underrun: needed 4096 got 0
2026-02-22T19:38:35.722358Z  WARN ring underrun: needed 4096 got 0
2026-02-22T19:38:35.765021Z  WARN ring underrun: needed 4096 got 0
2026-02-22T19:38:35.807686Z  WARN ring underrun: needed 4096 got 0
2026-02-22T19:38:35.850352Z  WARN ring underrun: needed 4096 got 0
2026-02-22T19:38:35.893037Z  WARN ring underrun: needed 4096 got 0
2026-02-22T19:38:35.935677Z  WARN ring underrun: needed 4096 got 0
2026-02-22T19:38:35.978357Z  WARN ring underrun: needed 4096 got 0
2026-02-22T19:38:36.021029Z  WARN ring underrun: needed 4096 got 0
2026-02-22T19:38:36.063705Z  WARN ring underrun: needed 4096 got 0
2026-02-22T19:38:36.106369Z  WARN ring underrun: needed 4096 got 0
2026-02-22T19:38:36.149015Z  WARN ring underrun: needed 4096 got 0
2026-02-22T19:38:36.191704Z  WARN ring underrun: needed 4096 got 0
2026-02-22T19:38:36.234353Z  WARN ring underrun: needed 4096 got 0
2026-02-22T19:38:36.277008Z  WARN ring underrun: needed 4096 got 0
2026-02-22T19:38:36.319675Z  WARN ring underrun: needed 4096 got 0
2026-02-22T19:38:36.362322Z  WARN ring underrun: needed 4096 got 0
2026-02-22T19:38:36.404988Z  WARN ring underrun: needed 4096 got 0
2026-02-22T19:38:36.447663Z  WARN ring underrun: needed 4096 got 0
2026-02-22T19:38:36.490327Z  WARN ring underrun: needed 4096 got 0
2026-02-22T19:38:36.532984Z  WARN ring underrun: needed 4096 got 0
2026-02-22T19:38:36.575677Z  WARN ring underrun: needed 4096 got 0
2026-02-22T19:38:36.618336Z  WARN ring underrun: needed 4096 got 0
2026-02-22T19:38:36.660986Z  WARN ring underrun: needed 4096 got 0
2026-02-22T19:38:36.703660Z  WARN ring underrun: needed 4096 got 0
2026-02-22T19:38:36.746341Z  WARN ring underrun: needed 4096 got 0
2026-02-22T19:38:36.789007Z  WARN ring underrun: needed 4096 got 0
2026-02-22T19:38:36.818093Z  INFO Loading VAE decoder...
2026-02-22T19:38:36.831683Z  WARN ring underrun: needed 4096 got 0
2026-02-22T19:38:36.866534Z  INFO Loading silence latent...
2026-02-22T19:38:36.874343Z  WARN ring underrun: needed 4096 got 0
2026-02-22T19:38:36.874746Z  INFO Loaded silence_latent: shape [1, 15000, 64], dtype F32
2026-02-22T19:38:36.874807Z  INFO Pipeline loaded successfully
2026-02-22T19:38:36.881888Z  INFO === Sliding window step 0 (pos=0s window=240s step=30s is_first=true) ===
2026-02-22T19:38:36.881907Z  INFO Pipeline ready
2026-02-22T19:38:36.882398Z  INFO   metas: pos=0s duration=240s mode=Advancing bpm=Some(128) key=Some("A minor")
2026-02-22T19:38:36.917008Z  WARN ring underrun: needed 4096 got 0
2026-02-22T19:38:36.934159Z  INFO Generating chunk (6000 frames, 240.0s)...
2026-02-22T19:38:36.959673Z  WARN ring underrun: needed 4096 got 0
2026-02-22T19:38:37.002349Z  WARN ring underrun: needed 4096 got 0
2026-02-22T19:38:37.045007Z  WARN ring underrun: needed 4096 got 0
2026-02-22T19:38:37.087699Z  WARN ring underrun: needed 4096 got 0
2026-02-22T19:38:37.130348Z  WARN ring underrun: needed 4096 got 0
2026-02-22T19:38:37.173007Z  WARN ring underrun: needed 4096 got 0
2026-02-22T19:38:37.215675Z  WARN ring underrun: needed 4096 got 0
2026-02-22T19:38:37.258347Z  WARN ring underrun: needed 4096 got 0
2026-02-22T19:38:37.301021Z  WARN ring underrun: needed 4096 got 0
2026-02-22T19:38:37.343711Z  WARN ring underrun: needed 4096 got 0
2026-02-22T19:38:37.386346Z  WARN ring underrun: needed 4096 got 0
2026-02-22T19:38:37.429020Z  WARN ring underrun: needed 4096 got 0
2026-02-22T19:38:37.471682Z  WARN ring underrun: needed 4096 got 0
2026-02-22T19:38:37.514345Z  WARN ring underrun: needed 4096 got 0
2026-02-22T19:38:37.557015Z  WARN ring underrun: needed 4096 got 0
2026-02-22T19:38:37.599693Z  WARN ring underrun: needed 4096 got 0
2026-02-22T19:38:37.642349Z  WARN ring underrun: needed 4096 got 0
2026-02-22T19:38:37.685021Z  WARN ring underrun: needed 4096 got 0
2026-02-22T19:38:37.727687Z  WARN ring underrun: needed 4096 got 0
2026-02-22T19:38:37.770353Z  WARN ring underrun: needed 4096 got 0
2026-02-22T19:38:37.813042Z  WARN ring underrun: needed 4096 got 0
2026-02-22T19:38:37.855690Z  WARN ring underrun: needed 4096 got 0
2026-02-22T19:38:37.898360Z  WARN ring underrun: needed 4096 got 0
2026-02-22T19:38:37.941025Z  WARN ring underrun: needed 4096 got 0
2026-02-22T19:38:37.983694Z  WARN ring underrun: needed 4096 got 0
2026-02-22T19:38:38.026366Z  WARN ring underrun: needed 4096 got 0
2026-02-22T19:38:38.069056Z  WARN ring underrun: needed 4096 got 0
2026-02-22T19:38:38.111713Z  WARN ring underrun: needed 4096 got 0
2026-02-22T19:38:38.154366Z  WARN ring underrun: needed 4096 got 0
2026-02-22T19:38:38.197031Z  WARN ring underrun: needed 4096 got 0
2026-02-22T19:38:38.239702Z  WARN ring underrun: needed 4096 got 0
2026-02-22T19:38:38.282366Z  WARN ring underrun: needed 4096 got 0
2026-02-22T19:38:38.325069Z  WARN ring underrun: needed 4096 got 0
2026-02-22T19:38:38.367709Z  WARN ring underrun: needed 4096 got 0
2026-02-22T19:38:38.410372Z  WARN ring underrun: needed 4096 got 0
2026-02-22T19:38:38.453034Z  WARN ring underrun: needed 4096 got 0
2026-02-22T19:38:38.495728Z  WARN ring underrun: needed 4096 got 0
2026-02-22T19:38:38.497042Z  INFO Listening on /tmp/ace-step.sock
2026-02-22T19:38:38.501401Z  INFO cpal supported: ch=1 rate=1-384000 fmt=U8
2026-02-22T19:38:38.501412Z  INFO cpal supported: ch=2 rate=1-384000 fmt=U8
2026-02-22T19:38:38.501414Z  INFO cpal supported: ch=3 rate=1-384000 fmt=U8
2026-02-22T19:38:38.501416Z  INFO cpal supported: ch=4 rate=1-384000 fmt=U8
2026-02-22T19:38:38.501418Z  INFO cpal supported: ch=5 rate=1-384000 fmt=U8
2026-02-22T19:38:38.501420Z  INFO cpal supported: ch=6 rate=1-384000 fmt=U8
2026-02-22T19:38:38.501422Z  INFO cpal supported: ch=7 rate=1-384000 fmt=U8
2026-02-22T19:38:38.501424Z  INFO cpal supported: ch=8 rate=1-384000 fmt=U8
2026-02-22T19:38:38.501426Z  INFO cpal supported: ch=9 rate=1-384000 fmt=U8
2026-02-22T19:38:38.501428Z  INFO cpal supported: ch=10 rate=1-384000 fmt=U8
2026-02-22T19:38:38.501430Z  INFO cpal supported: ch=11 rate=1-384000 fmt=U8
2026-02-22T19:38:38.501432Z  INFO cpal supported: ch=12 rate=1-384000 fmt=U8
2026-02-22T19:38:38.501434Z  INFO cpal supported: ch=13 rate=1-384000 fmt=U8
2026-02-22T19:38:38.501436Z  INFO cpal supported: ch=14 rate=1-384000 fmt=U8
2026-02-22T19:38:38.501438Z  INFO cpal supported: ch=15 rate=1-384000 fmt=U8
2026-02-22T19:38:38.501440Z  INFO cpal supported: ch=16 rate=1-384000 fmt=U8
2026-02-22T19:38:38.501442Z  INFO cpal supported: ch=17 rate=1-384000 fmt=U8
2026-02-22T19:38:38.501444Z  INFO cpal supported: ch=18 rate=1-384000 fmt=U8
2026-02-22T19:38:38.501446Z  INFO cpal supported: ch=19 rate=1-384000 fmt=U8
2026-02-22T19:38:38.501456Z  INFO cpal supported: ch=20 rate=1-384000 fmt=U8
2026-02-22T19:38:38.501458Z  INFO cpal supported: ch=21 rate=1-384000 fmt=U8
2026-02-22T19:38:38.501460Z  INFO cpal supported: ch=22 rate=1-384000 fmt=U8
2026-02-22T19:38:38.501462Z  INFO cpal supported: ch=23 rate=1-384000 fmt=U8
2026-02-22T19:38:38.501464Z  INFO cpal supported: ch=24 rate=1-384000 fmt=U8
2026-02-22T19:38:38.501466Z  INFO cpal supported: ch=25 rate=1-384000 fmt=U8
2026-02-22T19:38:38.501468Z  INFO cpal supported: ch=26 rate=1-384000 fmt=U8
2026-02-22T19:38:38.501470Z  INFO cpal supported: ch=27 rate=1-384000 fmt=U8
2026-02-22T19:38:38.501472Z  INFO cpal supported: ch=28 rate=1-384000 fmt=U8
2026-02-22T19:38:38.501474Z  INFO cpal supported: ch=29 rate=1-384000 fmt=U8
2026-02-22T19:38:38.501476Z  INFO cpal supported: ch=30 rate=1-384000 fmt=U8
2026-02-22T19:38:38.501478Z  INFO cpal supported: ch=31 rate=1-384000 fmt=U8
2026-02-22T19:38:38.501480Z  INFO cpal supported: ch=32 rate=1-384000 fmt=U8
2026-02-22T19:38:38.501482Z  INFO cpal supported: ch=1 rate=1-384000 fmt=I16
2026-02-22T19:38:38.501484Z  INFO cpal supported: ch=2 rate=1-384000 fmt=I16
2026-02-22T19:38:38.501486Z  INFO cpal supported: ch=3 rate=1-384000 fmt=I16
2026-02-22T19:38:38.501488Z  INFO cpal supported: ch=4 rate=1-384000 fmt=I16
2026-02-22T19:38:38.501490Z  INFO cpal supported: ch=5 rate=1-384000 fmt=I16
2026-02-22T19:38:38.501492Z  INFO cpal supported: ch=6 rate=1-384000 fmt=I16
2026-02-22T19:38:38.501494Z  INFO cpal supported: ch=7 rate=1-384000 fmt=I16
2026-02-22T19:38:38.501496Z  INFO cpal supported: ch=8 rate=1-384000 fmt=I16
2026-02-22T19:38:38.501498Z  INFO cpal supported: ch=9 rate=1-384000 fmt=I16
2026-02-22T19:38:38.501500Z  INFO cpal supported: ch=10 rate=1-384000 fmt=I16
2026-02-22T19:38:38.501502Z  INFO cpal supported: ch=11 rate=1-384000 fmt=I16
2026-02-22T19:38:38.501504Z  INFO cpal supported: ch=12 rate=1-384000 fmt=I16
2026-02-22T19:38:38.501506Z  INFO cpal supported: ch=13 rate=1-384000 fmt=I16
2026-02-22T19:38:38.501508Z  INFO cpal supported: ch=14 rate=1-384000 fmt=I16
2026-02-22T19:38:38.501510Z  INFO cpal supported: ch=15 rate=1-384000 fmt=I16
2026-02-22T19:38:38.501512Z  INFO cpal supported: ch=16 rate=1-384000 fmt=I16
2026-02-22T19:38:38.501513Z  INFO cpal supported: ch=17 rate=1-384000 fmt=I16
2026-02-22T19:38:38.501515Z  INFO cpal supported: ch=18 rate=1-384000 fmt=I16
2026-02-22T19:38:38.501518Z  INFO cpal supported: ch=19 rate=1-384000 fmt=I16
2026-02-22T19:38:38.501520Z  INFO cpal supported: ch=20 rate=1-384000 fmt=I16
2026-02-22T19:38:38.501522Z  INFO cpal supported: ch=21 rate=1-384000 fmt=I16
2026-02-22T19:38:38.501525Z  INFO cpal supported: ch=22 rate=1-384000 fmt=I16
2026-02-22T19:38:38.501527Z  INFO cpal supported: ch=23 rate=1-384000 fmt=I16
2026-02-22T19:38:38.501529Z  INFO cpal supported: ch=24 rate=1-384000 fmt=I16
2026-02-22T19:38:38.501531Z  INFO cpal supported: ch=25 rate=1-384000 fmt=I16
2026-02-22T19:38:38.501533Z  INFO cpal supported: ch=26 rate=1-384000 fmt=I16
2026-02-22T19:38:38.501535Z  INFO cpal supported: ch=27 rate=1-384000 fmt=I16
2026-02-22T19:38:38.501537Z  INFO cpal supported: ch=28 rate=1-384000 fmt=I16
2026-02-22T19:38:38.501539Z  INFO cpal supported: ch=29 rate=1-384000 fmt=I16
2026-02-22T19:38:38.501541Z  INFO cpal supported: ch=30 rate=1-384000 fmt=I16
2026-02-22T19:38:38.501543Z  INFO cpal supported: ch=31 rate=1-384000 fmt=I16
2026-02-22T19:38:38.501545Z  INFO cpal supported: ch=32 rate=1-384000 fmt=I16
2026-02-22T19:38:38.501547Z  INFO cpal supported: ch=1 rate=1-384000 fmt=I32
2026-02-22T19:38:38.501549Z  INFO cpal supported: ch=2 rate=1-384000 fmt=I32
2026-02-22T19:38:38.501551Z  INFO cpal supported: ch=3 rate=1-384000 fmt=I32
2026-02-22T19:38:38.501553Z  INFO cpal supported: ch=4 rate=1-384000 fmt=I32
2026-02-22T19:38:38.501555Z  INFO cpal supported: ch=5 rate=1-384000 fmt=I32
2026-02-22T19:38:38.501557Z  INFO cpal supported: ch=6 rate=1-384000 fmt=I32
2026-02-22T19:38:38.501559Z  INFO cpal supported: ch=7 rate=1-384000 fmt=I32
2026-02-22T19:38:38.501560Z  INFO cpal supported: ch=8 rate=1-384000 fmt=I32
2026-02-22T19:38:38.501565Z  INFO cpal supported: ch=9 rate=1-384000 fmt=I32
2026-02-22T19:38:38.501567Z  INFO cpal supported: ch=10 rate=1-384000 fmt=I32
2026-02-22T19:38:38.501576Z  INFO cpal supported: ch=11 rate=1-384000 fmt=I32
2026-02-22T19:38:38.501579Z  INFO cpal supported: ch=12 rate=1-384000 fmt=I32
2026-02-22T19:38:38.501581Z  INFO cpal supported: ch=13 rate=1-384000 fmt=I32
2026-02-22T19:38:38.501584Z  INFO cpal supported: ch=14 rate=1-384000 fmt=I32
2026-02-22T19:38:38.501586Z  INFO cpal supported: ch=15 rate=1-384000 fmt=I32
2026-02-22T19:38:38.501589Z  INFO cpal supported: ch=16 rate=1-384000 fmt=I32
2026-02-22T19:38:38.501591Z  INFO cpal supported: ch=17 rate=1-384000 fmt=I32
2026-02-22T19:38:38.501594Z  INFO cpal supported: ch=18 rate=1-384000 fmt=I32
2026-02-22T19:38:38.501596Z  INFO cpal supported: ch=19 rate=1-384000 fmt=I32
2026-02-22T19:38:38.501598Z  INFO cpal supported: ch=20 rate=1-384000 fmt=I32
2026-02-22T19:38:38.501600Z  INFO cpal supported: ch=21 rate=1-384000 fmt=I32
2026-02-22T19:38:38.501602Z  INFO cpal supported: ch=22 rate=1-384000 fmt=I32
2026-02-22T19:38:38.501604Z  INFO cpal supported: ch=23 rate=1-384000 fmt=I32
2026-02-22T19:38:38.501605Z  INFO cpal supported: ch=24 rate=1-384000 fmt=I32
2026-02-22T19:38:38.501607Z  INFO cpal supported: ch=25 rate=1-384000 fmt=I32
2026-02-22T19:38:38.501609Z  INFO cpal supported: ch=26 rate=1-384000 fmt=I32
2026-02-22T19:38:38.501611Z  INFO cpal supported: ch=27 rate=1-384000 fmt=I32
2026-02-22T19:38:38.501613Z  INFO cpal supported: ch=28 rate=1-384000 fmt=I32
2026-02-22T19:38:38.501615Z  INFO cpal supported: ch=29 rate=1-384000 fmt=I32
2026-02-22T19:38:38.501617Z  INFO cpal supported: ch=30 rate=1-384000 fmt=I32
2026-02-22T19:38:38.501619Z  INFO cpal supported: ch=31 rate=1-384000 fmt=I32
2026-02-22T19:38:38.501621Z  INFO cpal supported: ch=32 rate=1-384000 fmt=I32
2026-02-22T19:38:38.501623Z  INFO cpal supported: ch=1 rate=1-384000 fmt=F32
2026-02-22T19:38:38.501625Z  INFO cpal supported: ch=2 rate=1-384000 fmt=F32
2026-02-22T19:38:38.501627Z  INFO cpal supported: ch=3 rate=1-384000 fmt=F32
2026-02-22T19:38:38.501629Z  INFO cpal supported: ch=4 rate=1-384000 fmt=F32
2026-02-22T19:38:38.501631Z  INFO cpal supported: ch=5 rate=1-384000 fmt=F32
2026-02-22T19:38:38.501633Z  INFO cpal supported: ch=6 rate=1-384000 fmt=F32
2026-02-22T19:38:38.501634Z  INFO cpal supported: ch=7 rate=1-384000 fmt=F32
2026-02-22T19:38:38.501636Z  INFO cpal supported: ch=8 rate=1-384000 fmt=F32
2026-02-22T19:38:38.501638Z  INFO cpal supported: ch=9 rate=1-384000 fmt=F32
2026-02-22T19:38:38.501640Z  INFO cpal supported: ch=10 rate=1-384000 fmt=F32
2026-02-22T19:38:38.501642Z  INFO cpal supported: ch=11 rate=1-384000 fmt=F32
2026-02-22T19:38:38.501644Z  INFO cpal supported: ch=12 rate=1-384000 fmt=F32
2026-02-22T19:38:38.501646Z  INFO cpal supported: ch=13 rate=1-384000 fmt=F32
2026-02-22T19:38:38.501648Z  INFO cpal supported: ch=14 rate=1-384000 fmt=F32
2026-02-22T19:38:38.501650Z  INFO cpal supported: ch=15 rate=1-384000 fmt=F32
2026-02-22T19:38:38.501652Z  INFO cpal supported: ch=16 rate=1-384000 fmt=F32
2026-02-22T19:38:38.501654Z  INFO cpal supported: ch=17 rate=1-384000 fmt=F32
2026-02-22T19:38:38.501656Z  INFO cpal supported: ch=18 rate=1-384000 fmt=F32
2026-02-22T19:38:38.501658Z  INFO cpal supported: ch=19 rate=1-384000 fmt=F32
2026-02-22T19:38:38.501660Z  INFO cpal supported: ch=20 rate=1-384000 fmt=F32
2026-02-22T19:38:38.501662Z  INFO cpal supported: ch=21 rate=1-384000 fmt=F32
2026-02-22T19:38:38.501664Z  INFO cpal supported: ch=22 rate=1-384000 fmt=F32
2026-02-22T19:38:38.501666Z  INFO cpal supported: ch=23 rate=1-384000 fmt=F32
2026-02-22T19:38:38.501667Z  INFO cpal supported: ch=24 rate=1-384000 fmt=F32
2026-02-22T19:38:38.501669Z  INFO cpal supported: ch=25 rate=1-384000 fmt=F32
2026-02-22T19:38:38.501671Z  INFO cpal supported: ch=26 rate=1-384000 fmt=F32
2026-02-22T19:38:38.501673Z  INFO cpal supported: ch=27 rate=1-384000 fmt=F32
2026-02-22T19:38:38.501675Z  INFO cpal supported: ch=28 rate=1-384000 fmt=F32
2026-02-22T19:38:38.501677Z  INFO cpal supported: ch=29 rate=1-384000 fmt=F32
2026-02-22T19:38:38.501683Z  INFO cpal supported: ch=30 rate=1-384000 fmt=F32
2026-02-22T19:38:38.501686Z  INFO cpal supported: ch=31 rate=1-384000 fmt=F32
2026-02-22T19:38:38.501688Z  INFO cpal supported: ch=32 rate=1-384000 fmt=F32
2026-02-22T19:38:38.501691Z  INFO cpal opening: device="default" ch=2 rate=48000
2026-02-22T19:38:38.517089Z  WARN ring underrun: needed 9600 got 0
2026-02-22T19:38:38.538389Z  WARN ring underrun: needed 4096 got 0
2026-02-22T19:38:38.559772Z  WARN ring underrun: needed 4096 got 0
2026-02-22T19:38:38.581057Z  WARN ring underrun: needed 4096 got 0
2026-02-22T19:38:38.602378Z  WARN ring underrun: needed 4096 got 0
2026-02-22T19:38:38.623707Z  WARN ring underrun: needed 4096 got 0
2026-02-22T19:38:38.645038Z  WARN ring underrun: needed 4096 got 0
2026-02-22T19:38:38.666372Z  WARN ring underrun: needed 4096 got 0
2026-02-22T19:38:38.687709Z  WARN ring underrun: needed 4096 got 0
2026-02-22T19:38:38.709084Z  WARN ring underrun: needed 4096 got 0
2026-02-22T19:38:38.730390Z  WARN ring underrun: needed 4096 got 0
2026-02-22T19:38:38.751704Z  WARN ring underrun: needed 4096 got 0
2026-02-22T19:38:38.754857Z  INFO Downloading ACE-Step v1.5 models from HuggingFace...
2026-02-22T19:38:38.754969Z  INFO All models downloaded successfully
2026-02-22T19:38:38.755366Z  INFO Loading tokenizer...
2026-02-22T19:38:38.773037Z  WARN ring underrun: needed 4096 got 0
2026-02-22T19:38:38.794377Z  WARN ring underrun: needed 4096 got 0
2026-02-22T19:38:38.815711Z  WARN ring underrun: needed 4096 got 0
2026-02-22T19:38:38.837046Z  WARN ring underrun: needed 4096 got 0
2026-02-22T19:38:38.858396Z  WARN ring underrun: needed 4096 got 0
2026-02-22T19:38:38.879703Z  WARN ring underrun: needed 4096 got 0
2026-02-22T19:38:38.901046Z  WARN ring underrun: needed 4096 got 0
2026-02-22T19:38:38.922374Z  WARN ring underrun: needed 4096 got 0
2026-02-22T19:38:38.943783Z  WARN ring underrun: needed 4096 got 0
2026-02-22T19:38:38.965037Z  WARN ring underrun: needed 4096 got 0
2026-02-22T19:38:38.986402Z  WARN ring underrun: needed 4096 got 0
2026-02-22T19:38:39.007748Z  WARN ring underrun: needed 4096 got 0
2026-02-22T19:38:39.029053Z  WARN ring underrun: needed 4096 got 0
2026-02-22T19:38:39.050373Z  WARN ring underrun: needed 4096 got 0
2026-02-22T19:38:39.071724Z  WARN ring underrun: needed 4096 got 0
2026-02-22T19:38:39.093053Z  WARN ring underrun: needed 4096 got 0
2026-02-22T19:38:39.114374Z  WARN ring underrun: needed 4096 got 0
2026-02-22T19:38:39.135713Z  WARN ring underrun: needed 4096 got 0
2026-02-22T19:38:39.150064Z  INFO Loading Qwen3 text encoder...
2026-02-22T19:38:39.157047Z  WARN ring underrun: needed 4096 got 0
2026-02-22T19:38:39.178379Z  WARN ring underrun: needed 4096 got 0
2026-02-22T19:38:39.199720Z  WARN ring underrun: needed 4096 got 0
2026-02-22T19:38:39.221045Z  WARN ring underrun: needed 4096 got 0
2026-02-22T19:38:39.242378Z  WARN ring underrun: needed 4096 got 0
2026-02-22T19:38:39.263713Z  WARN ring underrun: needed 4096 got 0
2026-02-22T19:38:39.285046Z  WARN ring underrun: needed 4096 got 0
2026-02-22T19:38:39.306382Z  WARN ring underrun: needed 4096 got 0
2026-02-22T19:38:39.327810Z  WARN ring underrun: needed 4096 got 0
2026-02-22T19:38:39.349075Z  WARN ring underrun: needed 4096 got 0
2026-02-22T19:38:39.370388Z  WARN ring underrun: needed 4096 got 0
2026-02-22T19:38:39.391718Z  WARN ring underrun: needed 4096 got 0
2026-02-22T19:38:39.413051Z  WARN ring underrun: needed 4096 got 0
2026-02-22T19:38:39.434384Z  WARN ring underrun: needed 4096 got 0
2026-02-22T19:38:39.455711Z  WARN ring underrun: needed 4096 got 0
2026-02-22T19:38:39.477044Z  WARN ring underrun: needed 4096 got 0
2026-02-22T19:38:39.498411Z  WARN ring underrun: needed 4096 got 0
2026-02-22T19:38:39.519741Z  WARN ring underrun: needed 4096 got 0
2026-02-22T19:38:39.541050Z  WARN ring underrun: needed 4096 got 0
2026-02-22T19:38:39.562400Z  WARN ring underrun: needed 4096 got 0
2026-02-22T19:38:39.583730Z  WARN ring underrun: needed 4096 got 0
2026-02-22T19:38:39.605055Z  WARN ring underrun: needed 4096 got 0
2026-02-22T19:38:39.626391Z  WARN ring underrun: needed 4096 got 0
2026-02-22T19:38:39.647724Z  WARN ring underrun: needed 4096 got 0
2026-02-22T19:38:39.669057Z  WARN ring underrun: needed 4096 got 0
2026-02-22T19:38:39.690389Z  WARN ring underrun: needed 4096 got 0
2026-02-22T19:38:39.711719Z  WARN ring underrun: needed 4096 got 0
2026-02-22T19:38:39.733055Z  WARN ring underrun: needed 4096 got 0
2026-02-22T19:38:39.754421Z  WARN ring underrun: needed 4096 got 0
2026-02-22T19:38:39.775721Z  WARN ring underrun: needed 4096 got 0
2026-02-22T19:38:39.797065Z  WARN ring underrun: needed 4096 got 0
2026-02-22T19:38:39.818408Z  WARN ring underrun: needed 4096 got 0
2026-02-22T19:38:39.823857Z  INFO Loading DiT generation model...
2026-02-22T19:38:39.839735Z  WARN ring underrun: needed 4096 got 0
2026-02-22T19:38:39.861058Z  WARN ring underrun: needed 4096 got 0
2026-02-22T19:38:39.882393Z  WARN ring underrun: needed 4096 got 0
2026-02-22T19:38:39.903729Z  WARN ring underrun: needed 4096 got 0
2026-02-22T19:38:39.925062Z  WARN ring underrun: needed 4096 got 0
2026-02-22T19:38:39.946391Z  WARN ring underrun: needed 4096 got 0
2026-02-22T19:38:39.967825Z  WARN ring underrun: needed 4096 got 0
2026-02-22T19:38:39.989065Z  WARN ring underrun: needed 4096 got 0
2026-02-22T19:38:40.010427Z  WARN ring underrun: needed 4096 got 0
2026-02-22T19:38:40.031756Z  WARN ring underrun: needed 4096 got 0
2026-02-22T19:38:40.053081Z  WARN ring underrun: needed 4096 got 0
2026-02-22T19:38:40.074414Z  WARN ring underrun: needed 4096 got 0
2026-02-22T19:38:40.117065Z  WARN ring underrun: needed 4096 got 0
2026-02-22T19:38:40.159728Z  WARN ring underrun: needed 4096 got 0
2026-02-22T19:38:40.202389Z  WARN ring underrun: needed 4096 got 0
2026-02-22T19:38:40.245068Z  WARN ring underrun: needed 4096 got 0
2026-02-22T19:38:40.287730Z  WARN ring underrun: needed 4096 got 0
2026-02-22T19:38:40.330402Z  WARN ring underrun: needed 4096 got 0
2026-02-22T19:38:40.373061Z  WARN ring underrun: needed 4096 got 0
2026-02-22T19:38:40.415732Z  WARN ring underrun: needed 4096 got 0
2026-02-22T19:38:40.458391Z  WARN ring underrun: needed 4096 got 0
2026-02-22T19:38:40.501065Z  WARN ring underrun: needed 4096 got 0
2026-02-22T19:38:40.543732Z  WARN ring underrun: needed 4096 got 0
2026-02-22T19:38:40.586397Z  WARN ring underrun: needed 4096 got 0
2026-02-22T19:38:40.629068Z  WARN ring underrun: needed 4096 got 0
2026-02-22T19:38:40.671734Z  WARN ring underrun: needed 4096 got 0
2026-02-22T19:38:40.714412Z  WARN ring underrun: needed 4096 got 0
2026-02-22T19:38:40.757079Z  WARN ring underrun: needed 4096 got 0
2026-02-22T19:38:40.799744Z  WARN ring underrun: needed 4096 got 0
2026-02-22T19:38:40.842417Z  WARN ring underrun: needed 4096 got 0
2026-02-22T19:38:40.885082Z  WARN ring underrun: needed 4096 got 0
2026-02-22T19:38:40.927753Z  WARN ring underrun: needed 4096 got 0
2026-02-22T19:38:40.970413Z  WARN ring underrun: needed 4096 got 0
2026-02-22T19:38:41.013086Z  WARN ring underrun: needed 4096 got 0
2026-02-22T19:38:41.055752Z  WARN ring underrun: needed 4096 got 0
2026-02-22T19:38:41.098424Z  WARN ring underrun: needed 4096 got 0
2026-02-22T19:38:41.141087Z  WARN ring underrun: needed 4096 got 0
2026-02-22T19:38:41.183752Z  WARN ring underrun: needed 4096 got 0
2026-02-22T19:38:41.226423Z  WARN ring underrun: needed 4096 got 0
2026-02-22T19:38:41.269088Z  WARN ring underrun: needed 4096 got 0
2026-02-22T19:38:41.311770Z  WARN ring underrun: needed 4096 got 0
2026-02-22T19:38:41.354427Z  WARN ring underrun: needed 4096 got 0
2026-02-22T19:38:41.397089Z  WARN ring underrun: needed 4096 got 0
2026-02-22T19:38:41.439756Z  WARN ring underrun: needed 4096 got 0
2026-02-22T19:38:41.482422Z  WARN ring underrun: needed 4096 got 0
2026-02-22T19:38:41.525095Z  WARN ring underrun: needed 4096 got 0
2026-02-22T19:38:41.567767Z  WARN ring underrun: needed 4096 got 0
2026-02-22T19:38:41.610426Z  WARN ring underrun: needed 4096 got 0
2026-02-22T19:38:41.653096Z  WARN ring underrun: needed 4096 got 0
2026-02-22T19:38:41.695766Z  WARN ring underrun: needed 4096 got 0
2026-02-22T19:38:41.738470Z  WARN ring underrun: needed 4096 got 0
2026-02-22T19:38:41.781183Z  WARN ring underrun: needed 4096 got 0
2026-02-22T19:38:41.823774Z  WARN ring underrun: needed 4096 got 0
2026-02-22T19:38:41.866433Z  WARN ring underrun: needed 4096 got 0
2026-02-22T19:38:41.909097Z  WARN ring underrun: needed 4096 got 0
2026-02-22T19:38:41.951764Z  WARN ring underrun: needed 4096 got 0
2026-02-22T19:38:41.994430Z  WARN ring underrun: needed 4096 got 0
2026-02-22T19:38:42.037101Z  WARN ring underrun: needed 4096 got 0
2026-02-22T19:38:42.079774Z  WARN ring underrun: needed 4096 got 0
2026-02-22T19:38:42.122432Z  WARN ring underrun: needed 4096 got 0
2026-02-22T19:38:42.165100Z  WARN ring underrun: needed 4096 got 0
2026-02-22T19:38:42.207765Z  WARN ring underrun: needed 4096 got 0
2026-02-22T19:38:42.250434Z  WARN ring underrun: needed 4096 got 0
2026-02-22T19:38:42.293090Z  WARN ring underrun: needed 4096 got 0
2026-02-22T19:38:42.335773Z  WARN ring underrun: needed 4096 got 0
2026-02-22T19:38:42.378436Z  WARN ring underrun: needed 4096 got 0
2026-02-22T19:38:42.421103Z  WARN ring underrun: needed 4096 got 0
2026-02-22T19:38:42.463769Z  WARN ring underrun: needed 4096 got 0
2026-02-22T19:38:42.506436Z  WARN ring underrun: needed 4096 got 0
2026-02-22T19:38:42.549105Z  WARN ring underrun: needed 4096 got 0
2026-02-22T19:38:42.591774Z  WARN ring underrun: needed 4096 got 0
2026-02-22T19:38:42.634438Z  WARN ring underrun: needed 4096 got 0
2026-02-22T19:38:42.677125Z  WARN ring underrun: needed 4096 got 0
2026-02-22T19:38:42.719786Z  WARN ring underrun: needed 4096 got 0
2026-02-22T19:38:42.762636Z  WARN ring underrun: needed 4096 got 0
2026-02-22T19:38:42.805107Z  WARN ring underrun: needed 4096 got 0
2026-02-22T19:38:42.847767Z  WARN ring underrun: needed 4096 got 0
2026-02-22T19:38:42.890435Z  WARN ring underrun: needed 4096 got 0
2026-02-22T19:38:42.933101Z  WARN ring underrun: needed 4096 got 0
2026-02-22T19:38:42.975768Z  WARN ring underrun: needed 4096 got 0
2026-02-22T19:38:43.018434Z  WARN ring underrun: needed 4096 got 0
2026-02-22T19:38:43.061106Z  WARN ring underrun: needed 4096 got 0
2026-02-22T19:38:43.103783Z  WARN ring underrun: needed 4096 got 0
2026-02-22T19:38:43.146442Z  WARN ring underrun: needed 4096 got 0
2026-02-22T19:38:43.189106Z  WARN ring underrun: needed 4096 got 0
2026-02-22T19:38:43.231791Z  WARN ring underrun: needed 4096 got 0
2026-02-22T19:38:43.274466Z  WARN ring underrun: needed 4096 got 0
2026-02-22T19:38:43.317142Z  WARN ring underrun: needed 4096 got 0
2026-02-22T19:38:43.359780Z  WARN ring underrun: needed 4096 got 0
2026-02-22T19:38:43.402446Z  WARN ring underrun: needed 4096 got 0
2026-02-22T19:38:43.445117Z  WARN ring underrun: needed 4096 got 0
2026-02-22T19:38:43.487781Z  WARN ring underrun: needed 4096 got 0
2026-02-22T19:38:43.530456Z  WARN ring underrun: needed 4096 got 0
2026-02-22T19:38:43.573127Z  WARN ring underrun: needed 4096 got 0
2026-02-22T19:38:43.615787Z  WARN ring underrun: needed 4096 got 0
2026-02-22T19:38:43.658448Z  WARN ring underrun: needed 4096 got 0
2026-02-22T19:38:43.701122Z  WARN ring underrun: needed 4096 got 0
2026-02-22T19:38:43.743785Z  WARN ring underrun: needed 4096 got 0
2026-02-22T19:38:43.786448Z  WARN ring underrun: needed 4096 got 0
2026-02-22T19:38:43.829125Z  WARN ring underrun: needed 4096 got 0
2026-02-22T19:38:43.871786Z  WARN ring underrun: needed 4096 got 0
2026-02-22T19:38:43.914457Z  WARN ring underrun: needed 4096 got 0
2026-02-22T19:38:43.957125Z  WARN ring underrun: needed 4096 got 0
2026-02-22T19:38:43.999792Z  WARN ring underrun: needed 4096 got 0
2026-02-22T19:38:44.042462Z  WARN ring underrun: needed 4096 got 0
2026-02-22T19:38:44.085127Z  WARN ring underrun: needed 4096 got 0
2026-02-22T19:38:44.127791Z  WARN ring underrun: needed 4096 got 0
2026-02-22T19:38:44.170456Z  WARN ring underrun: needed 4096 got 0
2026-02-22T19:38:44.213121Z  WARN ring underrun: needed 4096 got 0
2026-02-22T19:38:44.214073Z  INFO Diffusion (8 ODE steps): 7.28s
2026-02-22T19:38:44.255790Z  WARN ring underrun: needed 4096 got 0
2026-02-22T19:38:44.298463Z  WARN ring underrun: needed 4096 got 0
2026-02-22T19:38:44.341132Z  WARN ring underrun: needed 4096 got 0
2026-02-22T19:38:44.383796Z  WARN ring underrun: needed 4096 got 0
2026-02-22T19:38:44.426464Z  WARN ring underrun: needed 4096 got 0
2026-02-22T19:38:44.469125Z  WARN ring underrun: needed 4096 got 0
2026-02-22T19:38:44.511791Z  WARN ring underrun: needed 4096 got 0
2026-02-22T19:38:44.554467Z  WARN ring underrun: needed 4096 got 0
2026-02-22T19:38:44.597135Z  WARN ring underrun: needed 4096 got 0
2026-02-22T19:38:44.639801Z  WARN ring underrun: needed 4096 got 0
2026-02-22T19:38:44.682466Z  WARN ring underrun: needed 4096 got 0
2026-02-22T19:38:44.725136Z  WARN ring underrun: needed 4096 got 0
2026-02-22T19:38:44.767804Z  WARN ring underrun: needed 4096 got 0
2026-02-22T19:38:44.810471Z  WARN ring underrun: needed 4096 got 0
2026-02-22T19:38:44.853136Z  WARN ring underrun: needed 4096 got 0
2026-02-22T19:38:44.895816Z  WARN ring underrun: needed 4096 got 0
2026-02-22T19:38:44.938484Z  WARN ring underrun: needed 4096 got 0
2026-02-22T19:38:44.981162Z  WARN ring underrun: needed 4096 got 0
2026-02-22T19:38:45.023844Z  WARN ring underrun: needed 4096 got 0
2026-02-22T19:38:45.066491Z  WARN ring underrun: needed 4096 got 0
2026-02-22T19:38:45.109153Z  WARN ring underrun: needed 4096 got 0
2026-02-22T19:38:45.151818Z  WARN ring underrun: needed 4096 got 0
2026-02-22T19:38:45.194488Z  WARN ring underrun: needed 4096 got 0
2026-02-22T19:38:45.237158Z  WARN ring underrun: needed 4096 got 0
2026-02-22T19:38:45.279820Z  WARN ring underrun: needed 4096 got 0
2026-02-22T19:38:45.322502Z  WARN ring underrun: needed 4096 got 0
2026-02-22T19:38:45.365161Z  WARN ring underrun: needed 4096 got 0
2026-02-22T19:38:45.407825Z  WARN ring underrun: needed 4096 got 0
2026-02-22T19:38:45.450491Z  WARN ring underrun: needed 4096 got 0
2026-02-22T19:38:45.493159Z  WARN ring underrun: needed 4096 got 0
2026-02-22T19:38:45.535832Z  WARN ring underrun: needed 4096 got 0
2026-02-22T19:38:45.578496Z  WARN ring underrun: needed 4096 got 0
2026-02-22T19:38:45.621162Z  WARN ring underrun: needed 4096 got 0
2026-02-22T19:38:45.663830Z  WARN ring underrun: needed 4096 got 0
2026-02-22T19:38:45.706496Z  WARN ring underrun: needed 4096 got 0
2026-02-22T19:38:45.749176Z  WARN ring underrun: needed 4096 got 0
2026-02-22T19:38:45.791836Z  WARN ring underrun: needed 4096 got 0
2026-02-22T19:38:45.834504Z  WARN ring underrun: needed 4096 got 0
2026-02-22T19:38:45.877162Z  WARN ring underrun: needed 4096 got 0
2026-02-22T19:38:45.919835Z  WARN ring underrun: needed 4096 got 0
2026-02-22T19:38:45.962495Z  WARN ring underrun: needed 4096 got 0
2026-02-22T19:38:46.005170Z  WARN ring underrun: needed 4096 got 0
2026-02-22T19:38:46.047834Z  WARN ring underrun: needed 4096 got 0
2026-02-22T19:38:46.090511Z  WARN ring underrun: needed 4096 got 0
2026-02-22T19:38:46.133172Z  WARN ring underrun: needed 4096 got 0
2026-02-22T19:38:46.175833Z  WARN ring underrun: needed 4096 got 0
2026-02-22T19:38:46.218505Z  WARN ring underrun: needed 4096 got 0
2026-02-22T19:38:46.261157Z  WARN ring underrun: needed 4096 got 0
2026-02-22T19:38:46.303842Z  WARN ring underrun: needed 4096 got 0
2026-02-22T19:38:46.346494Z  WARN ring underrun: needed 4096 got 0
2026-02-22T19:38:46.389181Z  WARN ring underrun: needed 4096 got 0
2026-02-22T19:38:46.395131Z  INFO Listening on /tmp/ace-step.sock
2026-02-22T19:38:46.399557Z  INFO cpal supported: ch=1 rate=1-384000 fmt=U8
2026-02-22T19:38:46.399581Z  INFO cpal supported: ch=2 rate=1-384000 fmt=U8
2026-02-22T19:38:46.399585Z  INFO cpal supported: ch=3 rate=1-384000 fmt=U8
2026-02-22T19:38:46.399587Z  INFO cpal supported: ch=4 rate=1-384000 fmt=U8
2026-02-22T19:38:46.399589Z  INFO cpal supported: ch=5 rate=1-384000 fmt=U8
2026-02-22T19:38:46.399591Z  INFO cpal supported: ch=6 rate=1-384000 fmt=U8
2026-02-22T19:38:46.399593Z  INFO cpal supported: ch=7 rate=1-384000 fmt=U8
2026-02-22T19:38:46.399595Z  INFO cpal supported: ch=8 rate=1-384000 fmt=U8
2026-02-22T19:38:46.399597Z  INFO cpal supported: ch=9 rate=1-384000 fmt=U8
2026-02-22T19:38:46.399608Z  INFO cpal supported: ch=10 rate=1-384000 fmt=U8
2026-02-22T19:38:46.399610Z  INFO cpal supported: ch=11 rate=1-384000 fmt=U8
2026-02-22T19:38:46.399612Z  INFO cpal supported: ch=12 rate=1-384000 fmt=U8
2026-02-22T19:38:46.399614Z  INFO cpal supported: ch=13 rate=1-384000 fmt=U8
2026-02-22T19:38:46.399616Z  INFO cpal supported: ch=14 rate=1-384000 fmt=U8
2026-02-22T19:38:46.399618Z  INFO cpal supported: ch=15 rate=1-384000 fmt=U8
2026-02-22T19:38:46.399620Z  INFO cpal supported: ch=16 rate=1-384000 fmt=U8
2026-02-22T19:38:46.399622Z  INFO cpal supported: ch=17 rate=1-384000 fmt=U8
2026-02-22T19:38:46.399624Z  INFO cpal supported: ch=18 rate=1-384000 fmt=U8
2026-02-22T19:38:46.399626Z  INFO cpal supported: ch=19 rate=1-384000 fmt=U8
2026-02-22T19:38:46.399628Z  INFO cpal supported: ch=20 rate=1-384000 fmt=U8
2026-02-22T19:38:46.399630Z  INFO cpal supported: ch=21 rate=1-384000 fmt=U8
2026-02-22T19:38:46.399632Z  INFO cpal supported: ch=22 rate=1-384000 fmt=U8
2026-02-22T19:38:46.399634Z  INFO cpal supported: ch=23 rate=1-384000 fmt=U8
2026-02-22T19:38:46.399636Z  INFO cpal supported: ch=24 rate=1-384000 fmt=U8
2026-02-22T19:38:46.399638Z  INFO cpal supported: ch=25 rate=1-384000 fmt=U8
2026-02-22T19:38:46.399639Z  INFO cpal supported: ch=26 rate=1-384000 fmt=U8
2026-02-22T19:38:46.399641Z  INFO cpal supported: ch=27 rate=1-384000 fmt=U8
2026-02-22T19:38:46.399643Z  INFO cpal supported: ch=28 rate=1-384000 fmt=U8
2026-02-22T19:38:46.399645Z  INFO cpal supported: ch=29 rate=1-384000 fmt=U8
2026-02-22T19:38:46.399647Z  INFO cpal supported: ch=30 rate=1-384000 fmt=U8
2026-02-22T19:38:46.399649Z  INFO cpal supported: ch=31 rate=1-384000 fmt=U8
2026-02-22T19:38:46.399651Z  INFO cpal supported: ch=32 rate=1-384000 fmt=U8
2026-02-22T19:38:46.399653Z  INFO cpal supported: ch=1 rate=1-384000 fmt=I16
2026-02-22T19:38:46.399655Z  INFO cpal supported: ch=2 rate=1-384000 fmt=I16
2026-02-22T19:38:46.399657Z  INFO cpal supported: ch=3 rate=1-384000 fmt=I16
2026-02-22T19:38:46.399659Z  INFO cpal supported: ch=4 rate=1-384000 fmt=I16
2026-02-22T19:38:46.399661Z  INFO cpal supported: ch=5 rate=1-384000 fmt=I16
2026-02-22T19:38:46.399663Z  INFO cpal supported: ch=6 rate=1-384000 fmt=I16
2026-02-22T19:38:46.399665Z  INFO cpal supported: ch=7 rate=1-384000 fmt=I16
2026-02-22T19:38:46.399667Z  INFO cpal supported: ch=8 rate=1-384000 fmt=I16
2026-02-22T19:38:46.399669Z  INFO cpal supported: ch=9 rate=1-384000 fmt=I16
2026-02-22T19:38:46.399671Z  INFO cpal supported: ch=10 rate=1-384000 fmt=I16
2026-02-22T19:38:46.399673Z  INFO cpal supported: ch=11 rate=1-384000 fmt=I16
2026-02-22T19:38:46.399675Z  INFO cpal supported: ch=12 rate=1-384000 fmt=I16
2026-02-22T19:38:46.399677Z  INFO cpal supported: ch=13 rate=1-384000 fmt=I16
2026-02-22T19:38:46.399679Z  INFO cpal supported: ch=14 rate=1-384000 fmt=I16
2026-02-22T19:38:46.399681Z  INFO cpal supported: ch=15 rate=1-384000 fmt=I16
2026-02-22T19:38:46.399683Z  INFO cpal supported: ch=16 rate=1-384000 fmt=I16
2026-02-22T19:38:46.399685Z  INFO cpal supported: ch=17 rate=1-384000 fmt=I16
2026-02-22T19:38:46.399686Z  INFO cpal supported: ch=18 rate=1-384000 fmt=I16
2026-02-22T19:38:46.399688Z  INFO cpal supported: ch=19 rate=1-384000 fmt=I16
2026-02-22T19:38:46.399690Z  INFO cpal supported: ch=20 rate=1-384000 fmt=I16
2026-02-22T19:38:46.399692Z  INFO cpal supported: ch=21 rate=1-384000 fmt=I16
2026-02-22T19:38:46.399694Z  INFO cpal supported: ch=22 rate=1-384000 fmt=I16
2026-02-22T19:38:46.399696Z  INFO cpal supported: ch=23 rate=1-384000 fmt=I16
2026-02-22T19:38:46.399698Z  INFO cpal supported: ch=24 rate=1-384000 fmt=I16
2026-02-22T19:38:46.399700Z  INFO cpal supported: ch=25 rate=1-384000 fmt=I16
2026-02-22T19:38:46.399702Z  INFO cpal supported: ch=26 rate=1-384000 fmt=I16
2026-02-22T19:38:46.399704Z  INFO cpal supported: ch=27 rate=1-384000 fmt=I16
2026-02-22T19:38:46.399706Z  INFO cpal supported: ch=28 rate=1-384000 fmt=I16
2026-02-22T19:38:46.399708Z  INFO cpal supported: ch=29 rate=1-384000 fmt=I16
2026-02-22T19:38:46.399710Z  INFO cpal supported: ch=30 rate=1-384000 fmt=I16
2026-02-22T19:38:46.399715Z  INFO cpal supported: ch=31 rate=1-384000 fmt=I16
2026-02-22T19:38:46.399717Z  INFO cpal supported: ch=32 rate=1-384000 fmt=I16
2026-02-22T19:38:46.399719Z  INFO cpal supported: ch=1 rate=1-384000 fmt=I32
2026-02-22T19:38:46.399721Z  INFO cpal supported: ch=2 rate=1-384000 fmt=I32
2026-02-22T19:38:46.399723Z  INFO cpal supported: ch=3 rate=1-384000 fmt=I32
2026-02-22T19:38:46.399725Z  INFO cpal supported: ch=4 rate=1-384000 fmt=I32
2026-02-22T19:38:46.399727Z  INFO cpal supported: ch=5 rate=1-384000 fmt=I32
2026-02-22T19:38:46.399729Z  INFO cpal supported: ch=6 rate=1-384000 fmt=I32
2026-02-22T19:38:46.399731Z  INFO cpal supported: ch=7 rate=1-384000 fmt=I32
2026-02-22T19:38:46.399733Z  INFO cpal supported: ch=8 rate=1-384000 fmt=I32
2026-02-22T19:38:46.399734Z  INFO cpal supported: ch=9 rate=1-384000 fmt=I32
2026-02-22T19:38:46.399736Z  INFO cpal supported: ch=10 rate=1-384000 fmt=I32
2026-02-22T19:38:46.399738Z  INFO cpal supported: ch=11 rate=1-384000 fmt=I32
2026-02-22T19:38:46.399740Z  INFO cpal supported: ch=12 rate=1-384000 fmt=I32
2026-02-22T19:38:46.399742Z  INFO cpal supported: ch=13 rate=1-384000 fmt=I32
2026-02-22T19:38:46.399744Z  INFO cpal supported: ch=14 rate=1-384000 fmt=I32
2026-02-22T19:38:46.399746Z  INFO cpal supported: ch=15 rate=1-384000 fmt=I32
2026-02-22T19:38:46.399748Z  INFO cpal supported: ch=16 rate=1-384000 fmt=I32
2026-02-22T19:38:46.399750Z  INFO cpal supported: ch=17 rate=1-384000 fmt=I32
2026-02-22T19:38:46.399752Z  INFO cpal supported: ch=18 rate=1-384000 fmt=I32
2026-02-22T19:38:46.399754Z  INFO cpal supported: ch=19 rate=1-384000 fmt=I32
2026-02-22T19:38:46.399756Z  INFO cpal supported: ch=20 rate=1-384000 fmt=I32
2026-02-22T19:38:46.399758Z  INFO cpal supported: ch=21 rate=1-384000 fmt=I32
2026-02-22T19:38:46.399760Z  INFO cpal supported: ch=22 rate=1-384000 fmt=I32
2026-02-22T19:38:46.399762Z  INFO cpal supported: ch=23 rate=1-384000 fmt=I32
2026-02-22T19:38:46.399764Z  INFO cpal supported: ch=24 rate=1-384000 fmt=I32
2026-02-22T19:38:46.399766Z  INFO cpal supported: ch=25 rate=1-384000 fmt=I32
2026-02-22T19:38:46.399768Z  INFO cpal supported: ch=26 rate=1-384000 fmt=I32
2026-02-22T19:38:46.399770Z  INFO cpal supported: ch=27 rate=1-384000 fmt=I32
2026-02-22T19:38:46.399772Z  INFO cpal supported: ch=28 rate=1-384000 fmt=I32
2026-02-22T19:38:46.399774Z  INFO cpal supported: ch=29 rate=1-384000 fmt=I32
2026-02-22T19:38:46.399776Z  INFO cpal supported: ch=30 rate=1-384000 fmt=I32
2026-02-22T19:38:46.399778Z  INFO cpal supported: ch=31 rate=1-384000 fmt=I32
2026-02-22T19:38:46.399779Z  INFO cpal supported: ch=32 rate=1-384000 fmt=I32
2026-02-22T19:38:46.399781Z  INFO cpal supported: ch=1 rate=1-384000 fmt=F32
2026-02-22T19:38:46.399783Z  INFO cpal supported: ch=2 rate=1-384000 fmt=F32
2026-02-22T19:38:46.399785Z  INFO cpal supported: ch=3 rate=1-384000 fmt=F32
2026-02-22T19:38:46.399787Z  INFO cpal supported: ch=4 rate=1-384000 fmt=F32
2026-02-22T19:38:46.399789Z  INFO cpal supported: ch=5 rate=1-384000 fmt=F32
2026-02-22T19:38:46.399791Z  INFO cpal supported: ch=6 rate=1-384000 fmt=F32
2026-02-22T19:38:46.399793Z  INFO cpal supported: ch=7 rate=1-384000 fmt=F32
2026-02-22T19:38:46.399795Z  INFO cpal supported: ch=8 rate=1-384000 fmt=F32
2026-02-22T19:38:46.399797Z  INFO cpal supported: ch=9 rate=1-384000 fmt=F32
2026-02-22T19:38:46.399799Z  INFO cpal supported: ch=10 rate=1-384000 fmt=F32
2026-02-22T19:38:46.399801Z  INFO cpal supported: ch=11 rate=1-384000 fmt=F32
2026-02-22T19:38:46.399803Z  INFO cpal supported: ch=12 rate=1-384000 fmt=F32
2026-02-22T19:38:46.399805Z  INFO cpal supported: ch=13 rate=1-384000 fmt=F32
2026-02-22T19:38:46.399807Z  INFO cpal supported: ch=14 rate=1-384000 fmt=F32
2026-02-22T19:38:46.399809Z  INFO cpal supported: ch=15 rate=1-384000 fmt=F32
2026-02-22T19:38:46.399811Z  INFO cpal supported: ch=16 rate=1-384000 fmt=F32
2026-02-22T19:38:46.399813Z  INFO cpal supported: ch=17 rate=1-384000 fmt=F32
2026-02-22T19:38:46.399815Z  INFO cpal supported: ch=18 rate=1-384000 fmt=F32
2026-02-22T19:38:46.399817Z  INFO cpal supported: ch=19 rate=1-384000 fmt=F32
2026-02-22T19:38:46.399822Z  INFO cpal supported: ch=20 rate=1-384000 fmt=F32
2026-02-22T19:38:46.399824Z  INFO cpal supported: ch=21 rate=1-384000 fmt=F32
2026-02-22T19:38:46.399826Z  INFO cpal supported: ch=22 rate=1-384000 fmt=F32
2026-02-22T19:38:46.399828Z  INFO cpal supported: ch=23 rate=1-384000 fmt=F32
2026-02-22T19:38:46.399830Z  INFO cpal supported: ch=24 rate=1-384000 fmt=F32
2026-02-22T19:38:46.399832Z  INFO cpal supported: ch=25 rate=1-384000 fmt=F32
2026-02-22T19:38:46.399834Z  INFO cpal supported: ch=26 rate=1-384000 fmt=F32
2026-02-22T19:38:46.399836Z  INFO cpal supported: ch=27 rate=1-384000 fmt=F32
2026-02-22T19:38:46.399838Z  INFO cpal supported: ch=28 rate=1-384000 fmt=F32
2026-02-22T19:38:46.399840Z  INFO cpal supported: ch=29 rate=1-384000 fmt=F32
2026-02-22T19:38:46.399842Z  INFO cpal supported: ch=30 rate=1-384000 fmt=F32
2026-02-22T19:38:46.399844Z  INFO cpal supported: ch=31 rate=1-384000 fmt=F32
2026-02-22T19:38:46.399846Z  INFO cpal supported: ch=32 rate=1-384000 fmt=F32
2026-02-22T19:38:46.399850Z  INFO cpal opening: device="default" ch=2 rate=48000
2026-02-22T19:38:46.410540Z  WARN ring underrun: needed 9600 got 0
2026-02-22T19:38:46.431836Z  WARN ring underrun: needed 4096 got 0
2026-02-22T19:38:46.453188Z  WARN ring underrun: needed 4096 got 0
2026-02-22T19:38:46.474510Z  WARN ring underrun: needed 4096 got 0
2026-02-22T19:38:46.495843Z  WARN ring underrun: needed 4096 got 0
2026-02-22T19:38:46.517166Z  WARN ring underrun: needed 4096 got 0
2026-02-22T19:38:46.538505Z  WARN ring underrun: needed 4096 got 0
2026-02-22T19:38:46.559825Z  WARN ring underrun: needed 4096 got 0
2026-02-22T19:38:46.581169Z  WARN ring underrun: needed 4096 got 0
2026-02-22T19:38:46.602500Z  WARN ring underrun: needed 4096 got 0
2026-02-22T19:38:46.623839Z  WARN ring underrun: needed 4096 got 0
2026-02-22T19:38:46.645170Z  WARN ring underrun: needed 4096 got 0
2026-02-22T19:38:46.662234Z  INFO Downloading ACE-Step v1.5 models from HuggingFace...
2026-02-22T19:38:46.662328Z  INFO All models downloaded successfully
2026-02-22T19:38:46.662673Z  INFO Loading tokenizer...
2026-02-22T19:38:46.666498Z  WARN ring underrun: needed 4096 got 0
2026-02-22T19:38:46.687832Z  WARN ring underrun: needed 4096 got 0
2026-02-22T19:38:46.709176Z  WARN ring underrun: needed 4096 got 0
2026-02-22T19:38:46.730504Z  WARN ring underrun: needed 4096 got 0
2026-02-22T19:38:46.751831Z  WARN ring underrun: needed 4096 got 0
2026-02-22T19:38:46.773182Z  WARN ring underrun: needed 4096 got 0
2026-02-22T19:38:46.794537Z  WARN ring underrun: needed 4096 got 0
2026-02-22T19:38:46.815834Z  WARN ring underrun: needed 4096 got 0
2026-02-22T19:38:46.837173Z  WARN ring underrun: needed 4096 got 0
2026-02-22T19:38:46.858501Z  WARN ring underrun: needed 4096 got 0
2026-02-22T19:38:46.879832Z  WARN ring underrun: needed 4096 got 0
2026-02-22T19:38:46.901168Z  WARN ring underrun: needed 4096 got 0
2026-02-22T19:38:46.922507Z  WARN ring underrun: needed 4096 got 0
2026-02-22T19:38:46.943835Z  WARN ring underrun: needed 4096 got 0
2026-02-22T19:38:46.965164Z  WARN ring underrun: needed 4096 got 0
2026-02-22T19:38:46.986503Z  WARN ring underrun: needed 4096 got 0
2026-02-22T19:38:47.007847Z  WARN ring underrun: needed 4096 got 0
2026-02-22T19:38:47.029174Z  WARN ring underrun: needed 4096 got 0
2026-02-22T19:38:47.034300Z  INFO Loading Qwen3 text encoder...
2026-02-22T19:38:47.050510Z  WARN ring underrun: needed 4096 got 0
2026-02-22T19:38:47.071849Z  WARN ring underrun: needed 4096 got 0
2026-02-22T19:38:47.093176Z  WARN ring underrun: needed 4096 got 0
2026-02-22T19:38:47.114517Z  WARN ring underrun: needed 4096 got 0
2026-02-22T19:38:47.135841Z  WARN ring underrun: needed 4096 got 0
2026-02-22T19:38:47.157171Z  WARN ring underrun: needed 4096 got 0
2026-02-22T19:38:47.178504Z  WARN ring underrun: needed 4096 got 0
2026-02-22T19:38:47.199850Z  WARN ring underrun: needed 4096 got 0
2026-02-22T19:38:47.221182Z  WARN ring underrun: needed 4096 got 0
2026-02-22T19:38:47.242511Z  WARN ring underrun: needed 4096 got 0
2026-02-22T19:38:47.263844Z  WARN ring underrun: needed 4096 got 0
2026-02-22T19:38:47.285182Z  WARN ring underrun: needed 4096 got 0
2026-02-22T19:38:47.306516Z  WARN ring underrun: needed 4096 got 0
2026-02-22T19:38:47.327951Z  WARN ring underrun: needed 4096 got 0
2026-02-22T19:38:47.349197Z  WARN ring underrun: needed 4096 got 0
2026-02-22T19:38:47.370520Z  WARN ring underrun: needed 4096 got 0
2026-02-22T19:38:47.391849Z  WARN ring underrun: needed 4096 got 0
2026-02-22T19:38:47.413182Z  WARN ring underrun: needed 4096 got 0
2026-02-22T19:38:47.434514Z  WARN ring underrun: needed 4096 got 0
2026-02-22T19:38:47.455845Z  WARN ring underrun: needed 4096 got 0
2026-02-22T19:38:47.477178Z  WARN ring underrun: needed 4096 got 0
2026-02-22T19:38:47.498520Z  WARN ring underrun: needed 4096 got 0
2026-02-22T19:38:47.519849Z  WARN ring underrun: needed 4096 got 0
2026-02-22T19:38:47.541181Z  WARN ring underrun: needed 4096 got 0
2026-02-22T19:38:47.562514Z  WARN ring underrun: needed 4096 got 0
2026-02-22T19:38:47.583849Z  WARN ring underrun: needed 4096 got 0
2026-02-22T19:38:47.605187Z  WARN ring underrun: needed 4096 got 0
2026-02-22T19:38:47.626520Z  WARN ring underrun: needed 4096 got 0
2026-02-22T19:38:47.647860Z  WARN ring underrun: needed 4096 got 0
2026-02-22T19:38:47.669186Z  WARN ring underrun: needed 4096 got 0
2026-02-22T19:38:47.690513Z  WARN ring underrun: needed 4096 got 0
2026-02-22T19:38:47.710158Z  INFO Loading DiT generation model...
2026-02-22T19:38:47.711852Z  WARN ring underrun: needed 4096 got 0
2026-02-22T19:38:47.733185Z  WARN ring underrun: needed 4096 got 0
2026-02-22T19:38:47.754522Z  WARN ring underrun: needed 4096 got 0
2026-02-22T19:38:47.775852Z  WARN ring underrun: needed 4096 got 0
2026-02-22T19:38:47.797186Z  WARN ring underrun: needed 4096 got 0
2026-02-22T19:38:47.818523Z  WARN ring underrun: needed 4096 got 0
2026-02-22T19:38:47.839850Z  WARN ring underrun: needed 4096 got 0
2026-02-22T19:38:47.861226Z  WARN ring underrun: needed 4096 got 0
2026-02-22T19:38:47.882564Z  WARN ring underrun: needed 4096 got 0
2026-02-22T19:38:47.925191Z  WARN ring underrun: needed 4096 got 0
2026-02-22T19:38:47.967848Z  WARN ring underrun: needed 4096 got 0
2026-02-22T19:38:48.010544Z  WARN ring underrun: needed 4096 got 0
2026-02-22T19:38:48.053196Z  WARN ring underrun: needed 4096 got 0
2026-02-22T19:38:48.095857Z  WARN ring underrun: needed 4096 got 0
2026-02-22T19:38:48.138535Z  WARN ring underrun: needed 4096 got 0
2026-02-22T19:38:48.181190Z  WARN ring underrun: needed 4096 got 0
2026-02-22T19:38:48.223859Z  WARN ring underrun: needed 4096 got 0
2026-02-22T19:38:48.266526Z  WARN ring underrun: needed 4096 got 0
2026-02-22T19:38:48.309217Z  WARN ring underrun: needed 4096 got 0
2026-02-22T19:38:48.351861Z  WARN ring underrun: needed 4096 got 0
2026-02-22T19:38:48.394547Z  WARN ring underrun: needed 4096 got 0
2026-02-22T19:38:48.437198Z  WARN ring underrun: needed 4096 got 0
2026-02-22T19:38:48.479858Z  WARN ring underrun: needed 4096 got 0
2026-02-22T19:38:48.522598Z  WARN ring underrun: needed 4096 got 0
2026-02-22T19:38:48.544640Z  INFO Listening on /tmp/ace-step.sock
2026-02-22T19:38:48.549067Z  INFO cpal supported: ch=1 rate=1-384000 fmt=U8
2026-02-22T19:38:48.549085Z  INFO cpal supported: ch=2 rate=1-384000 fmt=U8
2026-02-22T19:38:48.549086Z  INFO cpal supported: ch=3 rate=1-384000 fmt=U8
2026-02-22T19:38:48.549088Z  INFO cpal supported: ch=4 rate=1-384000 fmt=U8
2026-02-22T19:38:48.549090Z  INFO cpal supported: ch=5 rate=1-384000 fmt=U8
2026-02-22T19:38:48.549091Z  INFO cpal supported: ch=6 rate=1-384000 fmt=U8
2026-02-22T19:38:48.549093Z  INFO cpal supported: ch=7 rate=1-384000 fmt=U8
2026-02-22T19:38:48.549095Z  INFO cpal supported: ch=8 rate=1-384000 fmt=U8
2026-02-22T19:38:48.549096Z  INFO cpal supported: ch=9 rate=1-384000 fmt=U8
2026-02-22T19:38:48.549098Z  INFO cpal supported: ch=10 rate=1-384000 fmt=U8
2026-02-22T19:38:48.549100Z  INFO cpal supported: ch=11 rate=1-384000 fmt=U8
2026-02-22T19:38:48.549101Z  INFO cpal supported: ch=12 rate=1-384000 fmt=U8
2026-02-22T19:38:48.549103Z  INFO cpal supported: ch=13 rate=1-384000 fmt=U8
2026-02-22T19:38:48.549111Z  INFO cpal supported: ch=14 rate=1-384000 fmt=U8
2026-02-22T19:38:48.549113Z  INFO cpal supported: ch=15 rate=1-384000 fmt=U8
2026-02-22T19:38:48.549115Z  INFO cpal supported: ch=16 rate=1-384000 fmt=U8
2026-02-22T19:38:48.549116Z  INFO cpal supported: ch=17 rate=1-384000 fmt=U8
2026-02-22T19:38:48.549118Z  INFO cpal supported: ch=18 rate=1-384000 fmt=U8
2026-02-22T19:38:48.549120Z  INFO cpal supported: ch=19 rate=1-384000 fmt=U8
2026-02-22T19:38:48.549121Z  INFO cpal supported: ch=20 rate=1-384000 fmt=U8
2026-02-22T19:38:48.549123Z  INFO cpal supported: ch=21 rate=1-384000 fmt=U8
2026-02-22T19:38:48.549125Z  INFO cpal supported: ch=22 rate=1-384000 fmt=U8
2026-02-22T19:38:48.549126Z  INFO cpal supported: ch=23 rate=1-384000 fmt=U8
2026-02-22T19:38:48.549128Z  INFO cpal supported: ch=24 rate=1-384000 fmt=U8
2026-02-22T19:38:48.549129Z  INFO cpal supported: ch=25 rate=1-384000 fmt=U8
2026-02-22T19:38:48.549131Z  INFO cpal supported: ch=26 rate=1-384000 fmt=U8
2026-02-22T19:38:48.549133Z  INFO cpal supported: ch=27 rate=1-384000 fmt=U8
2026-02-22T19:38:48.549134Z  INFO cpal supported: ch=28 rate=1-384000 fmt=U8
2026-02-22T19:38:48.549136Z  INFO cpal supported: ch=29 rate=1-384000 fmt=U8
2026-02-22T19:38:48.549138Z  INFO cpal supported: ch=30 rate=1-384000 fmt=U8
2026-02-22T19:38:48.549139Z  INFO cpal supported: ch=31 rate=1-384000 fmt=U8
2026-02-22T19:38:48.549141Z  INFO cpal supported: ch=32 rate=1-384000 fmt=U8
2026-02-22T19:38:48.549142Z  INFO cpal supported: ch=1 rate=1-384000 fmt=I16
2026-02-22T19:38:48.549144Z  INFO cpal supported: ch=2 rate=1-384000 fmt=I16
2026-02-22T19:38:48.549146Z  INFO cpal supported: ch=3 rate=1-384000 fmt=I16
2026-02-22T19:38:48.549147Z  INFO cpal supported: ch=4 rate=1-384000 fmt=I16
2026-02-22T19:38:48.549149Z  INFO cpal supported: ch=5 rate=1-384000 fmt=I16
2026-02-22T19:38:48.549151Z  INFO cpal supported: ch=6 rate=1-384000 fmt=I16
2026-02-22T19:38:48.549152Z  INFO cpal supported: ch=7 rate=1-384000 fmt=I16
2026-02-22T19:38:48.549154Z  INFO cpal supported: ch=8 rate=1-384000 fmt=I16
2026-02-22T19:38:48.549155Z  INFO cpal supported: ch=9 rate=1-384000 fmt=I16
2026-02-22T19:38:48.549157Z  INFO cpal supported: ch=10 rate=1-384000 fmt=I16
2026-02-22T19:38:48.549159Z  INFO cpal supported: ch=11 rate=1-384000 fmt=I16
2026-02-22T19:38:48.549160Z  INFO cpal supported: ch=12 rate=1-384000 fmt=I16
2026-02-22T19:38:48.549162Z  INFO cpal supported: ch=13 rate=1-384000 fmt=I16
2026-02-22T19:38:48.549163Z  INFO cpal supported: ch=14 rate=1-384000 fmt=I16
2026-02-22T19:38:48.549165Z  INFO cpal supported: ch=15 rate=1-384000 fmt=I16
2026-02-22T19:38:48.549167Z  INFO cpal supported: ch=16 rate=1-384000 fmt=I16
2026-02-22T19:38:48.549168Z  INFO cpal supported: ch=17 rate=1-384000 fmt=I16
2026-02-22T19:38:48.549170Z  INFO cpal supported: ch=18 rate=1-384000 fmt=I16
2026-02-22T19:38:48.549172Z  INFO cpal supported: ch=19 rate=1-384000 fmt=I16
2026-02-22T19:38:48.549173Z  INFO cpal supported: ch=20 rate=1-384000 fmt=I16
2026-02-22T19:38:48.549175Z  INFO cpal supported: ch=21 rate=1-384000 fmt=I16
2026-02-22T19:38:48.549176Z  INFO cpal supported: ch=22 rate=1-384000 fmt=I16
2026-02-22T19:38:48.549178Z  INFO cpal supported: ch=23 rate=1-384000 fmt=I16
2026-02-22T19:38:48.549180Z  INFO cpal supported: ch=24 rate=1-384000 fmt=I16
2026-02-22T19:38:48.549181Z  INFO cpal supported: ch=25 rate=1-384000 fmt=I16
2026-02-22T19:38:48.549183Z  INFO cpal supported: ch=26 rate=1-384000 fmt=I16
2026-02-22T19:38:48.549185Z  INFO cpal supported: ch=27 rate=1-384000 fmt=I16
2026-02-22T19:38:48.549186Z  INFO cpal supported: ch=28 rate=1-384000 fmt=I16
2026-02-22T19:38:48.549188Z  INFO cpal supported: ch=29 rate=1-384000 fmt=I16
2026-02-22T19:38:48.549189Z  INFO cpal supported: ch=30 rate=1-384000 fmt=I16
2026-02-22T19:38:48.549191Z  INFO cpal supported: ch=31 rate=1-384000 fmt=I16
2026-02-22T19:38:48.549193Z  INFO cpal supported: ch=32 rate=1-384000 fmt=I16
2026-02-22T19:38:48.549194Z  INFO cpal supported: ch=1 rate=1-384000 fmt=I32
2026-02-22T19:38:48.549196Z  INFO cpal supported: ch=2 rate=1-384000 fmt=I32
2026-02-22T19:38:48.549200Z  INFO cpal supported: ch=3 rate=1-384000 fmt=I32
2026-02-22T19:38:48.549202Z  INFO cpal supported: ch=4 rate=1-384000 fmt=I32
2026-02-22T19:38:48.549203Z  INFO cpal supported: ch=5 rate=1-384000 fmt=I32
2026-02-22T19:38:48.549205Z  INFO cpal supported: ch=6 rate=1-384000 fmt=I32
2026-02-22T19:38:48.549207Z  INFO cpal supported: ch=7 rate=1-384000 fmt=I32
2026-02-22T19:38:48.549208Z  INFO cpal supported: ch=8 rate=1-384000 fmt=I32
2026-02-22T19:38:48.549210Z  INFO cpal supported: ch=9 rate=1-384000 fmt=I32
2026-02-22T19:38:48.549212Z  INFO cpal supported: ch=10 rate=1-384000 fmt=I32
2026-02-22T19:38:48.549213Z  INFO cpal supported: ch=11 rate=1-384000 fmt=I32
2026-02-22T19:38:48.549215Z  INFO cpal supported: ch=12 rate=1-384000 fmt=I32
2026-02-22T19:38:48.549216Z  INFO cpal supported: ch=13 rate=1-384000 fmt=I32
2026-02-22T19:38:48.549218Z  INFO cpal supported: ch=14 rate=1-384000 fmt=I32
2026-02-22T19:38:48.549220Z  INFO cpal supported: ch=15 rate=1-384000 fmt=I32
2026-02-22T19:38:48.549221Z  INFO cpal supported: ch=16 rate=1-384000 fmt=I32
2026-02-22T19:38:48.549223Z  INFO cpal supported: ch=17 rate=1-384000 fmt=I32
2026-02-22T19:38:48.549225Z  INFO cpal supported: ch=18 rate=1-384000 fmt=I32
2026-02-22T19:38:48.549226Z  INFO cpal supported: ch=19 rate=1-384000 fmt=I32
2026-02-22T19:38:48.549228Z  INFO cpal supported: ch=20 rate=1-384000 fmt=I32
2026-02-22T19:38:48.549229Z  INFO cpal supported: ch=21 rate=1-384000 fmt=I32
2026-02-22T19:38:48.549231Z  INFO cpal supported: ch=22 rate=1-384000 fmt=I32
2026-02-22T19:38:48.549233Z  INFO cpal supported: ch=23 rate=1-384000 fmt=I32
2026-02-22T19:38:48.549234Z  INFO cpal supported: ch=24 rate=1-384000 fmt=I32
2026-02-22T19:38:48.549236Z  INFO cpal supported: ch=25 rate=1-384000 fmt=I32
2026-02-22T19:38:48.549238Z  INFO cpal supported: ch=26 rate=1-384000 fmt=I32
2026-02-22T19:38:48.549239Z  INFO cpal supported: ch=27 rate=1-384000 fmt=I32
2026-02-22T19:38:48.549241Z  INFO cpal supported: ch=28 rate=1-384000 fmt=I32
2026-02-22T19:38:48.549242Z  INFO cpal supported: ch=29 rate=1-384000 fmt=I32
2026-02-22T19:38:48.549244Z  INFO cpal supported: ch=30 rate=1-384000 fmt=I32
2026-02-22T19:38:48.549246Z  INFO cpal supported: ch=31 rate=1-384000 fmt=I32
2026-02-22T19:38:48.549247Z  INFO cpal supported: ch=32 rate=1-384000 fmt=I32
2026-02-22T19:38:48.549249Z  INFO cpal supported: ch=1 rate=1-384000 fmt=F32
2026-02-22T19:38:48.549250Z  INFO cpal supported: ch=2 rate=1-384000 fmt=F32
2026-02-22T19:38:48.549252Z  INFO cpal supported: ch=3 rate=1-384000 fmt=F32
2026-02-22T19:38:48.549254Z  INFO cpal supported: ch=4 rate=1-384000 fmt=F32
2026-02-22T19:38:48.549255Z  INFO cpal supported: ch=5 rate=1-384000 fmt=F32
2026-02-22T19:38:48.549257Z  INFO cpal supported: ch=6 rate=1-384000 fmt=F32
2026-02-22T19:38:48.549259Z  INFO cpal supported: ch=7 rate=1-384000 fmt=F32
2026-02-22T19:38:48.549260Z  INFO cpal supported: ch=8 rate=1-384000 fmt=F32
2026-02-22T19:38:48.549262Z  INFO cpal supported: ch=9 rate=1-384000 fmt=F32
2026-02-22T19:38:48.549263Z  INFO cpal supported: ch=10 rate=1-384000 fmt=F32
2026-02-22T19:38:48.549265Z  INFO cpal supported: ch=11 rate=1-384000 fmt=F32
2026-02-22T19:38:48.549267Z  INFO cpal supported: ch=12 rate=1-384000 fmt=F32
2026-02-22T19:38:48.549268Z  INFO cpal supported: ch=13 rate=1-384000 fmt=F32
2026-02-22T19:38:48.549270Z  INFO cpal supported: ch=14 rate=1-384000 fmt=F32
2026-02-22T19:38:48.549272Z  INFO cpal supported: ch=15 rate=1-384000 fmt=F32
2026-02-22T19:38:48.549273Z  INFO cpal supported: ch=16 rate=1-384000 fmt=F32
2026-02-22T19:38:48.549275Z  INFO cpal supported: ch=17 rate=1-384000 fmt=F32
2026-02-22T19:38:48.549276Z  INFO cpal supported: ch=18 rate=1-384000 fmt=F32
2026-02-22T19:38:48.549278Z  INFO cpal supported: ch=19 rate=1-384000 fmt=F32
2026-02-22T19:38:48.549280Z  INFO cpal supported: ch=20 rate=1-384000 fmt=F32
2026-02-22T19:38:48.549281Z  INFO cpal supported: ch=21 rate=1-384000 fmt=F32
2026-02-22T19:38:48.549283Z  INFO cpal supported: ch=22 rate=1-384000 fmt=F32
2026-02-22T19:38:48.549285Z  INFO cpal supported: ch=23 rate=1-384000 fmt=F32
2026-02-22T19:38:48.549289Z  INFO cpal supported: ch=24 rate=1-384000 fmt=F32
2026-02-22T19:38:48.549290Z  INFO cpal supported: ch=25 rate=1-384000 fmt=F32
2026-02-22T19:38:48.549292Z  INFO cpal supported: ch=26 rate=1-384000 fmt=F32
2026-02-22T19:38:48.549294Z  INFO cpal supported: ch=27 rate=1-384000 fmt=F32
2026-02-22T19:38:48.549295Z  INFO cpal supported: ch=28 rate=1-384000 fmt=F32
2026-02-22T19:38:48.549297Z  INFO cpal supported: ch=29 rate=1-384000 fmt=F32
2026-02-22T19:38:48.549298Z  INFO cpal supported: ch=30 rate=1-384000 fmt=F32
2026-02-22T19:38:48.549300Z  INFO cpal supported: ch=31 rate=1-384000 fmt=F32
2026-02-22T19:38:48.549302Z  INFO cpal supported: ch=32 rate=1-384000 fmt=F32
2026-02-22T19:38:48.549304Z  INFO cpal opening: device="default" ch=2 rate=48000
2026-02-22T19:38:48.565227Z  WARN ring underrun: needed 4096 got 0
2026-02-22T19:38:48.565281Z  WARN ring underrun: needed 9600 got 0
2026-02-22T19:38:48.607867Z  WARN ring underrun: needed 4096 got 0
2026-02-22T19:38:48.607904Z  WARN ring underrun: needed 4096 got 0
2026-02-22T19:38:48.650534Z  WARN ring underrun: needed 4096 got 0
2026-02-22T19:38:48.650561Z  WARN ring underrun: needed 4096 got 0
2026-02-22T19:38:48.693197Z  WARN ring underrun: needed 4096 got 0
2026-02-22T19:38:48.693213Z  WARN ring underrun: needed 4096 got 0
2026-02-22T19:38:48.735872Z  WARN ring underrun: needed 4096 got 0
2026-02-22T19:38:48.735915Z  WARN ring underrun: needed 4096 got 0
2026-02-22T19:38:48.778530Z  WARN ring underrun: needed 4096 got 0
2026-02-22T19:38:48.778555Z  WARN ring underrun: needed 4096 got 0
2026-02-22T19:38:48.802947Z  INFO Downloading ACE-Step v1.5 models from HuggingFace...
2026-02-22T19:38:48.803031Z  INFO All models downloaded successfully
2026-02-22T19:38:48.803311Z  INFO Loading tokenizer...
2026-02-22T19:38:48.821217Z  WARN ring underrun: needed 4096 got 0
2026-02-22T19:38:48.821241Z  WARN ring underrun: needed 4096 got 0
2026-02-22T19:38:48.863870Z  WARN ring underrun: needed 4096 got 0
2026-02-22T19:38:48.863931Z  WARN ring underrun: needed 4096 got 0
2026-02-22T19:38:48.906537Z  WARN ring underrun: needed 4096 got 0
2026-02-22T19:38:48.906576Z  WARN ring underrun: needed 4096 got 0
2026-02-22T19:38:48.949205Z  WARN ring underrun: needed 4096 got 0
2026-02-22T19:38:48.949246Z  WARN ring underrun: needed 4096 got 0
2026-02-22T19:38:48.991869Z  WARN ring underrun: needed 4096 got 0
2026-02-22T19:38:48.991916Z  WARN ring underrun: needed 4096 got 0
2026-02-22T19:38:49.034538Z  WARN ring underrun: needed 4096 got 0
2026-02-22T19:38:49.034586Z  WARN ring underrun: needed 4096 got 0
2026-02-22T19:38:49.077212Z  WARN ring underrun: needed 4096 got 0
2026-02-22T19:38:49.077245Z  WARN ring underrun: needed 4096 got 0
2026-02-22T19:38:49.119874Z  WARN ring underrun: needed 4096 got 0
2026-02-22T19:38:49.119909Z  WARN ring underrun: needed 4096 got 0
2026-02-22T19:38:49.121431Z  INFO Loading Qwen3 text encoder...
2026-02-22T19:38:49.162550Z  WARN ring underrun: needed 4096 got 0
2026-02-22T19:38:49.162647Z  WARN ring underrun: needed 4096 got 0
2026-02-22T19:38:49.205211Z  WARN ring underrun: needed 4096 got 0
2026-02-22T19:38:49.205239Z  WARN ring underrun: needed 4096 got 0
2026-02-22T19:38:49.247880Z  WARN ring underrun: needed 4096 got 0
2026-02-22T19:38:49.247973Z  WARN ring underrun: needed 4096 got 0
2026-02-22T19:38:49.290542Z  WARN ring underrun: needed 4096 got 0
2026-02-22T19:38:49.290624Z  WARN ring underrun: needed 4096 got 0
2026-02-22T19:38:49.333228Z  WARN ring underrun: needed 4096 got 0
2026-02-22T19:38:49.333255Z  WARN ring underrun: needed 4096 got 0
2026-02-22T19:38:49.375874Z  WARN ring underrun: needed 4096 got 0
2026-02-22T19:38:49.375906Z  WARN ring underrun: needed 4096 got 0
2026-02-22T19:38:49.418539Z  WARN ring underrun: needed 4096 got 0
2026-02-22T19:38:49.418582Z  WARN ring underrun: needed 4096 got 0
2026-02-22T19:38:49.461227Z  WARN ring underrun: needed 4096 got 0
2026-02-22T19:38:49.461267Z  WARN ring underrun: needed 4096 got 0
2026-02-22T19:38:49.503886Z  WARN ring underrun: needed 4096 got 0
2026-02-22T19:38:49.503916Z  WARN ring underrun: needed 4096 got 0
2026-02-22T19:38:49.546547Z  WARN ring underrun: needed 4096 got 0
2026-02-22T19:38:49.546583Z  WARN ring underrun: needed 4096 got 0
2026-02-22T19:38:49.589216Z  WARN ring underrun: needed 4096 got 0
2026-02-22T19:38:49.589247Z  WARN ring underrun: needed 4096 got 0
2026-02-22T19:38:49.631885Z  WARN ring underrun: needed 4096 got 0
2026-02-22T19:38:49.631935Z  WARN ring underrun: needed 4096 got 0
2026-02-22T19:38:49.640390Z  INFO VAE decode: 5.43s
2026-02-22T19:38:49.674551Z  WARN ring underrun: needed 4096 got 0
2026-02-22T19:38:49.674623Z  WARN ring underrun: needed 4096 got 0
2026-02-22T19:38:49.717222Z  WARN ring underrun: needed 4096 got 0
2026-02-22T19:38:49.717323Z  WARN ring underrun: needed 4096 got 0
2026-02-22T19:38:49.759884Z  WARN ring underrun: needed 4096 got 0
2026-02-22T19:38:49.759922Z  WARN ring underrun: needed 4096 got 0
2026-02-22T19:38:49.789648Z  INFO Loading DiT generation model...
2026-02-22T19:38:49.802556Z  WARN ring underrun: needed 4096 got 0
2026-02-22T19:38:49.802636Z  WARN ring underrun: needed 4096 got 0
2026-02-22T19:38:49.845227Z  WARN ring underrun: needed 4096 got 0
2026-02-22T19:38:49.845253Z  WARN ring underrun: needed 4096 got 0
2026-02-22T19:38:49.887895Z  WARN ring underrun: needed 4096 got 0
2026-02-22T19:38:49.887928Z  WARN ring underrun: needed 4096 got 0
2026-02-22T19:38:49.930600Z  WARN ring underrun: needed 4096 got 0
2026-02-22T19:38:49.930603Z  WARN ring underrun: needed 4096 got 0
2026-02-22T19:38:49.973249Z  WARN ring underrun: needed 4096 got 0
2026-02-22T19:38:50.015915Z  WARN ring underrun: needed 4096 got 0
2026-02-22T19:38:50.058563Z  WARN ring underrun: needed 4096 got 0
2026-02-22T19:38:50.101239Z  WARN ring underrun: needed 4096 got 0
2026-02-22T19:38:50.143899Z  WARN ring underrun: needed 4096 got 0
2026-02-22T19:38:50.186325Z  INFO Total chunk: 13.30s
2026-02-22T19:38:50.186563Z  WARN ring underrun: needed 4096 got 0
2026-02-22T19:38:50.208157Z  INFO === Sliding window step 1 (pos=30s window=240s step=30s is_first=false) ===
2026-02-22T19:38:50.208193Z  INFO event:step step=0 pos=0s audio=30.0s gen=13.33s step_s=30s window_s=240s
2026-02-22T19:38:50.208331Z  INFO   metas: pos=30s duration=270s mode=Advancing bpm=Some(128) key=Some("A minor")
2026-02-22T19:38:50.242635Z  INFO Generating chunk (6000 frames, 240.0s)...
2026-02-22T19:38:57.527460Z  INFO Diffusion (8 ODE steps): 7.28s
2026-02-22T19:39:02.807234Z  INFO VAE decode: 5.28s
2026-02-22T19:39:03.334244Z  INFO Total chunk: 13.13s
2026-02-22T19:39:03.352434Z  INFO === Sliding window step 2 (pos=60s window=240s step=30s is_first=false) ===
2026-02-22T19:39:03.352479Z  INFO event:step step=1 pos=30s audio=30.0s gen=13.14s step_s=30s window_s=240s
2026-02-22T19:39:03.352616Z  INFO   metas: pos=60s duration=300s mode=Advancing bpm=Some(128) key=Some("A minor")
2026-02-22T19:39:03.387826Z  INFO Generating chunk (6000 frames, 240.0s)...
2026-02-22T19:39:10.690704Z  INFO Diffusion (8 ODE steps): 7.30s
2026-02-22T19:39:16.030502Z  INFO VAE decode: 5.34s
2026-02-22T19:39:16.547133Z  INFO Total chunk: 13.19s
2026-02-22T19:39:16.564066Z  INFO === Sliding window step 3 (pos=90s window=240s step=30s is_first=false) ===
2026-02-22T19:39:16.564106Z  INFO event:step step=2 pos=60s audio=30.0s gen=13.21s step_s=30s window_s=240s
2026-02-22T19:39:16.564218Z  INFO   metas: pos=90s duration=330s mode=Advancing bpm=Some(128) key=Some("A minor")
2026-02-22T19:39:16.598426Z  INFO Generating chunk (6000 frames, 240.0s)...
2026-02-22T19:39:23.990928Z  INFO Diffusion (8 ODE steps): 7.39s
2026-02-22T19:39:29.530413Z  INFO VAE decode: 5.54s
2026-02-22T19:39:30.069553Z  INFO Total chunk: 13.51s
2026-02-22T19:39:30.088192Z  INFO === Sliding window step 4 (pos=120s window=240s step=30s is_first=false) ===
2026-02-22T19:39:30.088228Z  INFO event:step step=3 pos=90s audio=30.0s gen=13.52s step_s=30s window_s=240s
2026-02-22T19:39:30.088388Z  INFO   metas: pos=120s duration=360s mode=Advancing bpm=Some(128) key=Some("A minor")
2026-02-22T19:39:30.123954Z  INFO Generating chunk (6000 frames, 240.0s)...
2026-02-22T19:39:37.762950Z  INFO Diffusion (8 ODE steps): 7.64s
2026-02-22T19:39:43.302195Z  INFO VAE decode: 5.54s
2026-02-22T19:39:43.842123Z  INFO Total chunk: 13.75s
2026-02-22T19:39:43.860213Z  INFO === Sliding window step 5 (pos=150s window=240s step=30s is_first=false) ===
2026-02-22T19:39:43.860249Z  INFO event:step step=4 pos=120s audio=30.0s gen=13.77s step_s=30s window_s=240s
2026-02-22T19:39:43.860459Z  INFO   metas: pos=150s duration=390s mode=Advancing bpm=Some(128) key=Some("A minor")
2026-02-22T19:39:43.895809Z  INFO Generating chunk (6000 frames, 240.0s)...
2026-02-22T19:39:51.561957Z  INFO Diffusion (8 ODE steps): 7.66s
2026-02-22T19:39:57.168103Z  INFO VAE decode: 5.61s
2026-02-22T19:39:57.740886Z  INFO Total chunk: 13.88s
2026-02-22T19:39:57.759584Z  INFO === Sliding window step 6 (pos=180s window=240s step=30s is_first=false) ===
2026-02-22T19:39:57.759619Z  INFO event:step step=5 pos=150s audio=30.0s gen=13.90s step_s=30s window_s=240s
2026-02-22T19:39:57.759834Z  INFO   metas: pos=180s duration=420s mode=Advancing bpm=Some(128) key=Some("A minor")
2026-02-22T19:39:57.795909Z  INFO Generating chunk (6000 frames, 240.0s)...
2026-02-22T19:40:05.139020Z  INFO Diffusion (8 ODE steps): 7.34s
2026-02-22T19:40:10.609710Z  INFO VAE decode: 5.47s
2026-02-22T19:40:11.131681Z  INFO Total chunk: 13.37s
2026-02-22T19:40:11.148374Z  INFO === Sliding window step 7 (pos=210s window=240s step=30s is_first=false) ===
2026-02-22T19:40:11.148415Z  INFO event:step step=6 pos=180s audio=30.0s gen=13.39s step_s=30s window_s=240s
2026-02-22T19:40:11.148653Z  INFO   metas: pos=210s duration=450s mode=Advancing bpm=Some(128) key=Some("A minor")
2026-02-22T19:40:11.183474Z  INFO Generating chunk (6000 frames, 240.0s)...
Listening on /tmp/ace-step.sock
2026-02-22T19:40:18.616199Z  INFO Listening on /tmp/ace-step.sock
2026-02-22T19:40:18.620780Z  INFO cpal supported: ch=1 rate=1-384000 fmt=U8
2026-02-22T19:40:18.620803Z  INFO cpal supported: ch=2 rate=1-384000 fmt=U8
2026-02-22T19:40:18.620807Z  INFO cpal supported: ch=3 rate=1-384000 fmt=U8
2026-02-22T19:40:18.620810Z  INFO cpal supported: ch=4 rate=1-384000 fmt=U8
2026-02-22T19:40:18.620813Z  INFO cpal supported: ch=5 rate=1-384000 fmt=U8
2026-02-22T19:40:18.620816Z  INFO cpal supported: ch=6 rate=1-384000 fmt=U8
2026-02-22T19:40:18.620819Z  INFO cpal supported: ch=7 rate=1-384000 fmt=U8
2026-02-22T19:40:18.620822Z  INFO cpal supported: ch=8 rate=1-384000 fmt=U8
2026-02-22T19:40:18.620825Z  INFO cpal supported: ch=9 rate=1-384000 fmt=U8
2026-02-22T19:40:18.620828Z  INFO cpal supported: ch=10 rate=1-384000 fmt=U8
2026-02-22T19:40:18.620832Z  INFO cpal supported: ch=11 rate=1-384000 fmt=U8
2026-02-22T19:40:18.620835Z  INFO cpal supported: ch=12 rate=1-384000 fmt=U8
2026-02-22T19:40:18.620838Z  INFO cpal supported: ch=13 rate=1-384000 fmt=U8
2026-02-22T19:40:18.620841Z  INFO cpal supported: ch=14 rate=1-384000 fmt=U8
2026-02-22T19:40:18.620844Z  INFO cpal supported: ch=15 rate=1-384000 fmt=U8
2026-02-22T19:40:18.620847Z  INFO cpal supported: ch=16 rate=1-384000 fmt=U8
2026-02-22T19:40:18.620850Z  INFO cpal supported: ch=17 rate=1-384000 fmt=U8
2026-02-22T19:40:18.620853Z  INFO cpal supported: ch=18 rate=1-384000 fmt=U8
2026-02-22T19:40:18.620856Z  INFO cpal supported: ch=19 rate=1-384000 fmt=U8
2026-02-22T19:40:18.620859Z  INFO cpal supported: ch=20 rate=1-384000 fmt=U8
2026-02-22T19:40:18.620862Z  INFO cpal supported: ch=21 rate=1-384000 fmt=U8
2026-02-22T19:40:18.620866Z  INFO cpal supported: ch=22 rate=1-384000 fmt=U8
2026-02-22T19:40:18.620869Z  INFO cpal supported: ch=23 rate=1-384000 fmt=U8
2026-02-22T19:40:18.620872Z  INFO cpal supported: ch=24 rate=1-384000 fmt=U8
2026-02-22T19:40:18.620875Z  INFO cpal supported: ch=25 rate=1-384000 fmt=U8
2026-02-22T19:40:18.620878Z  INFO cpal supported: ch=26 rate=1-384000 fmt=U8
2026-02-22T19:40:18.620881Z  INFO cpal supported: ch=27 rate=1-384000 fmt=U8
2026-02-22T19:40:18.620884Z  INFO cpal supported: ch=28 rate=1-384000 fmt=U8
2026-02-22T19:40:18.620887Z  INFO cpal supported: ch=29 rate=1-384000 fmt=U8
2026-02-22T19:40:18.620898Z  INFO cpal supported: ch=30 rate=1-384000 fmt=U8
2026-02-22T19:40:18.620900Z  INFO cpal supported: ch=31 rate=1-384000 fmt=U8
2026-02-22T19:40:18.620902Z  INFO cpal supported: ch=32 rate=1-384000 fmt=U8
2026-02-22T19:40:18.620904Z  INFO cpal supported: ch=1 rate=1-384000 fmt=I16
2026-02-22T19:40:18.620906Z  INFO cpal supported: ch=2 rate=1-384000 fmt=I16
2026-02-22T19:40:18.620908Z  INFO cpal supported: ch=3 rate=1-384000 fmt=I16
2026-02-22T19:40:18.620910Z  INFO cpal supported: ch=4 rate=1-384000 fmt=I16
2026-02-22T19:40:18.620912Z  INFO cpal supported: ch=5 rate=1-384000 fmt=I16
2026-02-22T19:40:18.620914Z  INFO cpal supported: ch=6 rate=1-384000 fmt=I16
2026-02-22T19:40:18.620916Z  INFO cpal supported: ch=7 rate=1-384000 fmt=I16
2026-02-22T19:40:18.620918Z  INFO cpal supported: ch=8 rate=1-384000 fmt=I16
2026-02-22T19:40:18.620920Z  INFO cpal supported: ch=9 rate=1-384000 fmt=I16
2026-02-22T19:40:18.620922Z  INFO cpal supported: ch=10 rate=1-384000 fmt=I16
2026-02-22T19:40:18.620924Z  INFO cpal supported: ch=11 rate=1-384000 fmt=I16
2026-02-22T19:40:18.620926Z  INFO cpal supported: ch=12 rate=1-384000 fmt=I16
2026-02-22T19:40:18.620928Z  INFO cpal supported: ch=13 rate=1-384000 fmt=I16
2026-02-22T19:40:18.620930Z  INFO cpal supported: ch=14 rate=1-384000 fmt=I16
2026-02-22T19:40:18.620932Z  INFO cpal supported: ch=15 rate=1-384000 fmt=I16
2026-02-22T19:40:18.620934Z  INFO cpal supported: ch=16 rate=1-384000 fmt=I16
2026-02-22T19:40:18.620936Z  INFO cpal supported: ch=17 rate=1-384000 fmt=I16
2026-02-22T19:40:18.620938Z  INFO cpal supported: ch=18 rate=1-384000 fmt=I16
2026-02-22T19:40:18.620940Z  INFO cpal supported: ch=19 rate=1-384000 fmt=I16
2026-02-22T19:40:18.620942Z  INFO cpal supported: ch=20 rate=1-384000 fmt=I16
2026-02-22T19:40:18.620944Z  INFO cpal supported: ch=21 rate=1-384000 fmt=I16
2026-02-22T19:40:18.620946Z  INFO cpal supported: ch=22 rate=1-384000 fmt=I16
2026-02-22T19:40:18.620948Z  INFO cpal supported: ch=23 rate=1-384000 fmt=I16
2026-02-22T19:40:18.620950Z  INFO cpal supported: ch=24 rate=1-384000 fmt=I16
2026-02-22T19:40:18.620952Z  INFO cpal supported: ch=25 rate=1-384000 fmt=I16
2026-02-22T19:40:18.620954Z  INFO cpal supported: ch=26 rate=1-384000 fmt=I16
2026-02-22T19:40:18.620956Z  INFO cpal supported: ch=27 rate=1-384000 fmt=I16
2026-02-22T19:40:18.620958Z  INFO cpal supported: ch=28 rate=1-384000 fmt=I16
2026-02-22T19:40:18.620960Z  INFO cpal supported: ch=29 rate=1-384000 fmt=I16
2026-02-22T19:40:18.620962Z  INFO cpal supported: ch=30 rate=1-384000 fmt=I16
2026-02-22T19:40:18.620963Z  INFO cpal supported: ch=31 rate=1-384000 fmt=I16
2026-02-22T19:40:18.620965Z  INFO cpal supported: ch=32 rate=1-384000 fmt=I16
2026-02-22T19:40:18.620967Z  INFO cpal supported: ch=1 rate=1-384000 fmt=I32
2026-02-22T19:40:18.620969Z  INFO cpal supported: ch=2 rate=1-384000 fmt=I32
2026-02-22T19:40:18.620971Z  INFO cpal supported: ch=3 rate=1-384000 fmt=I32
2026-02-22T19:40:18.620973Z  INFO cpal supported: ch=4 rate=1-384000 fmt=I32
2026-02-22T19:40:18.620975Z  INFO cpal supported: ch=5 rate=1-384000 fmt=I32
2026-02-22T19:40:18.620977Z  INFO cpal supported: ch=6 rate=1-384000 fmt=I32
2026-02-22T19:40:18.620979Z  INFO cpal supported: ch=7 rate=1-384000 fmt=I32
2026-02-22T19:40:18.620981Z  INFO cpal supported: ch=8 rate=1-384000 fmt=I32
2026-02-22T19:40:18.620983Z  INFO cpal supported: ch=9 rate=1-384000 fmt=I32
2026-02-22T19:40:18.620985Z  INFO cpal supported: ch=10 rate=1-384000 fmt=I32
2026-02-22T19:40:18.620987Z  INFO cpal supported: ch=11 rate=1-384000 fmt=I32
2026-02-22T19:40:18.620989Z  INFO cpal supported: ch=12 rate=1-384000 fmt=I32
2026-02-22T19:40:18.620991Z  INFO cpal supported: ch=13 rate=1-384000 fmt=I32
2026-02-22T19:40:18.620993Z  INFO cpal supported: ch=14 rate=1-384000 fmt=I32
2026-02-22T19:40:18.620995Z  INFO cpal supported: ch=15 rate=1-384000 fmt=I32
2026-02-22T19:40:18.620997Z  INFO cpal supported: ch=16 rate=1-384000 fmt=I32
2026-02-22T19:40:18.620999Z  INFO cpal supported: ch=17 rate=1-384000 fmt=I32
2026-02-22T19:40:18.621001Z  INFO cpal supported: ch=18 rate=1-384000 fmt=I32
2026-02-22T19:40:18.621006Z  INFO cpal supported: ch=19 rate=1-384000 fmt=I32
2026-02-22T19:40:18.621008Z  INFO cpal supported: ch=20 rate=1-384000 fmt=I32
2026-02-22T19:40:18.621010Z  INFO cpal supported: ch=21 rate=1-384000 fmt=I32
2026-02-22T19:40:18.621012Z  INFO cpal supported: ch=22 rate=1-384000 fmt=I32
2026-02-22T19:40:18.621014Z  INFO cpal supported: ch=23 rate=1-384000 fmt=I32
2026-02-22T19:40:18.621016Z  INFO cpal supported: ch=24 rate=1-384000 fmt=I32
2026-02-22T19:40:18.621018Z  INFO cpal supported: ch=25 rate=1-384000 fmt=I32
2026-02-22T19:40:18.621020Z  INFO cpal supported: ch=26 rate=1-384000 fmt=I32
2026-02-22T19:40:18.621022Z  INFO cpal supported: ch=27 rate=1-384000 fmt=I32
2026-02-22T19:40:18.621024Z  INFO cpal supported: ch=28 rate=1-384000 fmt=I32
2026-02-22T19:40:18.621026Z  INFO cpal supported: ch=29 rate=1-384000 fmt=I32
2026-02-22T19:40:18.621028Z  INFO cpal supported: ch=30 rate=1-384000 fmt=I32
2026-02-22T19:40:18.621030Z  INFO cpal supported: ch=31 rate=1-384000 fmt=I32
2026-02-22T19:40:18.621032Z  INFO cpal supported: ch=32 rate=1-384000 fmt=I32
2026-02-22T19:40:18.621034Z  INFO cpal supported: ch=1 rate=1-384000 fmt=F32
2026-02-22T19:40:18.621035Z  INFO cpal supported: ch=2 rate=1-384000 fmt=F32
2026-02-22T19:40:18.621037Z  INFO cpal supported: ch=3 rate=1-384000 fmt=F32
2026-02-22T19:40:18.621039Z  INFO cpal supported: ch=4 rate=1-384000 fmt=F32
2026-02-22T19:40:18.621041Z  INFO cpal supported: ch=5 rate=1-384000 fmt=F32
2026-02-22T19:40:18.621043Z  INFO cpal supported: ch=6 rate=1-384000 fmt=F32
2026-02-22T19:40:18.621045Z  INFO cpal supported: ch=7 rate=1-384000 fmt=F32
2026-02-22T19:40:18.621047Z  INFO cpal supported: ch=8 rate=1-384000 fmt=F32
2026-02-22T19:40:18.621049Z  INFO cpal supported: ch=9 rate=1-384000 fmt=F32
2026-02-22T19:40:18.621051Z  INFO cpal supported: ch=10 rate=1-384000 fmt=F32
2026-02-22T19:40:18.621053Z  INFO cpal supported: ch=11 rate=1-384000 fmt=F32
2026-02-22T19:40:18.621055Z  INFO cpal supported: ch=12 rate=1-384000 fmt=F32
2026-02-22T19:40:18.621057Z  INFO cpal supported: ch=13 rate=1-384000 fmt=F32
2026-02-22T19:40:18.621059Z  INFO cpal supported: ch=14 rate=1-384000 fmt=F32
2026-02-22T19:40:18.621061Z  INFO cpal supported: ch=15 rate=1-384000 fmt=F32
2026-02-22T19:40:18.621063Z  INFO cpal supported: ch=16 rate=1-384000 fmt=F32
2026-02-22T19:40:18.621065Z  INFO cpal supported: ch=17 rate=1-384000 fmt=F32
2026-02-22T19:40:18.621067Z  INFO cpal supported: ch=18 rate=1-384000 fmt=F32
2026-02-22T19:40:18.621069Z  INFO cpal supported: ch=19 rate=1-384000 fmt=F32
2026-02-22T19:40:18.621071Z  INFO cpal supported: ch=20 rate=1-384000 fmt=F32
2026-02-22T19:40:18.621073Z  INFO cpal supported: ch=21 rate=1-384000 fmt=F32
2026-02-22T19:40:18.621075Z  INFO cpal supported: ch=22 rate=1-384000 fmt=F32
2026-02-22T19:40:18.621077Z  INFO cpal supported: ch=23 rate=1-384000 fmt=F32
2026-02-22T19:40:18.621079Z  INFO cpal supported: ch=24 rate=1-384000 fmt=F32
2026-02-22T19:40:18.621081Z  INFO cpal supported: ch=25 rate=1-384000 fmt=F32
2026-02-22T19:40:18.621083Z  INFO cpal supported: ch=26 rate=1-384000 fmt=F32
2026-02-22T19:40:18.621085Z  INFO cpal supported: ch=27 rate=1-384000 fmt=F32
2026-02-22T19:40:18.621087Z  INFO cpal supported: ch=28 rate=1-384000 fmt=F32
2026-02-22T19:40:18.621089Z  INFO cpal supported: ch=29 rate=1-384000 fmt=F32
2026-02-22T19:40:18.621091Z  INFO cpal supported: ch=30 rate=1-384000 fmt=F32
2026-02-22T19:40:18.621093Z  INFO cpal supported: ch=31 rate=1-384000 fmt=F32
2026-02-22T19:40:18.621095Z  INFO cpal supported: ch=32 rate=1-384000 fmt=F32
2026-02-22T19:40:18.621098Z  INFO cpal opening: device="default" ch=2 rate=48000
2026-02-22T19:40:18.635120Z  WARN ring underrun: needed 9600 got 0
2026-02-22T19:40:18.677751Z  WARN ring underrun: needed 4096 got 0
2026-02-22T19:40:18.720409Z  WARN ring underrun: needed 4096 got 0
2026-02-22T19:40:18.763103Z  WARN ring underrun: needed 4096 got 0
2026-02-22T19:40:18.805766Z  WARN ring underrun: needed 4096 got 0
2026-02-22T19:40:18.848418Z  WARN ring underrun: needed 4096 got 0
2026-02-22T19:40:18.873661Z  INFO Downloading ACE-Step v1.5 models from HuggingFace...
2026-02-22T19:40:18.873765Z  INFO All models downloaded successfully
2026-02-22T19:40:18.874111Z  INFO Loading tokenizer...
2026-02-22T19:40:18.891097Z  WARN ring underrun: needed 4096 got 0
2026-02-22T19:40:18.933711Z  WARN ring underrun: needed 4096 got 0
2026-02-22T19:40:18.976380Z  WARN ring underrun: needed 4096 got 0
2026-02-22T19:40:19.002613Z  INFO Diffusion (8 ODE steps): 7.82s
2026-02-22T19:40:19.019052Z  WARN ring underrun: needed 4096 got 0
2026-02-22T19:40:19.061770Z  WARN ring underrun: needed 4096 got 0
2026-02-22T19:40:19.104471Z  WARN ring underrun: needed 4096 got 0
2026-02-22T19:40:19.147127Z  WARN ring underrun: needed 4096 got 0
2026-02-22T19:40:19.189712Z  WARN ring underrun: needed 4096 got 0
2026-02-22T19:40:19.232422Z  WARN ring underrun: needed 4096 got 0
2026-02-22T19:40:19.275084Z  WARN ring underrun: needed 4096 got 0
2026-02-22T19:40:19.276056Z  INFO Loading Qwen3 text encoder...
2026-02-22T19:40:19.317789Z  WARN ring underrun: needed 4096 got 0
2026-02-22T19:40:19.360408Z  WARN ring underrun: needed 4096 got 0
2026-02-22T19:40:19.403052Z  WARN ring underrun: needed 4096 got 0
2026-02-22T19:40:19.445757Z  WARN ring underrun: needed 4096 got 0
2026-02-22T19:40:19.488405Z  WARN ring underrun: needed 4096 got 0
2026-02-22T19:40:19.531045Z  WARN ring underrun: needed 4096 got 0
2026-02-22T19:40:19.573724Z  WARN ring underrun: needed 4096 got 0
2026-02-22T19:40:19.616378Z  WARN ring underrun: needed 4096 got 0
2026-02-22T19:40:19.659068Z  WARN ring underrun: needed 4096 got 0
2026-02-22T19:40:19.701729Z  WARN ring underrun: needed 4096 got 0
2026-02-22T19:40:19.744419Z  WARN ring underrun: needed 4096 got 0
2026-02-22T19:40:19.787065Z  WARN ring underrun: needed 4096 got 0
2026-02-22T19:40:19.829718Z  WARN ring underrun: needed 4096 got 0
2026-02-22T19:40:19.872380Z  WARN ring underrun: needed 4096 got 0
2026-02-22T19:40:19.915047Z  WARN ring underrun: needed 4096 got 0
2026-02-22T19:40:19.957723Z  WARN ring underrun: needed 4096 got 0
2026-02-22T19:40:19.990753Z  INFO Loading DiT generation model...
2026-02-22T19:40:20.000415Z  WARN ring underrun: needed 4096 got 0
2026-02-22T19:40:20.043105Z  WARN ring underrun: needed 4096 got 0
2026-02-22T19:40:20.085817Z  WARN ring underrun: needed 4096 got 0
2026-02-22T19:40:20.128385Z  WARN ring underrun: needed 4096 got 0
Error: Pipeline: candle: DriverError(CUDA_ERROR_OUT_OF_MEMORY, "out of memory")
2026-02-22T19:40:24.737786Z  INFO VAE decode: 5.74s
2026-02-22T19:40:25.276171Z  INFO Total chunk: 14.13s
2026-02-22T19:40:25.292079Z  INFO === Sliding window step 8 (pos=240s window=240s step=30s is_first=false) ===
2026-02-22T19:40:25.292121Z  INFO event:step step=7 pos=210s audio=30.0s gen=14.14s step_s=30s window_s=240s
2026-02-22T19:40:25.292324Z  INFO   metas: pos=240s duration=480s mode=Advancing bpm=Some(128) key=Some("A minor")
2026-02-22T19:40:25.328755Z  INFO Generating chunk (6000 frames, 240.0s)...
2026-02-22T19:40:35.679378Z  INFO Listening on /tmp/ace-step.sock
2026-02-22T19:40:35.683394Z  INFO cpal supported: ch=1 rate=1-384000 fmt=U8
2026-02-22T19:40:35.683414Z  INFO cpal supported: ch=2 rate=1-384000 fmt=U8
2026-02-22T19:40:35.683417Z  INFO cpal supported: ch=3 rate=1-384000 fmt=U8
2026-02-22T19:40:35.683419Z  INFO cpal supported: ch=4 rate=1-384000 fmt=U8
2026-02-22T19:40:35.683421Z  INFO cpal supported: ch=5 rate=1-384000 fmt=U8
2026-02-22T19:40:35.683423Z  INFO cpal supported: ch=6 rate=1-384000 fmt=U8
2026-02-22T19:40:35.683425Z  INFO cpal supported: ch=7 rate=1-384000 fmt=U8
2026-02-22T19:40:35.683426Z  INFO cpal supported: ch=8 rate=1-384000 fmt=U8
2026-02-22T19:40:35.683428Z  INFO cpal supported: ch=9 rate=1-384000 fmt=U8
2026-02-22T19:40:35.683430Z  INFO cpal supported: ch=10 rate=1-384000 fmt=U8
2026-02-22T19:40:35.683432Z  INFO cpal supported: ch=11 rate=1-384000 fmt=U8
2026-02-22T19:40:35.683434Z  INFO cpal supported: ch=12 rate=1-384000 fmt=U8
2026-02-22T19:40:35.683436Z  INFO cpal supported: ch=13 rate=1-384000 fmt=U8
2026-02-22T19:40:35.683438Z  INFO cpal supported: ch=14 rate=1-384000 fmt=U8
2026-02-22T19:40:35.683451Z  INFO cpal supported: ch=15 rate=1-384000 fmt=U8
2026-02-22T19:40:35.683453Z  INFO cpal supported: ch=16 rate=1-384000 fmt=U8
2026-02-22T19:40:35.683455Z  INFO cpal supported: ch=17 rate=1-384000 fmt=U8
2026-02-22T19:40:35.683457Z  INFO cpal supported: ch=18 rate=1-384000 fmt=U8
2026-02-22T19:40:35.683459Z  INFO cpal supported: ch=19 rate=1-384000 fmt=U8
2026-02-22T19:40:35.683461Z  INFO cpal supported: ch=20 rate=1-384000 fmt=U8
2026-02-22T19:40:35.683463Z  INFO cpal supported: ch=21 rate=1-384000 fmt=U8
2026-02-22T19:40:35.683465Z  INFO cpal supported: ch=22 rate=1-384000 fmt=U8
2026-02-22T19:40:35.683467Z  INFO cpal supported: ch=23 rate=1-384000 fmt=U8
2026-02-22T19:40:35.683469Z  INFO cpal supported: ch=24 rate=1-384000 fmt=U8
2026-02-22T19:40:35.683471Z  INFO cpal supported: ch=25 rate=1-384000 fmt=U8
2026-02-22T19:40:35.683473Z  INFO cpal supported: ch=26 rate=1-384000 fmt=U8
2026-02-22T19:40:35.683475Z  INFO cpal supported: ch=27 rate=1-384000 fmt=U8
2026-02-22T19:40:35.683477Z  INFO cpal supported: ch=28 rate=1-384000 fmt=U8
2026-02-22T19:40:35.683479Z  INFO cpal supported: ch=29 rate=1-384000 fmt=U8
2026-02-22T19:40:35.683481Z  INFO cpal supported: ch=30 rate=1-384000 fmt=U8
2026-02-22T19:40:35.683483Z  INFO cpal supported: ch=31 rate=1-384000 fmt=U8
2026-02-22T19:40:35.683485Z  INFO cpal supported: ch=32 rate=1-384000 fmt=U8
2026-02-22T19:40:35.683487Z  INFO cpal supported: ch=1 rate=1-384000 fmt=I16
2026-02-22T19:40:35.683489Z  INFO cpal supported: ch=2 rate=1-384000 fmt=I16
2026-02-22T19:40:35.683491Z  INFO cpal supported: ch=3 rate=1-384000 fmt=I16
2026-02-22T19:40:35.683493Z  INFO cpal supported: ch=4 rate=1-384000 fmt=I16
2026-02-22T19:40:35.683495Z  INFO cpal supported: ch=5 rate=1-384000 fmt=I16
2026-02-22T19:40:35.683497Z  INFO cpal supported: ch=6 rate=1-384000 fmt=I16
2026-02-22T19:40:35.683498Z  INFO cpal supported: ch=7 rate=1-384000 fmt=I16
2026-02-22T19:40:35.683501Z  INFO cpal supported: ch=8 rate=1-384000 fmt=I16
2026-02-22T19:40:35.683502Z  INFO cpal supported: ch=9 rate=1-384000 fmt=I16
2026-02-22T19:40:35.683504Z  INFO cpal supported: ch=10 rate=1-384000 fmt=I16
2026-02-22T19:40:35.683506Z  INFO cpal supported: ch=11 rate=1-384000 fmt=I16
2026-02-22T19:40:35.683508Z  INFO cpal supported: ch=12 rate=1-384000 fmt=I16
2026-02-22T19:40:35.683510Z  INFO cpal supported: ch=13 rate=1-384000 fmt=I16
2026-02-22T19:40:35.683512Z  INFO cpal supported: ch=14 rate=1-384000 fmt=I16
2026-02-22T19:40:35.683514Z  INFO cpal supported: ch=15 rate=1-384000 fmt=I16
2026-02-22T19:40:35.683516Z  INFO cpal supported: ch=16 rate=1-384000 fmt=I16
2026-02-22T19:40:35.683518Z  INFO cpal supported: ch=17 rate=1-384000 fmt=I16
2026-02-22T19:40:35.683520Z  INFO cpal supported: ch=18 rate=1-384000 fmt=I16
2026-02-22T19:40:35.683522Z  INFO cpal supported: ch=19 rate=1-384000 fmt=I16
2026-02-22T19:40:35.683524Z  INFO cpal supported: ch=20 rate=1-384000 fmt=I16
2026-02-22T19:40:35.683526Z  INFO cpal supported: ch=21 rate=1-384000 fmt=I16
2026-02-22T19:40:35.683528Z  INFO cpal supported: ch=22 rate=1-384000 fmt=I16
2026-02-22T19:40:35.683530Z  INFO cpal supported: ch=23 rate=1-384000 fmt=I16
2026-02-22T19:40:35.683532Z  INFO cpal supported: ch=24 rate=1-384000 fmt=I16
2026-02-22T19:40:35.683534Z  INFO cpal supported: ch=25 rate=1-384000 fmt=I16
2026-02-22T19:40:35.683536Z  INFO cpal supported: ch=26 rate=1-384000 fmt=I16
2026-02-22T19:40:35.683539Z  INFO cpal supported: ch=27 rate=1-384000 fmt=I16
2026-02-22T19:40:35.683541Z  INFO cpal supported: ch=28 rate=1-384000 fmt=I16
2026-02-22T19:40:35.683543Z  INFO cpal supported: ch=29 rate=1-384000 fmt=I16
2026-02-22T19:40:35.683545Z  INFO cpal supported: ch=30 rate=1-384000 fmt=I16
2026-02-22T19:40:35.683547Z  INFO cpal supported: ch=31 rate=1-384000 fmt=I16
2026-02-22T19:40:35.683549Z  INFO cpal supported: ch=32 rate=1-384000 fmt=I16
2026-02-22T19:40:35.683551Z  INFO cpal supported: ch=1 rate=1-384000 fmt=I32
2026-02-22T19:40:35.683552Z  INFO cpal supported: ch=2 rate=1-384000 fmt=I32
2026-02-22T19:40:35.683557Z  INFO cpal supported: ch=3 rate=1-384000 fmt=I32
2026-02-22T19:40:35.683559Z  INFO cpal supported: ch=4 rate=1-384000 fmt=I32
2026-02-22T19:40:35.683561Z  INFO cpal supported: ch=5 rate=1-384000 fmt=I32
2026-02-22T19:40:35.683562Z  INFO cpal supported: ch=6 rate=1-384000 fmt=I32
2026-02-22T19:40:35.683564Z  INFO cpal supported: ch=7 rate=1-384000 fmt=I32
2026-02-22T19:40:35.683566Z  INFO cpal supported: ch=8 rate=1-384000 fmt=I32
2026-02-22T19:40:35.683567Z  INFO cpal supported: ch=9 rate=1-384000 fmt=I32
2026-02-22T19:40:35.683576Z  INFO cpal supported: ch=10 rate=1-384000 fmt=I32
2026-02-22T19:40:35.683579Z  INFO cpal supported: ch=11 rate=1-384000 fmt=I32
2026-02-22T19:40:35.683581Z  INFO cpal supported: ch=12 rate=1-384000 fmt=I32
2026-02-22T19:40:35.683582Z  INFO cpal supported: ch=13 rate=1-384000 fmt=I32
2026-02-22T19:40:35.683584Z  INFO cpal supported: ch=14 rate=1-384000 fmt=I32
2026-02-22T19:40:35.683586Z  INFO cpal supported: ch=15 rate=1-384000 fmt=I32
2026-02-22T19:40:35.683587Z  INFO cpal supported: ch=16 rate=1-384000 fmt=I32
2026-02-22T19:40:35.683589Z  INFO cpal supported: ch=17 rate=1-384000 fmt=I32
2026-02-22T19:40:35.683590Z  INFO cpal supported: ch=18 rate=1-384000 fmt=I32
2026-02-22T19:40:35.683592Z  INFO cpal supported: ch=19 rate=1-384000 fmt=I32
2026-02-22T19:40:35.683594Z  INFO cpal supported: ch=20 rate=1-384000 fmt=I32
2026-02-22T19:40:35.683595Z  INFO cpal supported: ch=21 rate=1-384000 fmt=I32
2026-02-22T19:40:35.683597Z  INFO cpal supported: ch=22 rate=1-384000 fmt=I32
2026-02-22T19:40:35.683598Z  INFO cpal supported: ch=23 rate=1-384000 fmt=I32
2026-02-22T19:40:35.683600Z  INFO cpal supported: ch=24 rate=1-384000 fmt=I32
2026-02-22T19:40:35.683602Z  INFO cpal supported: ch=25 rate=1-384000 fmt=I32
2026-02-22T19:40:35.683603Z  INFO cpal supported: ch=26 rate=1-384000 fmt=I32
2026-02-22T19:40:35.683605Z  INFO cpal supported: ch=27 rate=1-384000 fmt=I32
2026-02-22T19:40:35.683606Z  INFO cpal supported: ch=28 rate=1-384000 fmt=I32
2026-02-22T19:40:35.683608Z  INFO cpal supported: ch=29 rate=1-384000 fmt=I32
2026-02-22T19:40:35.683610Z  INFO cpal supported: ch=30 rate=1-384000 fmt=I32
2026-02-22T19:40:35.683611Z  INFO cpal supported: ch=31 rate=1-384000 fmt=I32
2026-02-22T19:40:35.683613Z  INFO cpal supported: ch=32 rate=1-384000 fmt=I32
2026-02-22T19:40:35.683614Z  INFO cpal supported: ch=1 rate=1-384000 fmt=F32
2026-02-22T19:40:35.683616Z  INFO cpal supported: ch=2 rate=1-384000 fmt=F32
2026-02-22T19:40:35.683618Z  INFO cpal supported: ch=3 rate=1-384000 fmt=F32
2026-02-22T19:40:35.683619Z  INFO cpal supported: ch=4 rate=1-384000 fmt=F32
2026-02-22T19:40:35.683621Z  INFO cpal supported: ch=5 rate=1-384000 fmt=F32
2026-02-22T19:40:35.683622Z  INFO cpal supported: ch=6 rate=1-384000 fmt=F32
2026-02-22T19:40:35.683624Z  INFO cpal supported: ch=7 rate=1-384000 fmt=F32
2026-02-22T19:40:35.683626Z  INFO cpal supported: ch=8 rate=1-384000 fmt=F32
2026-02-22T19:40:35.683627Z  INFO cpal supported: ch=9 rate=1-384000 fmt=F32
2026-02-22T19:40:35.683629Z  INFO cpal supported: ch=10 rate=1-384000 fmt=F32
2026-02-22T19:40:35.683630Z  INFO cpal supported: ch=11 rate=1-384000 fmt=F32
2026-02-22T19:40:35.683632Z  INFO cpal supported: ch=12 rate=1-384000 fmt=F32
2026-02-22T19:40:35.683633Z  INFO cpal supported: ch=13 rate=1-384000 fmt=F32
2026-02-22T19:40:35.683635Z  INFO cpal supported: ch=14 rate=1-384000 fmt=F32
2026-02-22T19:40:35.683637Z  INFO cpal supported: ch=15 rate=1-384000 fmt=F32
2026-02-22T19:40:35.683638Z  INFO cpal supported: ch=16 rate=1-384000 fmt=F32
2026-02-22T19:40:35.683640Z  INFO cpal supported: ch=17 rate=1-384000 fmt=F32
2026-02-22T19:40:35.683642Z  INFO cpal supported: ch=18 rate=1-384000 fmt=F32
2026-02-22T19:40:35.683643Z  INFO cpal supported: ch=19 rate=1-384000 fmt=F32
2026-02-22T19:40:35.683645Z  INFO cpal supported: ch=20 rate=1-384000 fmt=F32
2026-02-22T19:40:35.683646Z  INFO cpal supported: ch=21 rate=1-384000 fmt=F32
2026-02-22T19:40:35.683648Z  INFO cpal supported: ch=22 rate=1-384000 fmt=F32
2026-02-22T19:40:35.683650Z  INFO cpal supported: ch=23 rate=1-384000 fmt=F32
2026-02-22T19:40:35.683654Z  INFO cpal supported: ch=24 rate=1-384000 fmt=F32
2026-02-22T19:40:35.683656Z  INFO cpal supported: ch=25 rate=1-384000 fmt=F32
2026-02-22T19:40:35.683657Z  INFO cpal supported: ch=26 rate=1-384000 fmt=F32
2026-02-22T19:40:35.683659Z  INFO cpal supported: ch=27 rate=1-384000 fmt=F32
2026-02-22T19:40:35.683661Z  INFO cpal supported: ch=28 rate=1-384000 fmt=F32
2026-02-22T19:40:35.683662Z  INFO cpal supported: ch=29 rate=1-384000 fmt=F32
2026-02-22T19:40:35.683664Z  INFO cpal supported: ch=30 rate=1-384000 fmt=F32
2026-02-22T19:40:35.683665Z  INFO cpal supported: ch=31 rate=1-384000 fmt=F32
2026-02-22T19:40:35.683667Z  INFO cpal supported: ch=32 rate=1-384000 fmt=F32
2026-02-22T19:40:35.683670Z  INFO cpal opening: device="default" ch=2 rate=48000
2026-02-22T19:40:35.716210Z  WARN ring underrun: needed 9600 got 0
2026-02-22T19:40:35.758988Z  WARN ring underrun: needed 4096 got 0
2026-02-22T19:40:35.801503Z  WARN ring underrun: needed 4096 got 0
2026-02-22T19:40:35.844189Z  WARN ring underrun: needed 4096 got 0
2026-02-22T19:40:35.855781Z  INFO Downloading ACE-Step v1.5 models from HuggingFace...
2026-02-22T19:40:35.855867Z  INFO All models downloaded successfully
2026-02-22T19:40:35.856163Z  INFO Loading tokenizer...
2026-02-22T19:40:35.886821Z  WARN ring underrun: needed 4096 got 0
2026-02-22T19:40:35.929532Z  WARN ring underrun: needed 4096 got 0
2026-02-22T19:40:35.972189Z  WARN ring underrun: needed 4096 got 0
2026-02-22T19:40:36.014862Z  WARN ring underrun: needed 4096 got 0
2026-02-22T19:40:36.057542Z  WARN ring underrun: needed 4096 got 0
2026-02-22T19:40:36.100284Z  WARN ring underrun: needed 4096 got 0
2026-02-22T19:40:36.142954Z  WARN ring underrun: needed 4096 got 0
2026-02-22T19:40:36.185539Z  WARN ring underrun: needed 4096 got 0
2026-02-22T19:40:36.228208Z  WARN ring underrun: needed 4096 got 0
2026-02-22T19:40:36.250477Z  INFO Loading Qwen3 text encoder...
2026-02-22T19:40:36.270907Z  WARN ring underrun: needed 4096 got 0
2026-02-22T19:40:36.313692Z  WARN ring underrun: needed 4096 got 0
2026-02-22T19:40:36.356220Z  WARN ring underrun: needed 4096 got 0
2026-02-22T19:40:36.398886Z  WARN ring underrun: needed 4096 got 0
2026-02-22T19:40:36.441556Z  WARN ring underrun: needed 4096 got 0
2026-02-22T19:40:36.484235Z  WARN ring underrun: needed 4096 got 0
2026-02-22T19:40:36.526903Z  WARN ring underrun: needed 4096 got 0
2026-02-22T19:40:36.569576Z  WARN ring underrun: needed 4096 got 0
2026-02-22T19:40:36.612235Z  WARN ring underrun: needed 4096 got 0
2026-02-22T19:40:36.650010Z  INFO Loading DiT generation model...
2026-02-22T19:40:36.654923Z  WARN ring underrun: needed 4096 got 0
2026-02-22T19:40:36.697659Z  WARN ring underrun: needed 4096 got 0
2026-02-22T19:40:36.740284Z  WARN ring underrun: needed 4096 got 0
2026-02-22T19:40:36.782937Z  WARN ring underrun: needed 4096 got 0
2026-02-22T19:40:36.825613Z  WARN ring underrun: needed 4096 got 0
2026-02-22T19:40:36.868280Z  WARN ring underrun: needed 4096 got 0
2026-02-22T19:40:36.910944Z  WARN ring underrun: needed 4096 got 0
2026-02-22T19:40:36.953615Z  WARN ring underrun: needed 4096 got 0
2026-02-22T19:40:36.996285Z  WARN ring underrun: needed 4096 got 0
2026-02-22T19:40:37.038984Z  WARN ring underrun: needed 4096 got 0
2026-02-22T19:40:37.081623Z  WARN ring underrun: needed 4096 got 0
2026-02-22T19:40:37.124294Z  WARN ring underrun: needed 4096 got 0
2026-02-22T19:40:37.166961Z  WARN ring underrun: needed 4096 got 0
2026-02-22T19:40:37.209635Z  WARN ring underrun: needed 4096 got 0
2026-02-22T19:40:37.252303Z  WARN ring underrun: needed 4096 got 0
2026-02-22T19:40:37.294972Z  WARN ring underrun: needed 4096 got 0
2026-02-22T19:40:37.337676Z  WARN ring underrun: needed 4096 got 0
2026-02-22T19:40:37.380363Z  WARN ring underrun: needed 4096 got 0
2026-02-22T19:40:37.423011Z  WARN ring underrun: needed 4096 got 0
2026-02-22T19:40:37.465662Z  WARN ring underrun: needed 4096 got 0
2026-02-22T19:40:37.508312Z  WARN ring underrun: needed 4096 got 0
2026-02-22T19:40:37.550984Z  WARN ring underrun: needed 4096 got 0
2026-02-22T19:40:37.593653Z  WARN ring underrun: needed 4096 got 0
2026-02-22T19:40:37.636316Z  WARN ring underrun: needed 4096 got 0
2026-02-22T19:40:37.678983Z  WARN ring underrun: needed 4096 got 0
2026-02-22T19:40:37.721761Z  WARN ring underrun: needed 4096 got 0
2026-02-22T19:40:37.764376Z  WARN ring underrun: needed 4096 got 0
Listening on /tmp/ace-step.sock
2026-02-22T19:40:37.773538Z  INFO Listening on /tmp/ace-step.sock
2026-02-22T19:40:37.778232Z  INFO cpal supported: ch=1 rate=1-384000 fmt=U8
2026-02-22T19:40:37.778256Z  INFO cpal supported: ch=2 rate=1-384000 fmt=U8
2026-02-22T19:40:37.778258Z  INFO cpal supported: ch=3 rate=1-384000 fmt=U8
2026-02-22T19:40:37.778260Z  INFO cpal supported: ch=4 rate=1-384000 fmt=U8
2026-02-22T19:40:37.778262Z  INFO cpal supported: ch=5 rate=1-384000 fmt=U8
2026-02-22T19:40:37.778264Z  INFO cpal supported: ch=6 rate=1-384000 fmt=U8
2026-02-22T19:40:37.778266Z  INFO cpal supported: ch=7 rate=1-384000 fmt=U8
2026-02-22T19:40:37.778268Z  INFO cpal supported: ch=8 rate=1-384000 fmt=U8
2026-02-22T19:40:37.778270Z  INFO cpal supported: ch=9 rate=1-384000 fmt=U8
2026-02-22T19:40:37.778272Z  INFO cpal supported: ch=10 rate=1-384000 fmt=U8
2026-02-22T19:40:37.778274Z  INFO cpal supported: ch=11 rate=1-384000 fmt=U8
2026-02-22T19:40:37.778276Z  INFO cpal supported: ch=12 rate=1-384000 fmt=U8
2026-02-22T19:40:37.778278Z  INFO cpal supported: ch=13 rate=1-384000 fmt=U8
2026-02-22T19:40:37.778281Z  INFO cpal supported: ch=14 rate=1-384000 fmt=U8
2026-02-22T19:40:37.778283Z  INFO cpal supported: ch=15 rate=1-384000 fmt=U8
2026-02-22T19:40:37.778285Z  INFO cpal supported: ch=16 rate=1-384000 fmt=U8
2026-02-22T19:40:37.778287Z  INFO cpal supported: ch=17 rate=1-384000 fmt=U8
2026-02-22T19:40:37.778289Z  INFO cpal supported: ch=18 rate=1-384000 fmt=U8
2026-02-22T19:40:37.778291Z  INFO cpal supported: ch=19 rate=1-384000 fmt=U8
2026-02-22T19:40:37.778293Z  INFO cpal supported: ch=20 rate=1-384000 fmt=U8
2026-02-22T19:40:37.778295Z  INFO cpal supported: ch=21 rate=1-384000 fmt=U8
2026-02-22T19:40:37.778297Z  INFO cpal supported: ch=22 rate=1-384000 fmt=U8
2026-02-22T19:40:37.778299Z  INFO cpal supported: ch=23 rate=1-384000 fmt=U8
2026-02-22T19:40:37.778301Z  INFO cpal supported: ch=24 rate=1-384000 fmt=U8
2026-02-22T19:40:37.778303Z  INFO cpal supported: ch=25 rate=1-384000 fmt=U8
2026-02-22T19:40:37.778305Z  INFO cpal supported: ch=26 rate=1-384000 fmt=U8
2026-02-22T19:40:37.778307Z  INFO cpal supported: ch=27 rate=1-384000 fmt=U8
2026-02-22T19:40:37.778309Z  INFO cpal supported: ch=28 rate=1-384000 fmt=U8
2026-02-22T19:40:37.778311Z  INFO cpal supported: ch=29 rate=1-384000 fmt=U8
2026-02-22T19:40:37.778313Z  INFO cpal supported: ch=30 rate=1-384000 fmt=U8
2026-02-22T19:40:37.778315Z  INFO cpal supported: ch=31 rate=1-384000 fmt=U8
2026-02-22T19:40:37.778317Z  INFO cpal supported: ch=32 rate=1-384000 fmt=U8
2026-02-22T19:40:37.778319Z  INFO cpal supported: ch=1 rate=1-384000 fmt=I16
2026-02-22T19:40:37.778321Z  INFO cpal supported: ch=2 rate=1-384000 fmt=I16
2026-02-22T19:40:37.778323Z  INFO cpal supported: ch=3 rate=1-384000 fmt=I16
2026-02-22T19:40:37.778325Z  INFO cpal supported: ch=4 rate=1-384000 fmt=I16
2026-02-22T19:40:37.778327Z  INFO cpal supported: ch=5 rate=1-384000 fmt=I16
2026-02-22T19:40:37.778329Z  INFO cpal supported: ch=6 rate=1-384000 fmt=I16
2026-02-22T19:40:37.778331Z  INFO cpal supported: ch=7 rate=1-384000 fmt=I16
2026-02-22T19:40:37.778332Z  INFO cpal supported: ch=8 rate=1-384000 fmt=I16
2026-02-22T19:40:37.778334Z  INFO cpal supported: ch=9 rate=1-384000 fmt=I16
2026-02-22T19:40:37.778336Z  INFO cpal supported: ch=10 rate=1-384000 fmt=I16
2026-02-22T19:40:37.778338Z  INFO cpal supported: ch=11 rate=1-384000 fmt=I16
2026-02-22T19:40:37.778340Z  INFO cpal supported: ch=12 rate=1-384000 fmt=I16
2026-02-22T19:40:37.778342Z  INFO cpal supported: ch=13 rate=1-384000 fmt=I16
2026-02-22T19:40:37.778344Z  INFO cpal supported: ch=14 rate=1-384000 fmt=I16
2026-02-22T19:40:37.778346Z  INFO cpal supported: ch=15 rate=1-384000 fmt=I16
2026-02-22T19:40:37.778348Z  INFO cpal supported: ch=16 rate=1-384000 fmt=I16
2026-02-22T19:40:37.778360Z  INFO cpal supported: ch=17 rate=1-384000 fmt=I16
2026-02-22T19:40:37.778362Z  INFO cpal supported: ch=18 rate=1-384000 fmt=I16
2026-02-22T19:40:37.778364Z  INFO cpal supported: ch=19 rate=1-384000 fmt=I16
2026-02-22T19:40:37.778366Z  INFO cpal supported: ch=20 rate=1-384000 fmt=I16
2026-02-22T19:40:37.778368Z  INFO cpal supported: ch=21 rate=1-384000 fmt=I16
2026-02-22T19:40:37.778370Z  INFO cpal supported: ch=22 rate=1-384000 fmt=I16
2026-02-22T19:40:37.778372Z  INFO cpal supported: ch=23 rate=1-384000 fmt=I16
2026-02-22T19:40:37.778374Z  INFO cpal supported: ch=24 rate=1-384000 fmt=I16
2026-02-22T19:40:37.778376Z  INFO cpal supported: ch=25 rate=1-384000 fmt=I16
2026-02-22T19:40:37.778378Z  INFO cpal supported: ch=26 rate=1-384000 fmt=I16
2026-02-22T19:40:37.778380Z  INFO cpal supported: ch=27 rate=1-384000 fmt=I16
2026-02-22T19:40:37.778382Z  INFO cpal supported: ch=28 rate=1-384000 fmt=I16
2026-02-22T19:40:37.778384Z  INFO cpal supported: ch=29 rate=1-384000 fmt=I16
2026-02-22T19:40:37.778386Z  INFO cpal supported: ch=30 rate=1-384000 fmt=I16
2026-02-22T19:40:37.778388Z  INFO cpal supported: ch=31 rate=1-384000 fmt=I16
2026-02-22T19:40:37.778390Z  INFO cpal supported: ch=32 rate=1-384000 fmt=I16
2026-02-22T19:40:37.778392Z  INFO cpal supported: ch=1 rate=1-384000 fmt=I32
2026-02-22T19:40:37.778394Z  INFO cpal supported: ch=2 rate=1-384000 fmt=I32
2026-02-22T19:40:37.778396Z  INFO cpal supported: ch=3 rate=1-384000 fmt=I32
2026-02-22T19:40:37.778398Z  INFO cpal supported: ch=4 rate=1-384000 fmt=I32
2026-02-22T19:40:37.778400Z  INFO cpal supported: ch=5 rate=1-384000 fmt=I32
2026-02-22T19:40:37.778402Z  INFO cpal supported: ch=6 rate=1-384000 fmt=I32
2026-02-22T19:40:37.778404Z  INFO cpal supported: ch=7 rate=1-384000 fmt=I32
2026-02-22T19:40:37.778406Z  INFO cpal supported: ch=8 rate=1-384000 fmt=I32
2026-02-22T19:40:37.778407Z  INFO cpal supported: ch=9 rate=1-384000 fmt=I32
2026-02-22T19:40:37.778409Z  INFO cpal supported: ch=10 rate=1-384000 fmt=I32
2026-02-22T19:40:37.778411Z  INFO cpal supported: ch=11 rate=1-384000 fmt=I32
2026-02-22T19:40:37.778413Z  INFO cpal supported: ch=12 rate=1-384000 fmt=I32
2026-02-22T19:40:37.778415Z  INFO cpal supported: ch=13 rate=1-384000 fmt=I32
2026-02-22T19:40:37.778417Z  INFO cpal supported: ch=14 rate=1-384000 fmt=I32
2026-02-22T19:40:37.778419Z  INFO cpal supported: ch=15 rate=1-384000 fmt=I32
2026-02-22T19:40:37.778421Z  INFO cpal supported: ch=16 rate=1-384000 fmt=I32
2026-02-22T19:40:37.778423Z  INFO cpal supported: ch=17 rate=1-384000 fmt=I32
2026-02-22T19:40:37.778425Z  INFO cpal supported: ch=18 rate=1-384000 fmt=I32
2026-02-22T19:40:37.778427Z  INFO cpal supported: ch=19 rate=1-384000 fmt=I32
2026-02-22T19:40:37.778429Z  INFO cpal supported: ch=20 rate=1-384000 fmt=I32
2026-02-22T19:40:37.778431Z  INFO cpal supported: ch=21 rate=1-384000 fmt=I32
2026-02-22T19:40:37.778433Z  INFO cpal supported: ch=22 rate=1-384000 fmt=I32
2026-02-22T19:40:37.778435Z  INFO cpal supported: ch=23 rate=1-384000 fmt=I32
2026-02-22T19:40:37.778437Z  INFO cpal supported: ch=24 rate=1-384000 fmt=I32
2026-02-22T19:40:37.778439Z  INFO cpal supported: ch=25 rate=1-384000 fmt=I32
2026-02-22T19:40:37.778441Z  INFO cpal supported: ch=26 rate=1-384000 fmt=I32
2026-02-22T19:40:37.778443Z  INFO cpal supported: ch=27 rate=1-384000 fmt=I32
2026-02-22T19:40:37.778445Z  INFO cpal supported: ch=28 rate=1-384000 fmt=I32
2026-02-22T19:40:37.778447Z  INFO cpal supported: ch=29 rate=1-384000 fmt=I32
2026-02-22T19:40:37.778449Z  INFO cpal supported: ch=30 rate=1-384000 fmt=I32
2026-02-22T19:40:37.778451Z  INFO cpal supported: ch=31 rate=1-384000 fmt=I32
2026-02-22T19:40:37.778453Z  INFO cpal supported: ch=32 rate=1-384000 fmt=I32
2026-02-22T19:40:37.778454Z  INFO cpal supported: ch=1 rate=1-384000 fmt=F32
2026-02-22T19:40:37.778456Z  INFO cpal supported: ch=2 rate=1-384000 fmt=F32
2026-02-22T19:40:37.778458Z  INFO cpal supported: ch=3 rate=1-384000 fmt=F32
2026-02-22T19:40:37.778460Z  INFO cpal supported: ch=4 rate=1-384000 fmt=F32
2026-02-22T19:40:37.778462Z  INFO cpal supported: ch=5 rate=1-384000 fmt=F32
2026-02-22T19:40:37.778467Z  INFO cpal supported: ch=6 rate=1-384000 fmt=F32
2026-02-22T19:40:37.778469Z  INFO cpal supported: ch=7 rate=1-384000 fmt=F32
2026-02-22T19:40:37.778471Z  INFO cpal supported: ch=8 rate=1-384000 fmt=F32
2026-02-22T19:40:37.778473Z  INFO cpal supported: ch=9 rate=1-384000 fmt=F32
2026-02-22T19:40:37.778475Z  INFO cpal supported: ch=10 rate=1-384000 fmt=F32
2026-02-22T19:40:37.778477Z  INFO cpal supported: ch=11 rate=1-384000 fmt=F32
2026-02-22T19:40:37.778479Z  INFO cpal supported: ch=12 rate=1-384000 fmt=F32
2026-02-22T19:40:37.778481Z  INFO cpal supported: ch=13 rate=1-384000 fmt=F32
2026-02-22T19:40:37.778483Z  INFO cpal supported: ch=14 rate=1-384000 fmt=F32
2026-02-22T19:40:37.778485Z  INFO cpal supported: ch=15 rate=1-384000 fmt=F32
2026-02-22T19:40:37.778487Z  INFO cpal supported: ch=16 rate=1-384000 fmt=F32
2026-02-22T19:40:37.778489Z  INFO cpal supported: ch=17 rate=1-384000 fmt=F32
2026-02-22T19:40:37.778491Z  INFO cpal supported: ch=18 rate=1-384000 fmt=F32
2026-02-22T19:40:37.778493Z  INFO cpal supported: ch=19 rate=1-384000 fmt=F32
2026-02-22T19:40:37.778495Z  INFO cpal supported: ch=20 rate=1-384000 fmt=F32
2026-02-22T19:40:37.778497Z  INFO cpal supported: ch=21 rate=1-384000 fmt=F32
2026-02-22T19:40:37.778499Z  INFO cpal supported: ch=22 rate=1-384000 fmt=F32
2026-02-22T19:40:37.778501Z  INFO cpal supported: ch=23 rate=1-384000 fmt=F32
2026-02-22T19:40:37.778503Z  INFO cpal supported: ch=24 rate=1-384000 fmt=F32
2026-02-22T19:40:37.778505Z  INFO cpal supported: ch=25 rate=1-384000 fmt=F32
2026-02-22T19:40:37.778507Z  INFO cpal supported: ch=26 rate=1-384000 fmt=F32
2026-02-22T19:40:37.778509Z  INFO cpal supported: ch=27 rate=1-384000 fmt=F32
2026-02-22T19:40:37.778511Z  INFO cpal supported: ch=28 rate=1-384000 fmt=F32
2026-02-22T19:40:37.778513Z  INFO cpal supported: ch=29 rate=1-384000 fmt=F32
2026-02-22T19:40:37.778515Z  INFO cpal supported: ch=30 rate=1-384000 fmt=F32
2026-02-22T19:40:37.778517Z  INFO cpal supported: ch=31 rate=1-384000 fmt=F32
2026-02-22T19:40:37.778519Z  INFO cpal supported: ch=32 rate=1-384000 fmt=F32
2026-02-22T19:40:37.778522Z  INFO cpal opening: device="default" ch=2 rate=48000
2026-02-22T19:40:37.807118Z  WARN ring underrun: needed 4096 got 0
2026-02-22T19:40:37.807173Z  WARN ring underrun: needed 9600 got 0
2026-02-22T19:40:37.838511Z  INFO Loading VAE decoder...
2026-02-22T19:40:37.849688Z  WARN ring underrun: needed 4096 got 0
2026-02-22T19:40:37.849730Z  WARN ring underrun: needed 4096 got 0
2026-02-22T19:40:37.892453Z  WARN ring underrun: needed 4096 got 0
2026-02-22T19:40:37.892456Z  WARN ring underrun: needed 4096 got 0
2026-02-22T19:40:37.905289Z  INFO Loading silence latent...
2026-02-22T19:40:37.915829Z  INFO Loaded silence_latent: shape [1, 15000, 64], dtype F32
2026-02-22T19:40:37.915891Z  INFO Pipeline loaded successfully
2026-02-22T19:40:37.923910Z  INFO === Sliding window step 0 (pos=0s window=240s step=30s is_first=true) ===
2026-02-22T19:40:37.923939Z  INFO Pipeline ready
2026-02-22T19:40:37.924413Z  INFO   metas: pos=0s duration=240s mode=Advancing bpm=Some(128) key=Some("A minor")
2026-02-22T19:40:37.935145Z  WARN ring underrun: needed 4096 got 0
2026-02-22T19:40:37.935183Z  WARN ring underrun: needed 4096 got 0
2026-02-22T19:40:37.965467Z  INFO Downloading ACE-Step v1.5 models from HuggingFace...
2026-02-22T19:40:37.965593Z  INFO All models downloaded successfully
2026-02-22T19:40:37.966020Z  INFO Loading tokenizer...
2026-02-22T19:40:37.977694Z  WARN ring underrun: needed 4096 got 0
2026-02-22T19:40:37.977704Z  WARN ring underrun: needed 4096 got 0
2026-02-22T19:40:37.980106Z  INFO Generating chunk (6000 frames, 240.0s)...
2026-02-22T19:40:38.020427Z  WARN ring underrun: needed 4096 got 0
2026-02-22T19:40:38.020427Z  WARN ring underrun: needed 4096 got 0
2026-02-22T19:40:38.063029Z  WARN ring underrun: needed 4096 got 0
2026-02-22T19:40:38.063055Z  WARN ring underrun: needed 4096 got 0
2026-02-22T19:40:38.105717Z  WARN ring underrun: needed 4096 got 0
2026-02-22T19:40:38.105800Z  WARN ring underrun: needed 4096 got 0
2026-02-22T19:40:38.148339Z  WARN ring underrun: needed 4096 got 0
2026-02-22T19:40:38.148366Z  WARN ring underrun: needed 4096 got 0
2026-02-22T19:40:38.191078Z  WARN ring underrun: needed 4096 got 0
2026-02-22T19:40:38.191166Z  WARN ring underrun: needed 4096 got 0
2026-02-22T19:40:38.233655Z  WARN ring underrun: needed 4096 got 0
2026-02-22T19:40:38.233691Z  WARN ring underrun: needed 4096 got 0
2026-02-22T19:40:38.276375Z  WARN ring underrun: needed 4096 got 0
2026-02-22T19:40:38.276395Z  WARN ring underrun: needed 4096 got 0
2026-02-22T19:40:38.319125Z  WARN ring underrun: needed 4096 got 0
2026-02-22T19:40:38.319126Z  WARN ring underrun: needed 4096 got 0
2026-02-22T19:40:38.361698Z  WARN ring underrun: needed 4096 got 0
2026-02-22T19:40:38.361704Z  WARN ring underrun: needed 4096 got 0
2026-02-22T19:40:38.404368Z  WARN ring underrun: needed 4096 got 0
2026-02-22T19:40:38.404365Z  WARN ring underrun: needed 4096 got 0
2026-02-22T19:40:38.406179Z  INFO Loading Qwen3 text encoder...
2026-02-22T19:40:38.447036Z  WARN ring underrun: needed 4096 got 0
2026-02-22T19:40:38.447113Z  WARN ring underrun: needed 4096 got 0
2026-02-22T19:40:38.489657Z  WARN ring underrun: needed 4096 got 0
2026-02-22T19:40:38.489707Z  WARN ring underrun: needed 4096 got 0
2026-02-22T19:40:38.532372Z  WARN ring underrun: needed 4096 got 0
2026-02-22T19:40:38.532390Z  WARN ring underrun: needed 4096 got 0
2026-02-22T19:40:38.575149Z  WARN ring underrun: needed 4096 got 0
2026-02-22T19:40:38.575150Z  WARN ring underrun: needed 4096 got 0
2026-02-22T19:40:38.617668Z  WARN ring underrun: needed 4096 got 0
2026-02-22T19:40:38.617700Z  WARN ring underrun: needed 4096 got 0
2026-02-22T19:40:38.660325Z  WARN ring underrun: needed 4096 got 0
2026-02-22T19:40:38.660348Z  WARN ring underrun: needed 4096 got 0
2026-02-22T19:40:38.703020Z  WARN ring underrun: needed 4096 got 0
2026-02-22T19:40:38.703103Z  WARN ring underrun: needed 4096 got 0
2026-02-22T19:40:38.745660Z  WARN ring underrun: needed 4096 got 0
2026-02-22T19:40:38.745685Z  WARN ring underrun: needed 4096 got 0
2026-02-22T19:40:38.788364Z  WARN ring underrun: needed 4096 got 0
2026-02-22T19:40:38.788420Z  WARN ring underrun: needed 4096 got 0
2026-02-22T19:40:38.831070Z  WARN ring underrun: needed 4096 got 0
2026-02-22T19:40:38.831073Z  WARN ring underrun: needed 4096 got 0
2026-02-22T19:40:38.873666Z  WARN ring underrun: needed 4096 got 0
2026-02-22T19:40:38.873693Z  WARN ring underrun: needed 4096 got 0
2026-02-22T19:40:38.916324Z  WARN ring underrun: needed 4096 got 0
2026-02-22T19:40:38.916392Z  WARN ring underrun: needed 4096 got 0
2026-02-22T19:40:38.958987Z  WARN ring underrun: needed 4096 got 0
2026-02-22T19:40:38.959015Z  WARN ring underrun: needed 4096 got 0
2026-02-22T19:40:39.001651Z  WARN ring underrun: needed 4096 got 0
2026-02-22T19:40:39.001680Z  WARN ring underrun: needed 4096 got 0
2026-02-22T19:40:39.044338Z  WARN ring underrun: needed 4096 got 0
2026-02-22T19:40:39.044440Z  WARN ring underrun: needed 4096 got 0
2026-02-22T19:40:39.087015Z  WARN ring underrun: needed 4096 got 0
2026-02-22T19:40:39.087163Z  WARN ring underrun: needed 4096 got 0
2026-02-22T19:40:39.129656Z  WARN ring underrun: needed 4096 got 0
2026-02-22T19:40:39.129710Z  WARN ring underrun: needed 4096 got 0
2026-02-22T19:40:39.137425Z  INFO Loading DiT generation model...
2026-02-22T19:40:39.172330Z  WARN ring underrun: needed 4096 got 0
2026-02-22T19:40:39.172451Z  WARN ring underrun: needed 4096 got 0
2026-02-22T19:40:39.215002Z  WARN ring underrun: needed 4096 got 0
2026-02-22T19:40:39.215079Z  WARN ring underrun: needed 4096 got 0
2026-02-22T19:40:39.257661Z  WARN ring underrun: needed 4096 got 0
2026-02-22T19:40:39.257745Z  WARN ring underrun: needed 4096 got 0
2026-02-22T19:40:39.300330Z  WARN ring underrun: needed 4096 got 0
2026-02-22T19:40:39.300419Z  WARN ring underrun: needed 4096 got 0
2026-02-22T19:40:39.343063Z  WARN ring underrun: needed 4096 got 0
2026-02-22T19:40:39.343074Z  WARN ring underrun: needed 4096 got 0
2026-02-22T19:40:39.385663Z  WARN ring underrun: needed 4096 got 0
2026-02-22T19:40:39.385686Z  WARN ring underrun: needed 4096 got 0
Error: Pipeline: candle: DriverError(CUDA_ERROR_OUT_OF_MEMORY, "out of memory")
2026-02-22T19:40:39.428358Z  WARN ring underrun: needed 4096 got 0
2026-02-22T19:40:39.471011Z  WARN ring underrun: needed 4096 got 0
2026-02-22T19:40:39.513666Z  WARN ring underrun: needed 4096 got 0
2026-02-22T19:40:39.556324Z  WARN ring underrun: needed 4096 got 0
2026-02-22T19:40:39.598990Z  WARN ring underrun: needed 4096 got 0
2026-02-22T19:40:39.641661Z  WARN ring underrun: needed 4096 got 0
2026-02-22T19:40:39.684325Z  WARN ring underrun: needed 4096 got 0
2026-02-22T19:40:39.726990Z  WARN ring underrun: needed 4096 got 0
2026-02-22T19:40:39.769653Z  WARN ring underrun: needed 4096 got 0
2026-02-22T19:40:39.812320Z  WARN ring underrun: needed 4096 got 0
2026-02-22T19:40:39.854998Z  WARN ring underrun: needed 4096 got 0
2026-02-22T19:40:39.897652Z  WARN ring underrun: needed 4096 got 0
2026-02-22T19:40:39.940324Z  WARN ring underrun: needed 4096 got 0
2026-02-22T19:40:39.982992Z  WARN ring underrun: needed 4096 got 0
2026-02-22T19:40:40.025656Z  WARN ring underrun: needed 4096 got 0
2026-02-22T19:40:40.068330Z  WARN ring underrun: needed 4096 got 0
2026-02-22T19:40:40.111002Z  WARN ring underrun: needed 4096 got 0
2026-02-22T19:40:40.153658Z  WARN ring underrun: needed 4096 got 0
2026-02-22T19:40:40.196329Z  WARN ring underrun: needed 4096 got 0
2026-02-22T19:40:40.238982Z  WARN ring underrun: needed 4096 got 0
2026-02-22T19:40:40.281655Z  WARN ring underrun: needed 4096 got 0
2026-02-22T19:40:40.324338Z  WARN ring underrun: needed 4096 got 0
2026-02-22T19:40:40.367000Z  WARN ring underrun: needed 4096 got 0
2026-02-22T19:40:40.409660Z  WARN ring underrun: needed 4096 got 0
2026-02-22T19:40:40.452326Z  WARN ring underrun: needed 4096 got 0
2026-02-22T19:40:40.494988Z  WARN ring underrun: needed 4096 got 0
2026-02-22T19:40:40.537655Z  WARN ring underrun: needed 4096 got 0
2026-02-22T19:40:40.580327Z  WARN ring underrun: needed 4096 got 0
2026-02-22T19:40:40.622992Z  WARN ring underrun: needed 4096 got 0
2026-02-22T19:40:40.665658Z  WARN ring underrun: needed 4096 got 0
2026-02-22T19:40:40.708333Z  WARN ring underrun: needed 4096 got 0
2026-02-22T19:40:40.750994Z  WARN ring underrun: needed 4096 got 0
2026-02-22T19:40:40.793660Z  WARN ring underrun: needed 4096 got 0
2026-02-22T19:40:40.836326Z  WARN ring underrun: needed 4096 got 0
2026-02-22T19:40:40.878993Z  WARN ring underrun: needed 4096 got 0
2026-02-22T19:40:40.921660Z  WARN ring underrun: needed 4096 got 0
2026-02-22T19:40:40.964328Z  WARN ring underrun: needed 4096 got 0
2026-02-22T19:40:41.006991Z  WARN ring underrun: needed 4096 got 0
2026-02-22T19:40:41.049710Z  WARN ring underrun: needed 4096 got 0
2026-02-22T19:40:41.092375Z  WARN ring underrun: needed 4096 got 0
2026-02-22T19:40:41.135021Z  WARN ring underrun: needed 4096 got 0
2026-02-22T19:40:41.177666Z  WARN ring underrun: needed 4096 got 0
2026-02-22T19:40:41.220344Z  WARN ring underrun: needed 4096 got 0
2026-02-22T19:40:41.262998Z  WARN ring underrun: needed 4096 got 0
2026-02-22T19:40:41.305666Z  WARN ring underrun: needed 4096 got 0
2026-02-22T19:40:41.348349Z  WARN ring underrun: needed 4096 got 0
2026-02-22T19:40:41.391002Z  WARN ring underrun: needed 4096 got 0
2026-02-22T19:40:41.433664Z  WARN ring underrun: needed 4096 got 0
2026-02-22T19:40:41.476330Z  WARN ring underrun: needed 4096 got 0
2026-02-22T19:40:41.518999Z  WARN ring underrun: needed 4096 got 0
2026-02-22T19:40:41.561679Z  WARN ring underrun: needed 4096 got 0
2026-02-22T19:40:41.604334Z  WARN ring underrun: needed 4096 got 0
2026-02-22T19:40:41.646996Z  WARN ring underrun: needed 4096 got 0
2026-02-22T19:40:41.689661Z  WARN ring underrun: needed 4096 got 0
2026-02-22T19:40:41.732329Z  WARN ring underrun: needed 4096 got 0
2026-02-22T19:40:41.774994Z  WARN ring underrun: needed 4096 got 0
2026-02-22T19:40:41.817668Z  WARN ring underrun: needed 4096 got 0
2026-02-22T19:40:41.860341Z  WARN ring underrun: needed 4096 got 0
2026-02-22T19:40:41.903000Z  WARN ring underrun: needed 4096 got 0
2026-02-22T19:40:41.945667Z  WARN ring underrun: needed 4096 got 0
2026-02-22T19:40:41.988337Z  WARN ring underrun: needed 4096 got 0
2026-02-22T19:40:42.031002Z  WARN ring underrun: needed 4096 got 0
2026-02-22T19:40:42.073667Z  WARN ring underrun: needed 4096 got 0
2026-02-22T19:40:42.116334Z  WARN ring underrun: needed 4096 got 0
2026-02-22T19:40:42.159010Z  WARN ring underrun: needed 4096 got 0
2026-02-22T19:40:42.201669Z  WARN ring underrun: needed 4096 got 0
2026-02-22T19:40:42.244339Z  WARN ring underrun: needed 4096 got 0
2026-02-22T19:40:42.287002Z  WARN ring underrun: needed 4096 got 0
2026-02-22T19:40:42.329677Z  WARN ring underrun: needed 4096 got 0
2026-02-22T19:40:42.372357Z  WARN ring underrun: needed 4096 got 0
2026-02-22T19:40:42.415023Z  WARN ring underrun: needed 4096 got 0
2026-02-22T19:40:42.457678Z  WARN ring underrun: needed 4096 got 0
2026-02-22T19:40:42.500341Z  WARN ring underrun: needed 4096 got 0
2026-02-22T19:40:42.543007Z  WARN ring underrun: needed 4096 got 0
2026-02-22T19:40:42.585675Z  WARN ring underrun: needed 4096 got 0
2026-02-22T19:40:42.628343Z  WARN ring underrun: needed 4096 got 0
2026-02-22T19:40:42.671010Z  WARN ring underrun: needed 4096 got 0
2026-02-22T19:40:42.713825Z  WARN ring underrun: needed 4096 got 0
2026-02-22T19:40:42.756409Z  WARN ring underrun: needed 4096 got 0
2026-02-22T19:40:42.799033Z  WARN ring underrun: needed 4096 got 0
2026-02-22T19:40:42.841709Z  WARN ring underrun: needed 4096 got 0
2026-02-22T19:40:42.884398Z  WARN ring underrun: needed 4096 got 0
2026-02-22T19:40:42.927042Z  WARN ring underrun: needed 4096 got 0
2026-02-22T19:40:42.969723Z  WARN ring underrun: needed 4096 got 0
2026-02-22T19:40:43.012385Z  WARN ring underrun: needed 4096 got 0
2026-02-22T19:40:43.055040Z  WARN ring underrun: needed 4096 got 0
2026-02-22T19:40:43.097774Z  WARN ring underrun: needed 4096 got 0
2026-02-22T19:40:43.140401Z  WARN ring underrun: needed 4096 got 0
2026-02-22T19:40:43.183055Z  WARN ring underrun: needed 4096 got 0
2026-02-22T19:40:43.225840Z  WARN ring underrun: needed 4096 got 0
2026-02-22T19:40:43.268375Z  WARN ring underrun: needed 4096 got 0
2026-02-22T19:40:43.311059Z  WARN ring underrun: needed 4096 got 0
2026-02-22T19:40:43.353722Z  WARN ring underrun: needed 4096 got 0
2026-02-22T19:40:43.396398Z  WARN ring underrun: needed 4096 got 0
2026-02-22T19:40:43.439050Z  WARN ring underrun: needed 4096 got 0
2026-02-22T19:40:43.481719Z  WARN ring underrun: needed 4096 got 0
2026-02-22T19:40:43.524383Z  WARN ring underrun: needed 4096 got 0
2026-02-22T19:40:43.567059Z  WARN ring underrun: needed 4096 got 0
2026-02-22T19:40:43.609726Z  WARN ring underrun: needed 4096 got 0
2026-02-22T19:40:43.652403Z  WARN ring underrun: needed 4096 got 0
2026-02-22T19:40:43.695063Z  WARN ring underrun: needed 4096 got 0
2026-02-22T19:40:43.737738Z  WARN ring underrun: needed 4096 got 0
2026-02-22T19:40:43.780397Z  WARN ring underrun: needed 4096 got 0
2026-02-22T19:40:43.823058Z  WARN ring underrun: needed 4096 got 0
2026-02-22T19:40:43.865718Z  WARN ring underrun: needed 4096 got 0
2026-02-22T19:40:43.908400Z  WARN ring underrun: needed 4096 got 0
2026-02-22T19:40:43.951052Z  WARN ring underrun: needed 4096 got 0
2026-02-22T19:40:43.993759Z  WARN ring underrun: needed 4096 got 0
2026-02-22T19:40:44.036400Z  WARN ring underrun: needed 4096 got 0
2026-02-22T19:40:44.079076Z  WARN ring underrun: needed 4096 got 0
2026-02-22T19:40:44.121747Z  WARN ring underrun: needed 4096 got 0
2026-02-22T19:40:44.164444Z  WARN ring underrun: needed 4096 got 0
2026-02-22T19:40:44.207068Z  WARN ring underrun: needed 4096 got 0
2026-02-22T19:40:44.249851Z  WARN ring underrun: needed 4096 got 0
2026-02-22T19:40:44.292391Z  WARN ring underrun: needed 4096 got 0
2026-02-22T19:40:44.335074Z  WARN ring underrun: needed 4096 got 0
2026-02-22T19:40:44.377745Z  WARN ring underrun: needed 4096 got 0
2026-02-22T19:40:44.420422Z  WARN ring underrun: needed 4096 got 0
2026-02-22T19:40:44.463090Z  WARN ring underrun: needed 4096 got 0
2026-02-22T19:40:44.505750Z  WARN ring underrun: needed 4096 got 0
2026-02-22T19:40:44.548409Z  WARN ring underrun: needed 4096 got 0
2026-02-22T19:40:44.591069Z  WARN ring underrun: needed 4096 got 0
2026-02-22T19:40:44.633740Z  WARN ring underrun: needed 4096 got 0
2026-02-22T19:40:44.676405Z  WARN ring underrun: needed 4096 got 0
2026-02-22T19:40:44.719079Z  WARN ring underrun: needed 4096 got 0
2026-02-22T19:40:44.761765Z  WARN ring underrun: needed 4096 got 0
2026-02-22T19:40:44.804415Z  WARN ring underrun: needed 4096 got 0
2026-02-22T19:40:44.847081Z  WARN ring underrun: needed 4096 got 0
2026-02-22T19:40:44.889743Z  WARN ring underrun: needed 4096 got 0
2026-02-22T19:40:44.932397Z  WARN ring underrun: needed 4096 got 0
2026-02-22T19:40:44.975062Z  WARN ring underrun: needed 4096 got 0
2026-02-22T19:40:45.017741Z  WARN ring underrun: needed 4096 got 0
2026-02-22T19:40:45.060405Z  WARN ring underrun: needed 4096 got 0
2026-02-22T19:40:45.103079Z  WARN ring underrun: needed 4096 got 0
2026-02-22T19:40:45.145749Z  WARN ring underrun: needed 4096 got 0
2026-02-22T19:40:45.188415Z  WARN ring underrun: needed 4096 got 0
2026-02-22T19:40:45.231087Z  WARN ring underrun: needed 4096 got 0
2026-02-22T19:40:45.273733Z  WARN ring underrun: needed 4096 got 0
2026-02-22T19:40:45.316413Z  WARN ring underrun: needed 4096 got 0
2026-02-22T19:40:45.359081Z  WARN ring underrun: needed 4096 got 0
2026-02-22T19:40:45.401750Z  WARN ring underrun: needed 4096 got 0
2026-02-22T19:40:45.444413Z  WARN ring underrun: needed 4096 got 0
2026-02-22T19:40:45.487074Z  WARN ring underrun: needed 4096 got 0
2026-02-22T19:40:45.529748Z  WARN ring underrun: needed 4096 got 0
2026-02-22T19:40:45.572412Z  WARN ring underrun: needed 4096 got 0
2026-02-22T19:40:45.615081Z  WARN ring underrun: needed 4096 got 0
2026-02-22T19:40:45.657744Z  WARN ring underrun: needed 4096 got 0
2026-02-22T19:40:45.700416Z  WARN ring underrun: needed 4096 got 0
2026-02-22T19:40:45.705460Z  INFO Diffusion (8 ODE steps): 7.72s
2026-02-22T19:40:45.743089Z  WARN ring underrun: needed 4096 got 0
2026-02-22T19:40:45.785745Z  WARN ring underrun: needed 4096 got 0
2026-02-22T19:40:45.828420Z  WARN ring underrun: needed 4096 got 0
2026-02-22T19:40:45.871073Z  WARN ring underrun: needed 4096 got 0
2026-02-22T19:40:45.913768Z  WARN ring underrun: needed 4096 got 0
2026-02-22T19:40:45.956427Z  WARN ring underrun: needed 4096 got 0
2026-02-22T19:40:45.999095Z  WARN ring underrun: needed 4096 got 0
2026-02-22T19:40:46.041757Z  WARN ring underrun: needed 4096 got 0
2026-02-22T19:40:46.084426Z  WARN ring underrun: needed 4096 got 0
2026-02-22T19:40:46.127094Z  WARN ring underrun: needed 4096 got 0
2026-02-22T19:40:46.169761Z  WARN ring underrun: needed 4096 got 0
2026-02-22T19:40:46.212424Z  WARN ring underrun: needed 4096 got 0
2026-02-22T19:40:46.255097Z  WARN ring underrun: needed 4096 got 0
2026-02-22T19:40:46.297761Z  WARN ring underrun: needed 4096 got 0
2026-02-22T19:40:46.340422Z  WARN ring underrun: needed 4096 got 0
2026-02-22T19:40:46.383088Z  WARN ring underrun: needed 4096 got 0
2026-02-22T19:40:46.425761Z  WARN ring underrun: needed 4096 got 0
2026-02-22T19:40:46.468422Z  WARN ring underrun: needed 4096 got 0
2026-02-22T19:40:46.511089Z  WARN ring underrun: needed 4096 got 0
2026-02-22T19:40:46.553748Z  WARN ring underrun: needed 4096 got 0
2026-02-22T19:40:46.596441Z  WARN ring underrun: needed 4096 got 0
2026-02-22T19:40:46.639100Z  WARN ring underrun: needed 4096 got 0
2026-02-22T19:40:46.681757Z  WARN ring underrun: needed 4096 got 0
2026-02-22T19:40:46.724429Z  WARN ring underrun: needed 4096 got 0
2026-02-22T19:40:46.767102Z  WARN ring underrun: needed 4096 got 0
2026-02-22T19:40:46.809776Z  WARN ring underrun: needed 4096 got 0
2026-02-22T19:40:46.852454Z  WARN ring underrun: needed 4096 got 0
2026-02-22T19:40:46.895105Z  WARN ring underrun: needed 4096 got 0
2026-02-22T19:40:46.937776Z  WARN ring underrun: needed 4096 got 0
2026-02-22T19:40:46.980442Z  WARN ring underrun: needed 4096 got 0
2026-02-22T19:40:47.023109Z  WARN ring underrun: needed 4096 got 0
2026-02-22T19:40:47.065783Z  WARN ring underrun: needed 4096 got 0
2026-02-22T19:40:47.108446Z  WARN ring underrun: needed 4096 got 0
2026-02-22T19:40:47.151120Z  WARN ring underrun: needed 4096 got 0
2026-02-22T19:40:47.193779Z  WARN ring underrun: needed 4096 got 0
2026-02-22T19:40:47.236442Z  WARN ring underrun: needed 4096 got 0
2026-02-22T19:40:47.279119Z  WARN ring underrun: needed 4096 got 0
2026-02-22T19:40:47.321780Z  WARN ring underrun: needed 4096 got 0
2026-02-22T19:40:47.364454Z  WARN ring underrun: needed 4096 got 0
2026-02-22T19:40:47.407121Z  WARN ring underrun: needed 4096 got 0
2026-02-22T19:40:47.449775Z  WARN ring underrun: needed 4096 got 0
2026-02-22T19:40:47.492451Z  WARN ring underrun: needed 4096 got 0
2026-02-22T19:40:47.535117Z  WARN ring underrun: needed 4096 got 0
2026-02-22T19:40:47.577781Z  WARN ring underrun: needed 4096 got 0
2026-02-22T19:40:47.620474Z  WARN ring underrun: needed 4096 got 0
2026-02-22T19:40:47.663120Z  WARN ring underrun: needed 4096 got 0
2026-02-22T19:40:47.705794Z  WARN ring underrun: needed 4096 got 0
2026-02-22T19:40:47.748453Z  WARN ring underrun: needed 4096 got 0
2026-02-22T19:40:47.791124Z  WARN ring underrun: needed 4096 got 0
2026-02-22T19:40:47.833785Z  WARN ring underrun: needed 4096 got 0
2026-02-22T19:40:47.876444Z  WARN ring underrun: needed 4096 got 0
2026-02-22T19:40:47.919149Z  WARN ring underrun: needed 4096 got 0
2026-02-22T19:40:47.961788Z  WARN ring underrun: needed 4096 got 0
2026-02-22T19:40:48.004457Z  WARN ring underrun: needed 4096 got 0
2026-02-22T19:40:48.047125Z  WARN ring underrun: needed 4096 got 0
2026-02-22T19:40:48.089794Z  WARN ring underrun: needed 4096 got 0
2026-02-22T19:40:48.132478Z  WARN ring underrun: needed 4096 got 0
2026-02-22T19:40:48.175130Z  WARN ring underrun: needed 4096 got 0
2026-02-22T19:40:48.217798Z  WARN ring underrun: needed 4096 got 0
2026-02-22T19:40:48.260457Z  WARN ring underrun: needed 4096 got 0
2026-02-22T19:40:48.303133Z  WARN ring underrun: needed 4096 got 0
2026-02-22T19:40:48.345800Z  WARN ring underrun: needed 4096 got 0
2026-02-22T19:40:48.388464Z  WARN ring underrun: needed 4096 got 0
2026-02-22T19:40:48.431144Z  WARN ring underrun: needed 4096 got 0
2026-02-22T19:40:48.473904Z  WARN ring underrun: needed 4096 got 0
2026-02-22T19:40:48.516491Z  WARN ring underrun: needed 4096 got 0
2026-02-22T19:40:48.559166Z  WARN ring underrun: needed 4096 got 0
2026-02-22T19:40:48.601804Z  WARN ring underrun: needed 4096 got 0
2026-02-22T19:40:48.644477Z  WARN ring underrun: needed 4096 got 0
2026-02-22T19:40:48.687139Z  WARN ring underrun: needed 4096 got 0
2026-02-22T19:40:48.729809Z  WARN ring underrun: needed 4096 got 0
2026-02-22T19:40:48.772478Z  WARN ring underrun: needed 4096 got 0
2026-02-22T19:40:48.815143Z  WARN ring underrun: needed 4096 got 0
2026-02-22T19:40:48.857809Z  WARN ring underrun: needed 4096 got 0
2026-02-22T19:40:48.900502Z  WARN ring underrun: needed 4096 got 0
2026-02-22T19:40:48.943158Z  WARN ring underrun: needed 4096 got 0
2026-02-22T19:40:48.985820Z  WARN ring underrun: needed 4096 got 0
2026-02-22T19:40:49.028495Z  WARN ring underrun: needed 4096 got 0
2026-02-22T19:40:49.071157Z  WARN ring underrun: needed 4096 got 0
2026-02-22T19:40:49.113833Z  WARN ring underrun: needed 4096 got 0
2026-02-22T19:40:49.156484Z  WARN ring underrun: needed 4096 got 0
2026-02-22T19:40:49.199151Z  WARN ring underrun: needed 4096 got 0
2026-02-22T19:40:49.241827Z  WARN ring underrun: needed 4096 got 0
2026-02-22T19:40:49.284502Z  WARN ring underrun: needed 4096 got 0
2026-02-22T19:40:49.327189Z  WARN ring underrun: needed 4096 got 0
2026-02-22T19:40:49.369821Z  WARN ring underrun: needed 4096 got 0
2026-02-22T19:40:49.412471Z  WARN ring underrun: needed 4096 got 0
2026-02-22T19:40:49.455143Z  WARN ring underrun: needed 4096 got 0
2026-02-22T19:40:49.497834Z  WARN ring underrun: needed 4096 got 0
2026-02-22T19:40:49.540492Z  WARN ring underrun: needed 4096 got 0
2026-02-22T19:40:49.583154Z  WARN ring underrun: needed 4096 got 0
2026-02-22T19:40:49.596080Z ERROR Generation: candle: DriverError(CUDA_ERROR_DEINITIALIZED, "<Failure when calling cuGetErrorString()>")
2026-02-22T19:41:18.193892Z  INFO Listening on /tmp/ace-step.sock
2026-02-22T19:41:18.197774Z  INFO cpal supported: ch=1 rate=1-384000 fmt=U8
2026-02-22T19:41:18.197783Z  INFO cpal supported: ch=2 rate=1-384000 fmt=U8
2026-02-22T19:41:18.197785Z  INFO cpal supported: ch=3 rate=1-384000 fmt=U8
2026-02-22T19:41:18.197788Z  INFO cpal supported: ch=4 rate=1-384000 fmt=U8
2026-02-22T19:41:18.197791Z  INFO cpal supported: ch=5 rate=1-384000 fmt=U8
2026-02-22T19:41:18.197793Z  INFO cpal supported: ch=6 rate=1-384000 fmt=U8
2026-02-22T19:41:18.197796Z  INFO cpal supported: ch=7 rate=1-384000 fmt=U8
2026-02-22T19:41:18.197798Z  INFO cpal supported: ch=8 rate=1-384000 fmt=U8
2026-02-22T19:41:18.197801Z  INFO cpal supported: ch=9 rate=1-384000 fmt=U8
2026-02-22T19:41:18.197803Z  INFO cpal supported: ch=10 rate=1-384000 fmt=U8
2026-02-22T19:41:18.197806Z  INFO cpal supported: ch=11 rate=1-384000 fmt=U8
2026-02-22T19:41:18.197808Z  INFO cpal supported: ch=12 rate=1-384000 fmt=U8
2026-02-22T19:41:18.197811Z  INFO cpal supported: ch=13 rate=1-384000 fmt=U8
2026-02-22T19:41:18.197813Z  INFO cpal supported: ch=14 rate=1-384000 fmt=U8
2026-02-22T19:41:18.197816Z  INFO cpal supported: ch=15 rate=1-384000 fmt=U8
2026-02-22T19:41:18.197819Z  INFO cpal supported: ch=16 rate=1-384000 fmt=U8
2026-02-22T19:41:18.197821Z  INFO cpal supported: ch=17 rate=1-384000 fmt=U8
2026-02-22T19:41:18.197824Z  INFO cpal supported: ch=18 rate=1-384000 fmt=U8
2026-02-22T19:41:18.197826Z  INFO cpal supported: ch=19 rate=1-384000 fmt=U8
2026-02-22T19:41:18.197829Z  INFO cpal supported: ch=20 rate=1-384000 fmt=U8
2026-02-22T19:41:18.197831Z  INFO cpal supported: ch=21 rate=1-384000 fmt=U8
2026-02-22T19:41:18.197834Z  INFO cpal supported: ch=22 rate=1-384000 fmt=U8
2026-02-22T19:41:18.197836Z  INFO cpal supported: ch=23 rate=1-384000 fmt=U8
2026-02-22T19:41:18.197839Z  INFO cpal supported: ch=24 rate=1-384000 fmt=U8
2026-02-22T19:41:18.197841Z  INFO cpal supported: ch=25 rate=1-384000 fmt=U8
2026-02-22T19:41:18.197844Z  INFO cpal supported: ch=26 rate=1-384000 fmt=U8
2026-02-22T19:41:18.197846Z  INFO cpal supported: ch=27 rate=1-384000 fmt=U8
2026-02-22T19:41:18.197849Z  INFO cpal supported: ch=28 rate=1-384000 fmt=U8
2026-02-22T19:41:18.197851Z  INFO cpal supported: ch=29 rate=1-384000 fmt=U8
2026-02-22T19:41:18.197854Z  INFO cpal supported: ch=30 rate=1-384000 fmt=U8
2026-02-22T19:41:18.197856Z  INFO cpal supported: ch=31 rate=1-384000 fmt=U8
2026-02-22T19:41:18.197859Z  INFO cpal supported: ch=32 rate=1-384000 fmt=U8
2026-02-22T19:41:18.197861Z  INFO cpal supported: ch=1 rate=1-384000 fmt=I16
2026-02-22T19:41:18.197864Z  INFO cpal supported: ch=2 rate=1-384000 fmt=I16
2026-02-22T19:41:18.197866Z  INFO cpal supported: ch=3 rate=1-384000 fmt=I16
2026-02-22T19:41:18.197869Z  INFO cpal supported: ch=4 rate=1-384000 fmt=I16
2026-02-22T19:41:18.197872Z  INFO cpal supported: ch=5 rate=1-384000 fmt=I16
2026-02-22T19:41:18.197874Z  INFO cpal supported: ch=6 rate=1-384000 fmt=I16
2026-02-22T19:41:18.197877Z  INFO cpal supported: ch=7 rate=1-384000 fmt=I16
2026-02-22T19:41:18.197879Z  INFO cpal supported: ch=8 rate=1-384000 fmt=I16
2026-02-22T19:41:18.197882Z  INFO cpal supported: ch=9 rate=1-384000 fmt=I16
2026-02-22T19:41:18.197884Z  INFO cpal supported: ch=10 rate=1-384000 fmt=I16
2026-02-22T19:41:18.197887Z  INFO cpal supported: ch=11 rate=1-384000 fmt=I16
2026-02-22T19:41:18.197889Z  INFO cpal supported: ch=12 rate=1-384000 fmt=I16
2026-02-22T19:41:18.197892Z  INFO cpal supported: ch=13 rate=1-384000 fmt=I16
2026-02-22T19:41:18.197894Z  INFO cpal supported: ch=14 rate=1-384000 fmt=I16
2026-02-22T19:41:18.197897Z  INFO cpal supported: ch=15 rate=1-384000 fmt=I16
2026-02-22T19:41:18.197899Z  INFO cpal supported: ch=16 rate=1-384000 fmt=I16
2026-02-22T19:41:18.197902Z  INFO cpal supported: ch=17 rate=1-384000 fmt=I16
2026-02-22T19:41:18.197905Z  INFO cpal supported: ch=18 rate=1-384000 fmt=I16
2026-02-22T19:41:18.197908Z  INFO cpal supported: ch=19 rate=1-384000 fmt=I16
2026-02-22T19:41:18.197911Z  INFO cpal supported: ch=20 rate=1-384000 fmt=I16
2026-02-22T19:41:18.197914Z  INFO cpal supported: ch=21 rate=1-384000 fmt=I16
2026-02-22T19:41:18.197925Z  INFO cpal supported: ch=22 rate=1-384000 fmt=I16
2026-02-22T19:41:18.197927Z  INFO cpal supported: ch=23 rate=1-384000 fmt=I16
2026-02-22T19:41:18.197929Z  INFO cpal supported: ch=24 rate=1-384000 fmt=I16
2026-02-22T19:41:18.197931Z  INFO cpal supported: ch=25 rate=1-384000 fmt=I16
2026-02-22T19:41:18.197933Z  INFO cpal supported: ch=26 rate=1-384000 fmt=I16
2026-02-22T19:41:18.197935Z  INFO cpal supported: ch=27 rate=1-384000 fmt=I16
2026-02-22T19:41:18.197937Z  INFO cpal supported: ch=28 rate=1-384000 fmt=I16
2026-02-22T19:41:18.197938Z  INFO cpal supported: ch=29 rate=1-384000 fmt=I16
2026-02-22T19:41:18.197940Z  INFO cpal supported: ch=30 rate=1-384000 fmt=I16
2026-02-22T19:41:18.197942Z  INFO cpal supported: ch=31 rate=1-384000 fmt=I16
2026-02-22T19:41:18.197943Z  INFO cpal supported: ch=32 rate=1-384000 fmt=I16
2026-02-22T19:41:18.197945Z  INFO cpal supported: ch=1 rate=1-384000 fmt=I32
2026-02-22T19:41:18.197946Z  INFO cpal supported: ch=2 rate=1-384000 fmt=I32
2026-02-22T19:41:18.197948Z  INFO cpal supported: ch=3 rate=1-384000 fmt=I32
2026-02-22T19:41:18.197950Z  INFO cpal supported: ch=4 rate=1-384000 fmt=I32
2026-02-22T19:41:18.197951Z  INFO cpal supported: ch=5 rate=1-384000 fmt=I32
2026-02-22T19:41:18.197953Z  INFO cpal supported: ch=6 rate=1-384000 fmt=I32
2026-02-22T19:41:18.197955Z  INFO cpal supported: ch=7 rate=1-384000 fmt=I32
2026-02-22T19:41:18.197956Z  INFO cpal supported: ch=8 rate=1-384000 fmt=I32
2026-02-22T19:41:18.197958Z  INFO cpal supported: ch=9 rate=1-384000 fmt=I32
2026-02-22T19:41:18.197959Z  INFO cpal supported: ch=10 rate=1-384000 fmt=I32
2026-02-22T19:41:18.197961Z  INFO cpal supported: ch=11 rate=1-384000 fmt=I32
2026-02-22T19:41:18.197963Z  INFO cpal supported: ch=12 rate=1-384000 fmt=I32
2026-02-22T19:41:18.197964Z  INFO cpal supported: ch=13 rate=1-384000 fmt=I32
2026-02-22T19:41:18.197966Z  INFO cpal supported: ch=14 rate=1-384000 fmt=I32
2026-02-22T19:41:18.197968Z  INFO cpal supported: ch=15 rate=1-384000 fmt=I32
2026-02-22T19:41:18.197969Z  INFO cpal supported: ch=16 rate=1-384000 fmt=I32
2026-02-22T19:41:18.197971Z  INFO cpal supported: ch=17 rate=1-384000 fmt=I32
2026-02-22T19:41:18.197972Z  INFO cpal supported: ch=18 rate=1-384000 fmt=I32
2026-02-22T19:41:18.197974Z  INFO cpal supported: ch=19 rate=1-384000 fmt=I32
2026-02-22T19:41:18.197976Z  INFO cpal supported: ch=20 rate=1-384000 fmt=I32
2026-02-22T19:41:18.197977Z  INFO cpal supported: ch=21 rate=1-384000 fmt=I32
2026-02-22T19:41:18.197979Z  INFO cpal supported: ch=22 rate=1-384000 fmt=I32
2026-02-22T19:41:18.197981Z  INFO cpal supported: ch=23 rate=1-384000 fmt=I32
2026-02-22T19:41:18.197982Z  INFO cpal supported: ch=24 rate=1-384000 fmt=I32
2026-02-22T19:41:18.197984Z  INFO cpal supported: ch=25 rate=1-384000 fmt=I32
2026-02-22T19:41:18.197985Z  INFO cpal supported: ch=26 rate=1-384000 fmt=I32
2026-02-22T19:41:18.197987Z  INFO cpal supported: ch=27 rate=1-384000 fmt=I32
2026-02-22T19:41:18.197989Z  INFO cpal supported: ch=28 rate=1-384000 fmt=I32
2026-02-22T19:41:18.197990Z  INFO cpal supported: ch=29 rate=1-384000 fmt=I32
2026-02-22T19:41:18.197992Z  INFO cpal supported: ch=30 rate=1-384000 fmt=I32
2026-02-22T19:41:18.197994Z  INFO cpal supported: ch=31 rate=1-384000 fmt=I32
2026-02-22T19:41:18.197995Z  INFO cpal supported: ch=32 rate=1-384000 fmt=I32
2026-02-22T19:41:18.197997Z  INFO cpal supported: ch=1 rate=1-384000 fmt=F32
2026-02-22T19:41:18.197998Z  INFO cpal supported: ch=2 rate=1-384000 fmt=F32
2026-02-22T19:41:18.198000Z  INFO cpal supported: ch=3 rate=1-384000 fmt=F32
2026-02-22T19:41:18.198002Z  INFO cpal supported: ch=4 rate=1-384000 fmt=F32
2026-02-22T19:41:18.198003Z  INFO cpal supported: ch=5 rate=1-384000 fmt=F32
2026-02-22T19:41:18.198005Z  INFO cpal supported: ch=6 rate=1-384000 fmt=F32
2026-02-22T19:41:18.198006Z  INFO cpal supported: ch=7 rate=1-384000 fmt=F32
2026-02-22T19:41:18.198008Z  INFO cpal supported: ch=8 rate=1-384000 fmt=F32
2026-02-22T19:41:18.198010Z  INFO cpal supported: ch=9 rate=1-384000 fmt=F32
2026-02-22T19:41:18.198014Z  INFO cpal supported: ch=10 rate=1-384000 fmt=F32
2026-02-22T19:41:18.198016Z  INFO cpal supported: ch=11 rate=1-384000 fmt=F32
2026-02-22T19:41:18.198018Z  INFO cpal supported: ch=12 rate=1-384000 fmt=F32
2026-02-22T19:41:18.198019Z  INFO cpal supported: ch=13 rate=1-384000 fmt=F32
2026-02-22T19:41:18.198021Z  INFO cpal supported: ch=14 rate=1-384000 fmt=F32
2026-02-22T19:41:18.198023Z  INFO cpal supported: ch=15 rate=1-384000 fmt=F32
2026-02-22T19:41:18.198024Z  INFO cpal supported: ch=16 rate=1-384000 fmt=F32
2026-02-22T19:41:18.198026Z  INFO cpal supported: ch=17 rate=1-384000 fmt=F32
2026-02-22T19:41:18.198028Z  INFO cpal supported: ch=18 rate=1-384000 fmt=F32
2026-02-22T19:41:18.198029Z  INFO cpal supported: ch=19 rate=1-384000 fmt=F32
2026-02-22T19:41:18.198031Z  INFO cpal supported: ch=20 rate=1-384000 fmt=F32
2026-02-22T19:41:18.198032Z  INFO cpal supported: ch=21 rate=1-384000 fmt=F32
2026-02-22T19:41:18.198034Z  INFO cpal supported: ch=22 rate=1-384000 fmt=F32
2026-02-22T19:41:18.198036Z  INFO cpal supported: ch=23 rate=1-384000 fmt=F32
2026-02-22T19:41:18.198037Z  INFO cpal supported: ch=24 rate=1-384000 fmt=F32
2026-02-22T19:41:18.198039Z  INFO cpal supported: ch=25 rate=1-384000 fmt=F32
2026-02-22T19:41:18.198041Z  INFO cpal supported: ch=26 rate=1-384000 fmt=F32
2026-02-22T19:41:18.198043Z  INFO cpal supported: ch=27 rate=1-384000 fmt=F32
2026-02-22T19:41:18.198045Z  INFO cpal supported: ch=28 rate=1-384000 fmt=F32
2026-02-22T19:41:18.198047Z  INFO cpal supported: ch=29 rate=1-384000 fmt=F32
2026-02-22T19:41:18.198049Z  INFO cpal supported: ch=30 rate=1-384000 fmt=F32
2026-02-22T19:41:18.198051Z  INFO cpal supported: ch=31 rate=1-384000 fmt=F32
2026-02-22T19:41:18.198053Z  INFO cpal supported: ch=32 rate=1-384000 fmt=F32
2026-02-22T19:41:18.198056Z  INFO cpal opening: device="default" ch=2 rate=48000
2026-02-22T19:41:18.231138Z  WARN ring underrun: needed 9600 got 0
2026-02-22T19:41:18.273762Z  WARN ring underrun: needed 4096 got 0
2026-02-22T19:41:18.316422Z  WARN ring underrun: needed 4096 got 0
2026-02-22T19:41:18.359093Z  WARN ring underrun: needed 4096 got 0
2026-02-22T19:41:18.375343Z  INFO Downloading ACE-Step v1.5 models from HuggingFace...
2026-02-22T19:41:18.375420Z  INFO All models downloaded successfully
2026-02-22T19:41:18.375726Z  INFO Loading tokenizer...
2026-02-22T19:41:18.401779Z  WARN ring underrun: needed 4096 got 0
2026-02-22T19:41:18.444449Z  WARN ring underrun: needed 4096 got 0
2026-02-22T19:41:18.487123Z  WARN ring underrun: needed 4096 got 0
2026-02-22T19:41:18.529792Z  WARN ring underrun: needed 4096 got 0
2026-02-22T19:41:18.572474Z  WARN ring underrun: needed 4096 got 0
2026-02-22T19:41:18.615133Z  WARN ring underrun: needed 4096 got 0
2026-02-22T19:41:18.657814Z  WARN ring underrun: needed 4096 got 0
2026-02-22T19:41:18.700507Z  WARN ring underrun: needed 4096 got 0
2026-02-22T19:41:18.706400Z  INFO Loading Qwen3 text encoder...
2026-02-22T19:41:18.743222Z  WARN ring underrun: needed 4096 got 0
2026-02-22T19:41:18.785842Z  WARN ring underrun: needed 4096 got 0
2026-02-22T19:41:18.828599Z  WARN ring underrun: needed 4096 got 0
2026-02-22T19:41:18.871281Z  WARN ring underrun: needed 4096 got 0
2026-02-22T19:41:18.913923Z  WARN ring underrun: needed 4096 got 0
2026-02-22T19:41:18.956547Z  WARN ring underrun: needed 4096 got 0
2026-02-22T19:41:18.999227Z  WARN ring underrun: needed 4096 got 0
2026-02-22T19:41:19.041914Z  WARN ring underrun: needed 4096 got 0
2026-02-22T19:41:19.084531Z  WARN ring underrun: needed 4096 got 0
2026-02-22T19:41:19.105138Z  INFO Loading DiT generation model...
2026-02-22T19:41:19.127233Z  WARN ring underrun: needed 4096 got 0
2026-02-22T19:41:19.169906Z  WARN ring underrun: needed 4096 got 0
2026-02-22T19:41:19.212559Z  WARN ring underrun: needed 4096 got 0
2026-02-22T19:41:19.255227Z  WARN ring underrun: needed 4096 got 0
2026-02-22T19:41:19.297915Z  WARN ring underrun: needed 4096 got 0
2026-02-22T19:41:19.340647Z  WARN ring underrun: needed 4096 got 0
2026-02-22T19:41:19.383308Z  WARN ring underrun: needed 4096 got 0
2026-02-22T19:41:19.425923Z  WARN ring underrun: needed 4096 got 0
2026-02-22T19:41:19.468621Z  WARN ring underrun: needed 4096 got 0
2026-02-22T19:41:19.511229Z  WARN ring underrun: needed 4096 got 0
2026-02-22T19:41:19.553880Z  WARN ring underrun: needed 4096 got 0
2026-02-22T19:41:19.596555Z  WARN ring underrun: needed 4096 got 0
2026-02-22T19:41:19.639230Z  WARN ring underrun: needed 4096 got 0
2026-02-22T19:41:19.681897Z  WARN ring underrun: needed 4096 got 0
2026-02-22T19:41:19.724567Z  WARN ring underrun: needed 4096 got 0
2026-02-22T19:41:19.767227Z  WARN ring underrun: needed 4096 got 0
2026-02-22T19:41:19.809902Z  WARN ring underrun: needed 4096 got 0
2026-02-22T19:41:19.852574Z  WARN ring underrun: needed 4096 got 0
2026-02-22T19:41:19.895245Z  WARN ring underrun: needed 4096 got 0
2026-02-22T19:41:19.937912Z  WARN ring underrun: needed 4096 got 0
2026-02-22T19:41:19.980620Z  WARN ring underrun: needed 4096 got 0
2026-02-22T19:41:20.023352Z  WARN ring underrun: needed 4096 got 0
2026-02-22T19:41:20.066027Z  WARN ring underrun: needed 4096 got 0
2026-02-22T19:41:20.108638Z  WARN ring underrun: needed 4096 got 0
2026-02-22T19:41:20.151258Z  WARN ring underrun: needed 4096 got 0
2026-02-22T19:41:20.193926Z  WARN ring underrun: needed 4096 got 0
2026-02-22T19:41:20.236606Z  WARN ring underrun: needed 4096 got 0
2026-02-22T19:41:20.279259Z  WARN ring underrun: needed 4096 got 0
2026-02-22T19:41:20.305705Z  INFO Loading VAE decoder...
2026-02-22T19:41:20.321938Z  WARN ring underrun: needed 4096 got 0
2026-02-22T19:41:20.352293Z  INFO Loading silence latent...
2026-02-22T19:41:20.360146Z  INFO Loaded silence_latent: shape [1, 15000, 64], dtype F32
2026-02-22T19:41:20.360183Z  INFO Pipeline loaded successfully
2026-02-22T19:41:20.364597Z  WARN ring underrun: needed 4096 got 0
2026-02-22T19:41:20.367256Z  INFO === Sliding window step 0 (pos=0s window=240s step=30s is_first=true) ===
2026-02-22T19:41:20.367273Z  INFO Pipeline ready
2026-02-22T19:41:20.367786Z  INFO   metas: pos=0s duration=240s mode=Advancing bpm=Some(128) key=Some("A minor")
2026-02-22T19:41:20.407259Z  WARN ring underrun: needed 4096 got 0
2026-02-22T19:41:20.418265Z  INFO Generating chunk (6000 frames, 240.0s)...
2026-02-22T19:41:20.449953Z  WARN ring underrun: needed 4096 got 0
2026-02-22T19:41:20.492610Z  WARN ring underrun: needed 4096 got 0
2026-02-22T19:41:20.535273Z  WARN ring underrun: needed 4096 got 0
2026-02-22T19:41:20.577940Z  WARN ring underrun: needed 4096 got 0
2026-02-22T19:41:20.620603Z  WARN ring underrun: needed 4096 got 0
2026-02-22T19:41:20.663266Z  WARN ring underrun: needed 4096 got 0
2026-02-22T19:41:20.705935Z  WARN ring underrun: needed 4096 got 0
2026-02-22T19:41:20.748603Z  WARN ring underrun: needed 4096 got 0
2026-02-22T19:41:20.791277Z  WARN ring underrun: needed 4096 got 0
2026-02-22T19:41:20.833940Z  WARN ring underrun: needed 4096 got 0
2026-02-22T19:41:20.876611Z  WARN ring underrun: needed 4096 got 0
2026-02-22T19:41:20.919275Z  WARN ring underrun: needed 4096 got 0
2026-02-22T19:41:20.961960Z  WARN ring underrun: needed 4096 got 0
2026-02-22T19:41:21.004623Z  WARN ring underrun: needed 4096 got 0
2026-02-22T19:41:21.047284Z  WARN ring underrun: needed 4096 got 0
2026-02-22T19:41:21.089952Z  WARN ring underrun: needed 4096 got 0
2026-02-22T19:41:21.132608Z  WARN ring underrun: needed 4096 got 0
2026-02-22T19:41:21.175282Z  WARN ring underrun: needed 4096 got 0
2026-02-22T19:41:21.217958Z  WARN ring underrun: needed 4096 got 0
2026-02-22T19:41:21.260616Z  WARN ring underrun: needed 4096 got 0
2026-02-22T19:41:21.303287Z  WARN ring underrun: needed 4096 got 0
2026-02-22T19:41:21.345949Z  WARN ring underrun: needed 4096 got 0
2026-02-22T19:41:21.388625Z  WARN ring underrun: needed 4096 got 0
2026-02-22T19:41:21.431287Z  WARN ring underrun: needed 4096 got 0
2026-02-22T19:41:21.473967Z  WARN ring underrun: needed 4096 got 0
2026-02-22T19:41:21.516623Z  WARN ring underrun: needed 4096 got 0
2026-02-22T19:41:21.559286Z  WARN ring underrun: needed 4096 got 0
2026-02-22T19:41:21.601957Z  WARN ring underrun: needed 4096 got 0
2026-02-22T19:41:21.644627Z  WARN ring underrun: needed 4096 got 0
2026-02-22T19:41:21.687294Z  WARN ring underrun: needed 4096 got 0
2026-02-22T19:41:21.729958Z  WARN ring underrun: needed 4096 got 0
2026-02-22T19:41:21.772624Z  WARN ring underrun: needed 4096 got 0
2026-02-22T19:41:21.815295Z  WARN ring underrun: needed 4096 got 0
2026-02-22T19:41:21.857967Z  WARN ring underrun: needed 4096 got 0
2026-02-22T19:41:21.900630Z  WARN ring underrun: needed 4096 got 0
2026-02-22T19:41:21.943388Z  WARN ring underrun: needed 4096 got 0
2026-02-22T19:41:21.986041Z  WARN ring underrun: needed 4096 got 0
2026-02-22T19:41:22.028663Z  WARN ring underrun: needed 4096 got 0
2026-02-22T19:41:22.071326Z  WARN ring underrun: needed 4096 got 0
2026-02-22T19:41:22.113991Z  WARN ring underrun: needed 4096 got 0
2026-02-22T19:41:22.156641Z  WARN ring underrun: needed 4096 got 0
2026-02-22T19:41:22.199306Z  WARN ring underrun: needed 4096 got 0
2026-02-22T19:41:22.241970Z  WARN ring underrun: needed 4096 got 0
2026-02-22T19:41:22.284639Z  WARN ring underrun: needed 4096 got 0
2026-02-22T19:41:22.327359Z  WARN ring underrun: needed 4096 got 0
2026-02-22T19:41:22.369977Z  WARN ring underrun: needed 4096 got 0
2026-02-22T19:41:22.412641Z  WARN ring underrun: needed 4096 got 0
2026-02-22T19:41:22.455316Z  WARN ring underrun: needed 4096 got 0
2026-02-22T19:41:22.498005Z  WARN ring underrun: needed 4096 got 0
2026-02-22T19:41:22.540664Z  WARN ring underrun: needed 4096 got 0
2026-02-22T19:41:22.583325Z  WARN ring underrun: needed 4096 got 0
2026-02-22T19:41:22.625983Z  WARN ring underrun: needed 4096 got 0
2026-02-22T19:41:22.668642Z  WARN ring underrun: needed 4096 got 0
2026-02-22T19:41:22.711346Z  WARN ring underrun: needed 4096 got 0
2026-02-22T19:41:22.754016Z  WARN ring underrun: needed 4096 got 0
2026-02-22T19:41:22.796676Z  WARN ring underrun: needed 4096 got 0
2026-02-22T19:41:22.839348Z  WARN ring underrun: needed 4096 got 0
2026-02-22T19:41:22.881990Z  WARN ring underrun: needed 4096 got 0
2026-02-22T19:41:22.924655Z  WARN ring underrun: needed 4096 got 0
2026-02-22T19:41:22.967319Z  WARN ring underrun: needed 4096 got 0
2026-02-22T19:41:23.010017Z  WARN ring underrun: needed 4096 got 0
2026-02-22T19:41:23.052667Z  WARN ring underrun: needed 4096 got 0
2026-02-22T19:41:23.095342Z  WARN ring underrun: needed 4096 got 0
2026-02-22T19:41:23.137993Z  WARN ring underrun: needed 4096 got 0
2026-02-22T19:41:23.180657Z  WARN ring underrun: needed 4096 got 0
2026-02-22T19:41:23.223367Z  WARN ring underrun: needed 4096 got 0
2026-02-22T19:41:23.265998Z  WARN ring underrun: needed 4096 got 0
2026-02-22T19:41:23.308710Z  WARN ring underrun: needed 4096 got 0
2026-02-22T19:41:23.351382Z  WARN ring underrun: needed 4096 got 0
2026-02-22T19:41:23.394008Z  WARN ring underrun: needed 4096 got 0
2026-02-22T19:41:23.436669Z  WARN ring underrun: needed 4096 got 0
2026-02-22T19:41:23.479336Z  WARN ring underrun: needed 4096 got 0
2026-02-22T19:41:23.522018Z  WARN ring underrun: needed 4096 got 0
2026-02-22T19:41:23.564675Z  WARN ring underrun: needed 4096 got 0
2026-02-22T19:41:23.607343Z  WARN ring underrun: needed 4096 got 0
2026-02-22T19:41:23.650010Z  WARN ring underrun: needed 4096 got 0
2026-02-22T19:41:23.692675Z  WARN ring underrun: needed 4096 got 0
2026-02-22T19:41:23.735348Z  WARN ring underrun: needed 4096 got 0
2026-02-22T19:41:23.778014Z  WARN ring underrun: needed 4096 got 0
2026-02-22T19:41:23.820677Z  WARN ring underrun: needed 4096 got 0
2026-02-22T19:41:23.863342Z  WARN ring underrun: needed 4096 got 0
2026-02-22T19:41:23.906034Z  WARN ring underrun: needed 4096 got 0
2026-02-22T19:41:23.948692Z  WARN ring underrun: needed 4096 got 0
2026-02-22T19:41:23.991367Z  WARN ring underrun: needed 4096 got 0
2026-02-22T19:41:24.034022Z  WARN ring underrun: needed 4096 got 0
2026-02-22T19:41:24.076688Z  WARN ring underrun: needed 4096 got 0
2026-02-22T19:41:24.119362Z  WARN ring underrun: needed 4096 got 0
2026-02-22T19:41:24.162029Z  WARN ring underrun: needed 4096 got 0
2026-02-22T19:41:24.204694Z  WARN ring underrun: needed 4096 got 0
2026-02-22T19:41:24.247368Z  WARN ring underrun: needed 4096 got 0
2026-02-22T19:41:24.290029Z  WARN ring underrun: needed 4096 got 0
2026-02-22T19:41:24.332699Z  WARN ring underrun: needed 4096 got 0
2026-02-22T19:41:24.375402Z  WARN ring underrun: needed 4096 got 0
2026-02-22T19:41:24.418091Z  WARN ring underrun: needed 4096 got 0
2026-02-22T19:41:24.460708Z  WARN ring underrun: needed 4096 got 0
2026-02-22T19:41:24.503396Z  WARN ring underrun: needed 4096 got 0
2026-02-22T19:41:24.546043Z  WARN ring underrun: needed 4096 got 0
2026-02-22T19:41:24.588711Z  WARN ring underrun: needed 4096 got 0
2026-02-22T19:41:24.631372Z  WARN ring underrun: needed 4096 got 0
2026-02-22T19:41:24.674061Z  WARN ring underrun: needed 4096 got 0
2026-02-22T19:41:24.716731Z  WARN ring underrun: needed 4096 got 0
2026-02-22T19:41:24.759400Z  WARN ring underrun: needed 4096 got 0
2026-02-22T19:41:24.802071Z  WARN ring underrun: needed 4096 got 0
2026-02-22T19:41:24.844736Z  WARN ring underrun: needed 4096 got 0
2026-02-22T19:41:24.887400Z  WARN ring underrun: needed 4096 got 0
2026-02-22T19:41:24.930069Z  WARN ring underrun: needed 4096 got 0
2026-02-22T19:41:24.972725Z  WARN ring underrun: needed 4096 got 0
2026-02-22T19:41:25.015416Z  WARN ring underrun: needed 4096 got 0
2026-02-22T19:41:25.058060Z  WARN ring underrun: needed 4096 got 0
2026-02-22T19:41:25.100722Z  WARN ring underrun: needed 4096 got 0
2026-02-22T19:41:25.143389Z  WARN ring underrun: needed 4096 got 0
2026-02-22T19:41:25.186055Z  WARN ring underrun: needed 4096 got 0
2026-02-22T19:41:25.228720Z  WARN ring underrun: needed 4096 got 0
2026-02-22T19:41:25.271428Z  WARN ring underrun: needed 4096 got 0
2026-02-22T19:41:25.314094Z  WARN ring underrun: needed 4096 got 0
2026-02-22T19:41:25.356734Z  WARN ring underrun: needed 4096 got 0
2026-02-22T19:41:25.399393Z  WARN ring underrun: needed 4096 got 0
2026-02-22T19:41:25.442062Z  WARN ring underrun: needed 4096 got 0
2026-02-22T19:41:25.484766Z  WARN ring underrun: needed 4096 got 0
2026-02-22T19:41:25.527400Z  WARN ring underrun: needed 4096 got 0
2026-02-22T19:41:25.570068Z  WARN ring underrun: needed 4096 got 0
2026-02-22T19:41:25.612735Z  WARN ring underrun: needed 4096 got 0
2026-02-22T19:41:25.655399Z  WARN ring underrun: needed 4096 got 0
2026-02-22T19:41:25.698107Z  WARN ring underrun: needed 4096 got 0
2026-02-22T19:41:25.740748Z  WARN ring underrun: needed 4096 got 0
2026-02-22T19:41:25.783415Z  WARN ring underrun: needed 4096 got 0
2026-02-22T19:41:25.826105Z  WARN ring underrun: needed 4096 got 0
2026-02-22T19:41:25.868784Z  WARN ring underrun: needed 4096 got 0
2026-02-22T19:41:25.911443Z  WARN ring underrun: needed 4096 got 0
2026-02-22T19:41:25.954083Z  WARN ring underrun: needed 4096 got 0
2026-02-22T19:41:25.996756Z  WARN ring underrun: needed 4096 got 0
2026-02-22T19:41:26.039420Z  WARN ring underrun: needed 4096 got 0
2026-02-22T19:41:26.082109Z  WARN ring underrun: needed 4096 got 0
2026-02-22T19:41:26.124758Z  WARN ring underrun: needed 4096 got 0
2026-02-22T19:41:26.167437Z  WARN ring underrun: needed 4096 got 0
2026-02-22T19:41:26.210107Z  WARN ring underrun: needed 4096 got 0
2026-02-22T19:41:26.252767Z  WARN ring underrun: needed 4096 got 0
2026-02-22T19:41:26.295430Z  WARN ring underrun: needed 4096 got 0
2026-02-22T19:41:26.338112Z  WARN ring underrun: needed 4096 got 0
2026-02-22T19:41:26.380763Z  WARN ring underrun: needed 4096 got 0
2026-02-22T19:41:26.423430Z  WARN ring underrun: needed 4096 got 0
2026-02-22T19:41:26.466091Z  WARN ring underrun: needed 4096 got 0
2026-02-22T19:41:26.508764Z  WARN ring underrun: needed 4096 got 0
2026-02-22T19:41:26.551431Z  WARN ring underrun: needed 4096 got 0
2026-02-22T19:41:26.594104Z  WARN ring underrun: needed 4096 got 0
2026-02-22T19:41:26.636764Z  WARN ring underrun: needed 4096 got 0
2026-02-22T19:41:26.679434Z  WARN ring underrun: needed 4096 got 0
2026-02-22T19:41:26.722116Z  WARN ring underrun: needed 4096 got 0
2026-02-22T19:41:26.764783Z  WARN ring underrun: needed 4096 got 0
2026-02-22T19:41:26.807443Z  WARN ring underrun: needed 4096 got 0
2026-02-22T19:41:26.850112Z  WARN ring underrun: needed 4096 got 0
2026-02-22T19:41:26.892786Z  WARN ring underrun: needed 4096 got 0
2026-02-22T19:41:26.935450Z  WARN ring underrun: needed 4096 got 0
2026-02-22T19:41:26.978115Z  WARN ring underrun: needed 4096 got 0
2026-02-22T19:41:27.020821Z  WARN ring underrun: needed 4096 got 0
2026-02-22T19:41:27.063499Z  WARN ring underrun: needed 4096 got 0
2026-02-22T19:41:27.106128Z  WARN ring underrun: needed 4096 got 0
2026-02-22T19:41:27.148789Z  WARN ring underrun: needed 4096 got 0
2026-02-22T19:41:27.158138Z  INFO socket cmd: "caption German rap, hard hitting 808 bass, aggressive trap beats, dark minor key, fast flow, Berlin underground hip hop"
2026-02-22T19:41:27.158485Z  INFO socket cmd: "key A minor"
2026-02-22T19:41:27.166795Z  INFO socket cmd: "bpm 140"
2026-02-22T19:41:27.166951Z  INFO socket cmd: "lang de"
2026-02-22T19:41:27.167004Z  INFO socket cmd: "lyrics Ich geh durch die Nacht allein auf der Straße"
2026-02-22T19:41:27.167010Z  INFO socket cmd: "Kein Licht kein Halt ich fühl die Kälte"
2026-02-22T19:41:27.167013Z  INFO socket cmd: "Die Stadt schläft nicht ich auch nicht ich bleib wach"
2026-02-22T19:41:27.167016Z  INFO socket cmd: "Berlin bei Nacht das ist mein Weg"
2026-02-22T19:41:27.191498Z  WARN ring underrun: needed 4096 got 0
2026-02-22T19:41:27.234145Z  WARN ring underrun: needed 4096 got 0
2026-02-22T19:41:27.276799Z  WARN ring underrun: needed 4096 got 0
2026-02-22T19:41:27.319473Z  WARN ring underrun: needed 4096 got 0
2026-02-22T19:41:27.362134Z  WARN ring underrun: needed 4096 got 0
2026-02-22T19:41:27.404808Z  WARN ring underrun: needed 4096 got 0
2026-02-22T19:41:27.447470Z  WARN ring underrun: needed 4096 got 0
2026-02-22T19:41:27.490131Z  WARN ring underrun: needed 4096 got 0
2026-02-22T19:41:27.532827Z  WARN ring underrun: needed 4096 got 0
2026-02-22T19:41:27.558038Z  INFO Diffusion (8 ODE steps): 7.14s
2026-02-22T19:41:27.575511Z  WARN ring underrun: needed 4096 got 0
2026-02-22T19:41:27.618176Z  WARN ring underrun: needed 4096 got 0
2026-02-22T19:41:27.660864Z  WARN ring underrun: needed 4096 got 0
2026-02-22T19:41:27.703510Z  WARN ring underrun: needed 4096 got 0
2026-02-22T19:41:27.746151Z  WARN ring underrun: needed 4096 got 0
2026-02-22T19:41:27.788813Z  WARN ring underrun: needed 4096 got 0
2026-02-22T19:41:27.831504Z  WARN ring underrun: needed 4096 got 0
2026-02-22T19:41:27.874154Z  WARN ring underrun: needed 4096 got 0
2026-02-22T19:41:27.916813Z  WARN ring underrun: needed 4096 got 0
2026-02-22T19:41:27.959477Z  WARN ring underrun: needed 4096 got 0
2026-02-22T19:41:28.002152Z  WARN ring underrun: needed 4096 got 0
2026-02-22T19:41:28.044828Z  WARN ring underrun: needed 4096 got 0
2026-02-22T19:41:28.087492Z  WARN ring underrun: needed 4096 got 0
2026-02-22T19:41:28.130158Z  WARN ring underrun: needed 4096 got 0
2026-02-22T19:41:28.172832Z  WARN ring underrun: needed 4096 got 0
2026-02-22T19:41:28.215489Z  WARN ring underrun: needed 4096 got 0
2026-02-22T19:41:28.258155Z  WARN ring underrun: needed 4096 got 0
2026-02-22T19:41:28.300848Z  WARN ring underrun: needed 4096 got 0
2026-02-22T19:41:28.343511Z  WARN ring underrun: needed 4096 got 0
2026-02-22T19:41:28.386167Z  WARN ring underrun: needed 4096 got 0
2026-02-22T19:41:28.428838Z  WARN ring underrun: needed 4096 got 0
2026-02-22T19:41:28.471504Z  WARN ring underrun: needed 4096 got 0
2026-02-22T19:41:28.514166Z  WARN ring underrun: needed 4096 got 0
2026-02-22T19:41:28.556840Z  WARN ring underrun: needed 4096 got 0
2026-02-22T19:41:28.599511Z  WARN ring underrun: needed 4096 got 0
2026-02-22T19:41:28.642212Z  WARN ring underrun: needed 4096 got 0
2026-02-22T19:41:28.684845Z  WARN ring underrun: needed 4096 got 0
2026-02-22T19:41:28.727512Z  WARN ring underrun: needed 4096 got 0
2026-02-22T19:41:28.770178Z  WARN ring underrun: needed 4096 got 0
2026-02-22T19:41:28.812845Z  WARN ring underrun: needed 4096 got 0
2026-02-22T19:41:28.855510Z  WARN ring underrun: needed 4096 got 0
2026-02-22T19:41:28.898180Z  WARN ring underrun: needed 4096 got 0
2026-02-22T19:41:28.940848Z  WARN ring underrun: needed 4096 got 0
2026-02-22T19:41:28.983510Z  WARN ring underrun: needed 4096 got 0
2026-02-22T19:41:29.026180Z  WARN ring underrun: needed 4096 got 0
2026-02-22T19:41:29.068852Z  WARN ring underrun: needed 4096 got 0
2026-02-22T19:41:29.111532Z  WARN ring underrun: needed 4096 got 0
2026-02-22T19:41:29.154189Z  WARN ring underrun: needed 4096 got 0
2026-02-22T19:41:29.196866Z  WARN ring underrun: needed 4096 got 0
2026-02-22T19:41:29.239534Z  WARN ring underrun: needed 4096 got 0
2026-02-22T19:41:29.282194Z  WARN ring underrun: needed 4096 got 0
2026-02-22T19:41:29.324863Z  WARN ring underrun: needed 4096 got 0
2026-02-22T19:41:29.367528Z  WARN ring underrun: needed 4096 got 0
2026-02-22T19:41:29.410198Z  WARN ring underrun: needed 4096 got 0
2026-02-22T19:41:29.452862Z  WARN ring underrun: needed 4096 got 0
2026-02-22T19:41:29.495538Z  WARN ring underrun: needed 4096 got 0
2026-02-22T19:41:29.538201Z  WARN ring underrun: needed 4096 got 0
2026-02-22T19:41:29.580868Z  WARN ring underrun: needed 4096 got 0
2026-02-22T19:41:29.623547Z  WARN ring underrun: needed 4096 got 0
2026-02-22T19:41:29.666206Z  WARN ring underrun: needed 4096 got 0
2026-02-22T19:41:29.708869Z  WARN ring underrun: needed 4096 got 0
2026-02-22T19:41:29.751543Z  WARN ring underrun: needed 4096 got 0
2026-02-22T19:41:29.794384Z  WARN ring underrun: needed 4096 got 0
2026-02-22T19:41:29.836884Z  WARN ring underrun: needed 4096 got 0
2026-02-22T19:41:29.879541Z  WARN ring underrun: needed 4096 got 0
2026-02-22T19:41:29.922203Z  WARN ring underrun: needed 4096 got 0
2026-02-22T19:41:29.964873Z  WARN ring underrun: needed 4096 got 0
2026-02-22T19:41:30.007599Z  WARN ring underrun: needed 4096 got 0
2026-02-22T19:41:30.050259Z  WARN ring underrun: needed 4096 got 0
2026-02-22T19:41:30.092923Z  WARN ring underrun: needed 4096 got 0
2026-02-22T19:41:30.135605Z  WARN ring underrun: needed 4096 got 0
2026-02-22T19:41:30.178252Z  WARN ring underrun: needed 4096 got 0
2026-02-22T19:41:30.220913Z  WARN ring underrun: needed 4096 got 0
2026-02-22T19:41:30.263592Z  WARN ring underrun: needed 4096 got 0
2026-02-22T19:41:30.306249Z  WARN ring underrun: needed 4096 got 0
2026-02-22T19:41:30.348920Z  WARN ring underrun: needed 4096 got 0
2026-02-22T19:41:30.391579Z  WARN ring underrun: needed 4096 got 0
2026-02-22T19:41:30.434245Z  WARN ring underrun: needed 4096 got 0
2026-02-22T19:41:30.476944Z  WARN ring underrun: needed 4096 got 0
2026-02-22T19:41:30.519599Z  WARN ring underrun: needed 4096 got 0
2026-02-22T19:41:30.562244Z  WARN ring underrun: needed 4096 got 0
2026-02-22T19:41:30.604917Z  WARN ring underrun: needed 4096 got 0
2026-02-22T19:41:30.647603Z  WARN ring underrun: needed 4096 got 0
2026-02-22T19:41:30.690252Z  WARN ring underrun: needed 4096 got 0
2026-02-22T19:41:30.732913Z  WARN ring underrun: needed 4096 got 0
2026-02-22T19:41:30.775598Z  WARN ring underrun: needed 4096 got 0
2026-02-22T19:41:30.818282Z  WARN ring underrun: needed 4096 got 0
2026-02-22T19:41:30.860923Z  WARN ring underrun: needed 4096 got 0
2026-02-22T19:41:30.903594Z  WARN ring underrun: needed 4096 got 0
2026-02-22T19:41:30.946257Z  WARN ring underrun: needed 4096 got 0
2026-02-22T19:41:30.988923Z  WARN ring underrun: needed 4096 got 0
2026-02-22T19:41:31.031616Z  WARN ring underrun: needed 4096 got 0
2026-02-22T19:41:31.074274Z  WARN ring underrun: needed 4096 got 0
2026-02-22T19:41:31.116931Z  WARN ring underrun: needed 4096 got 0
2026-02-22T19:41:31.159639Z  WARN ring underrun: needed 4096 got 0
2026-02-22T19:41:31.202305Z  WARN ring underrun: needed 4096 got 0
2026-02-22T19:41:31.244969Z  WARN ring underrun: needed 4096 got 0
2026-02-22T19:41:31.287607Z  WARN ring underrun: needed 4096 got 0
2026-02-22T19:41:31.330323Z  WARN ring underrun: needed 4096 got 0
2026-02-22T19:41:31.372925Z  WARN ring underrun: needed 4096 got 0
2026-02-22T19:41:31.415639Z  WARN ring underrun: needed 4096 got 0
2026-02-22T19:41:31.458251Z  WARN ring underrun: needed 4096 got 0
2026-02-22T19:41:31.500928Z  WARN ring underrun: needed 4096 got 0
2026-02-22T19:41:31.543589Z  WARN ring underrun: needed 4096 got 0
2026-02-22T19:41:31.586257Z  WARN ring underrun: needed 4096 got 0
2026-02-22T19:41:31.628931Z  WARN ring underrun: needed 4096 got 0
2026-02-22T19:41:31.671597Z  WARN ring underrun: needed 4096 got 0
2026-02-22T19:41:31.714258Z  WARN ring underrun: needed 4096 got 0
2026-02-22T19:41:31.756926Z  WARN ring underrun: needed 4096 got 0
2026-02-22T19:41:31.799604Z  WARN ring underrun: needed 4096 got 0
2026-02-22T19:41:31.842298Z  WARN ring underrun: needed 4096 got 0
2026-02-22T19:41:31.884938Z  WARN ring underrun: needed 4096 got 0
2026-02-22T19:41:31.927605Z  WARN ring underrun: needed 4096 got 0
2026-02-22T19:41:31.970299Z  WARN ring underrun: needed 4096 got 0
2026-02-22T19:41:32.012949Z  WARN ring underrun: needed 4096 got 0
2026-02-22T19:41:32.055599Z  WARN ring underrun: needed 4096 got 0
2026-02-22T19:41:32.098267Z  WARN ring underrun: needed 4096 got 0
2026-02-22T19:41:32.140932Z  WARN ring underrun: needed 4096 got 0
2026-02-22T19:41:32.183606Z  WARN ring underrun: needed 4096 got 0
2026-02-22T19:41:32.226270Z  WARN ring underrun: needed 4096 got 0
2026-02-22T19:41:32.268927Z  WARN ring underrun: needed 4096 got 0
2026-02-22T19:41:32.311611Z  WARN ring underrun: needed 4096 got 0
2026-02-22T19:41:32.354268Z  WARN ring underrun: needed 4096 got 0
2026-02-22T19:41:32.396942Z  WARN ring underrun: needed 4096 got 0
2026-02-22T19:41:32.439601Z  WARN ring underrun: needed 4096 got 0
2026-02-22T19:41:32.482273Z  WARN ring underrun: needed 4096 got 0
2026-02-22T19:41:32.524938Z  WARN ring underrun: needed 4096 got 0
2026-02-22T19:41:32.567610Z  WARN ring underrun: needed 4096 got 0
2026-02-22T19:41:32.610275Z  WARN ring underrun: needed 4096 got 0
2026-02-22T19:41:32.652943Z  WARN ring underrun: needed 4096 got 0
2026-02-22T19:41:32.695613Z  WARN ring underrun: needed 4096 got 0
2026-02-22T19:41:32.738275Z  WARN ring underrun: needed 4096 got 0
2026-02-22T19:41:32.780947Z  WARN ring underrun: needed 4096 got 0
2026-02-22T19:41:32.823611Z  WARN ring underrun: needed 4096 got 0
2026-02-22T19:41:32.866271Z  WARN ring underrun: needed 4096 got 0
2026-02-22T19:41:32.893126Z  INFO VAE decode: 5.34s
2026-02-22T19:41:32.908945Z  WARN ring underrun: needed 4096 got 0
2026-02-22T19:41:32.951610Z  WARN ring underrun: needed 4096 got 0
2026-02-22T19:41:32.994283Z  WARN ring underrun: needed 4096 got 0
2026-02-22T19:41:33.036945Z  WARN ring underrun: needed 4096 got 0
2026-02-22T19:41:33.079612Z  WARN ring underrun: needed 4096 got 0
2026-02-22T19:41:33.122283Z  WARN ring underrun: needed 4096 got 0
2026-02-22T19:41:33.164941Z  WARN ring underrun: needed 4096 got 0
2026-02-22T19:41:33.207617Z  WARN ring underrun: needed 4096 got 0
2026-02-22T19:41:33.250288Z  WARN ring underrun: needed 4096 got 0
2026-02-22T19:41:33.292953Z  WARN ring underrun: needed 4096 got 0
2026-02-22T19:41:33.335628Z  WARN ring underrun: needed 4096 got 0
2026-02-22T19:41:33.378286Z  WARN ring underrun: needed 4096 got 0
2026-02-22T19:41:33.401827Z  INFO Total chunk: 13.03s
2026-02-22T19:41:33.420950Z  WARN ring underrun: needed 4096 got 0
2026-02-22T19:41:33.421279Z  INFO === Sliding window step 1 (pos=30s window=240s step=30s is_first=false) ===
2026-02-22T19:41:33.421302Z  INFO event:step step=0 pos=0s audio=30.0s gen=13.05s step_s=30s window_s=240s
2026-02-22T19:41:33.421464Z  INFO   metas: pos=30s duration=270s mode=Advancing bpm=Some(140) key=Some("A minor")
2026-02-22T19:41:33.453744Z  INFO Generating chunk (6000 frames, 240.0s)...
2026-02-22T19:41:40.508940Z  INFO Diffusion (8 ODE steps): 7.05s
2026-02-22T19:41:45.763601Z  INFO VAE decode: 5.25s
2026-02-22T19:41:46.280590Z  INFO Total chunk: 12.86s
2026-02-22T19:41:46.298164Z  INFO === Sliding window step 2 (pos=60s window=240s step=30s is_first=false) ===
2026-02-22T19:41:46.298195Z  INFO event:step step=1 pos=30s audio=30.0s gen=12.88s step_s=30s window_s=240s
2026-02-22T19:41:46.298384Z  INFO   metas: pos=60s duration=300s mode=Advancing bpm=Some(140) key=Some("A minor")
2026-02-22T19:41:46.333185Z  INFO Generating chunk (6000 frames, 240.0s)...
2026-02-22T19:41:53.480879Z  INFO Diffusion (8 ODE steps): 7.14s
2026-02-22T19:41:58.905564Z  INFO VAE decode: 5.42s
2026-02-22T19:41:59.425979Z  INFO Total chunk: 13.13s
2026-02-22T19:41:59.443450Z  INFO === Sliding window step 3 (pos=90s window=240s step=30s is_first=false) ===
2026-02-22T19:41:59.443482Z  INFO event:step step=2 pos=60s audio=30.0s gen=13.15s step_s=30s window_s=240s
2026-02-22T19:41:59.443656Z  INFO   metas: pos=90s duration=330s mode=Advancing bpm=Some(140) key=Some("A minor")
2026-02-22T19:41:59.475365Z  INFO Generating chunk (6000 frames, 240.0s)...
2026-02-22T19:42:06.953266Z  INFO Diffusion (8 ODE steps): 7.47s
2026-02-22T19:42:12.526871Z  INFO VAE decode: 5.57s
2026-02-22T19:42:13.078830Z  INFO Total chunk: 13.64s
2026-02-22T19:42:13.098840Z  INFO === Sliding window step 4 (pos=120s window=240s step=30s is_first=false) ===
2026-02-22T19:42:13.098875Z  INFO event:step step=3 pos=90s audio=30.0s gen=13.66s step_s=30s window_s=240s
2026-02-22T19:42:13.099066Z  INFO   metas: pos=120s duration=360s mode=Advancing bpm=Some(140) key=Some("A minor")
2026-02-22T19:42:13.133001Z  INFO Generating chunk (6000 frames, 240.0s)...
2026-02-22T19:42:20.486687Z  INFO Diffusion (8 ODE steps): 7.35s
2026-02-22T19:42:25.840902Z  INFO VAE decode: 5.35s
2026-02-22T19:42:26.372426Z  INFO Total chunk: 13.27s
2026-02-22T19:42:26.390811Z  INFO === Sliding window step 5 (pos=150s window=240s step=30s is_first=false) ===
2026-02-22T19:42:26.390855Z  INFO event:step step=4 pos=120s audio=30.0s gen=13.29s step_s=30s window_s=240s
2026-02-22T19:42:26.391090Z  INFO   metas: pos=150s duration=390s mode=Advancing bpm=Some(140) key=Some("A minor")
2026-02-22T19:42:26.423733Z  INFO Generating chunk (6000 frames, 240.0s)...
2026-02-22T19:42:33.731548Z  INFO Diffusion (8 ODE steps): 7.30s
2026-02-22T19:42:39.119719Z  INFO VAE decode: 5.39s
2026-02-22T19:42:39.645040Z  INFO Total chunk: 13.25s
2026-02-22T19:42:39.662981Z  INFO === Sliding window step 6 (pos=180s window=240s step=30s is_first=false) ===
2026-02-22T19:42:39.663018Z  INFO event:step step=5 pos=150s audio=30.0s gen=13.27s step_s=30s window_s=240s
2026-02-22T19:42:39.663249Z  INFO   metas: pos=180s duration=420s mode=Advancing bpm=Some(140) key=Some("A minor")
2026-02-22T19:42:39.695267Z  INFO Generating chunk (6000 frames, 240.0s)...
2026-02-22T19:42:47.120642Z  INFO Diffusion (8 ODE steps): 7.42s
2026-02-22T19:42:52.530399Z  INFO VAE decode: 5.41s
2026-02-22T19:42:53.054150Z  INFO Total chunk: 13.39s
2026-02-22T19:42:53.072130Z  INFO === Sliding window step 7 (pos=210s window=240s step=30s is_first=false) ===
2026-02-22T19:42:53.072171Z  INFO event:step step=6 pos=180s audio=30.0s gen=13.41s step_s=30s window_s=240s
2026-02-22T19:42:53.072434Z  INFO   metas: pos=210s duration=450s mode=Advancing bpm=Some(140) key=Some("A minor")
2026-02-22T19:42:53.105610Z  INFO Generating chunk (6000 frames, 240.0s)...
2026-02-22T19:43:00.724936Z  INFO Diffusion (8 ODE steps): 7.62s
2026-02-22T19:43:06.279750Z  INFO VAE decode: 5.55s
2026-02-22T19:43:06.805937Z  INFO Total chunk: 13.73s
2026-02-22T19:43:06.824948Z  INFO === Sliding window step 8 (pos=240s window=240s step=30s is_first=false) ===
2026-02-22T19:43:06.824982Z  INFO event:step step=7 pos=210s audio=30.0s gen=13.75s step_s=30s window_s=240s
2026-02-22T19:43:06.825200Z  INFO   metas: pos=240s duration=480s mode=Advancing bpm=Some(140) key=Some("A minor")
2026-02-22T19:43:06.859791Z  INFO Generating chunk (6000 frames, 240.0s)...
2026-02-22T19:43:14.506968Z  INFO Diffusion (8 ODE steps): 7.64s
2026-02-22T19:43:20.157912Z  INFO VAE decode: 5.65s
2026-02-22T19:43:20.736999Z  INFO Total chunk: 13.91s
2026-02-22T19:43:20.758378Z  INFO === Sliding window step 9 (pos=270s window=240s step=30s is_first=false) ===
2026-02-22T19:43:20.758402Z  INFO event:step step=8 pos=240s audio=30.0s gen=13.93s step_s=30s window_s=240s
2026-02-22T19:43:20.758560Z  INFO   metas: pos=270s duration=510s mode=Advancing bpm=Some(140) key=Some("A minor")
2026-02-22T19:43:20.794655Z  INFO Generating chunk (6000 frames, 240.0s)...
2026-02-22T19:43:28.770561Z  INFO Diffusion (8 ODE steps): 7.97s
2026-02-22T19:43:34.413936Z  INFO VAE decode: 5.64s
2026-02-22T19:43:34.974109Z  INFO Total chunk: 14.22s
2026-02-22T19:43:34.994362Z  INFO === Sliding window step 10 (pos=300s window=240s step=30s is_first=false) ===
2026-02-22T19:43:34.994394Z  INFO event:step step=9 pos=270s audio=30.0s gen=14.24s step_s=30s window_s=240s
2026-02-22T19:43:34.994545Z  INFO   metas: pos=300s duration=540s mode=Advancing bpm=Some(140) key=Some("A minor")
2026-02-22T19:43:35.029170Z  INFO Generating chunk (6000 frames, 240.0s)...
2026-02-22T19:43:42.736954Z  INFO Diffusion (8 ODE steps): 7.70s
2026-02-22T19:43:48.362208Z  INFO VAE decode: 5.63s
2026-02-22T19:43:48.901848Z  INFO Total chunk: 13.91s
2026-02-22T19:44:03.437731Z  INFO === Sliding window step 11 (pos=330s window=240s step=30s is_first=false) ===
2026-02-22T19:44:03.437756Z  INFO event:step step=10 pos=300s audio=30.0s gen=13.93s step_s=30s window_s=240s
2026-02-22T19:44:03.437925Z  INFO   metas: pos=330s duration=570s mode=Advancing bpm=Some(140) key=Some("A minor")
2026-02-22T19:44:03.469867Z  INFO Generating chunk (6000 frames, 240.0s)...
2026-02-22T19:44:10.760096Z  INFO Diffusion (8 ODE steps): 7.29s
2026-02-22T19:44:16.156797Z  INFO VAE decode: 5.40s
2026-02-22T19:44:16.687889Z  INFO Total chunk: 13.25s
2026-02-22T19:44:33.432498Z  INFO SlidingWindowGenerator: position wrap 360s → 30s (max=600s)
2026-02-22T19:44:33.432531Z  INFO event:step step=11 pos=330s audio=30.0s gen=13.27s step_s=30s window_s=240s
2026-02-22T19:44:33.432534Z  INFO === Sliding window step 12 (pos=30s window=240s step=30s is_first=false) ===
2026-02-22T19:44:33.443827Z  INFO   metas: pos=30s duration=270s mode=Advancing bpm=Some(140) key=Some("A minor")
2026-02-22T19:44:33.475432Z  INFO Generating chunk (6000 frames, 240.0s)...
2026-02-22T19:44:34.860903Z ERROR Generation: candle: DriverError(CUDA_ERROR_DEINITIALIZED, "<Failure when calling cuGetErrorString()>")
2026-02-22T19:44:35.868737Z  INFO Listening on /tmp/ace-step.sock
2026-02-22T19:44:35.872646Z  INFO cpal supported: ch=1 rate=1-384000 fmt=U8
2026-02-22T19:44:35.872658Z  INFO cpal supported: ch=2 rate=1-384000 fmt=U8
2026-02-22T19:44:35.872661Z  INFO cpal supported: ch=3 rate=1-384000 fmt=U8
2026-02-22T19:44:35.872664Z  INFO cpal supported: ch=4 rate=1-384000 fmt=U8
2026-02-22T19:44:35.872667Z  INFO cpal supported: ch=5 rate=1-384000 fmt=U8
2026-02-22T19:44:35.872670Z  INFO cpal supported: ch=6 rate=1-384000 fmt=U8
2026-02-22T19:44:35.872674Z  INFO cpal supported: ch=7 rate=1-384000 fmt=U8
2026-02-22T19:44:35.872677Z  INFO cpal supported: ch=8 rate=1-384000 fmt=U8
2026-02-22T19:44:35.872680Z  INFO cpal supported: ch=9 rate=1-384000 fmt=U8
2026-02-22T19:44:35.872683Z  INFO cpal supported: ch=10 rate=1-384000 fmt=U8
2026-02-22T19:44:35.872686Z  INFO cpal supported: ch=11 rate=1-384000 fmt=U8
2026-02-22T19:44:35.872689Z  INFO cpal supported: ch=12 rate=1-384000 fmt=U8
2026-02-22T19:44:35.872693Z  INFO cpal supported: ch=13 rate=1-384000 fmt=U8
2026-02-22T19:44:35.872696Z  INFO cpal supported: ch=14 rate=1-384000 fmt=U8
2026-02-22T19:44:35.872699Z  INFO cpal supported: ch=15 rate=1-384000 fmt=U8
2026-02-22T19:44:35.872702Z  INFO cpal supported: ch=16 rate=1-384000 fmt=U8
2026-02-22T19:44:35.872705Z  INFO cpal supported: ch=17 rate=1-384000 fmt=U8
2026-02-22T19:44:35.872709Z  INFO cpal supported: ch=18 rate=1-384000 fmt=U8
2026-02-22T19:44:35.872712Z  INFO cpal supported: ch=19 rate=1-384000 fmt=U8
2026-02-22T19:44:35.872715Z  INFO cpal supported: ch=20 rate=1-384000 fmt=U8
2026-02-22T19:44:35.872718Z  INFO cpal supported: ch=21 rate=1-384000 fmt=U8
2026-02-22T19:44:35.872721Z  INFO cpal supported: ch=22 rate=1-384000 fmt=U8
2026-02-22T19:44:35.872724Z  INFO cpal supported: ch=23 rate=1-384000 fmt=U8
2026-02-22T19:44:35.872728Z  INFO cpal supported: ch=24 rate=1-384000 fmt=U8
2026-02-22T19:44:35.872731Z  INFO cpal supported: ch=25 rate=1-384000 fmt=U8
2026-02-22T19:44:35.872734Z  INFO cpal supported: ch=26 rate=1-384000 fmt=U8
2026-02-22T19:44:35.872737Z  INFO cpal supported: ch=27 rate=1-384000 fmt=U8
2026-02-22T19:44:35.872740Z  INFO cpal supported: ch=28 rate=1-384000 fmt=U8
2026-02-22T19:44:35.872752Z  INFO cpal supported: ch=29 rate=1-384000 fmt=U8
2026-02-22T19:44:35.872754Z  INFO cpal supported: ch=30 rate=1-384000 fmt=U8
2026-02-22T19:44:35.872756Z  INFO cpal supported: ch=31 rate=1-384000 fmt=U8
2026-02-22T19:44:35.872758Z  INFO cpal supported: ch=32 rate=1-384000 fmt=U8
2026-02-22T19:44:35.872760Z  INFO cpal supported: ch=1 rate=1-384000 fmt=I16
2026-02-22T19:44:35.872762Z  INFO cpal supported: ch=2 rate=1-384000 fmt=I16
2026-02-22T19:44:35.872764Z  INFO cpal supported: ch=3 rate=1-384000 fmt=I16
2026-02-22T19:44:35.872765Z  INFO cpal supported: ch=4 rate=1-384000 fmt=I16
2026-02-22T19:44:35.872767Z  INFO cpal supported: ch=5 rate=1-384000 fmt=I16
2026-02-22T19:44:35.872769Z  INFO cpal supported: ch=6 rate=1-384000 fmt=I16
2026-02-22T19:44:35.872771Z  INFO cpal supported: ch=7 rate=1-384000 fmt=I16
2026-02-22T19:44:35.872773Z  INFO cpal supported: ch=8 rate=1-384000 fmt=I16
2026-02-22T19:44:35.872775Z  INFO cpal supported: ch=9 rate=1-384000 fmt=I16
2026-02-22T19:44:35.872777Z  INFO cpal supported: ch=10 rate=1-384000 fmt=I16
2026-02-22T19:44:35.872779Z  INFO cpal supported: ch=11 rate=1-384000 fmt=I16
2026-02-22T19:44:35.872781Z  INFO cpal supported: ch=12 rate=1-384000 fmt=I16
2026-02-22T19:44:35.872783Z  INFO cpal supported: ch=13 rate=1-384000 fmt=I16
2026-02-22T19:44:35.872785Z  INFO cpal supported: ch=14 rate=1-384000 fmt=I16
2026-02-22T19:44:35.872787Z  INFO cpal supported: ch=15 rate=1-384000 fmt=I16
2026-02-22T19:44:35.872789Z  INFO cpal supported: ch=16 rate=1-384000 fmt=I16
2026-02-22T19:44:35.872791Z  INFO cpal supported: ch=17 rate=1-384000 fmt=I16
2026-02-22T19:44:35.872792Z  INFO cpal supported: ch=18 rate=1-384000 fmt=I16
2026-02-22T19:44:35.872794Z  INFO cpal supported: ch=19 rate=1-384000 fmt=I16
2026-02-22T19:44:35.872796Z  INFO cpal supported: ch=20 rate=1-384000 fmt=I16
2026-02-22T19:44:35.872798Z  INFO cpal supported: ch=21 rate=1-384000 fmt=I16
2026-02-22T19:44:35.872800Z  INFO cpal supported: ch=22 rate=1-384000 fmt=I16
2026-02-22T19:44:35.872802Z  INFO cpal supported: ch=23 rate=1-384000 fmt=I16
2026-02-22T19:44:35.872804Z  INFO cpal supported: ch=24 rate=1-384000 fmt=I16
2026-02-22T19:44:35.872806Z  INFO cpal supported: ch=25 rate=1-384000 fmt=I16
2026-02-22T19:44:35.872808Z  INFO cpal supported: ch=26 rate=1-384000 fmt=I16
2026-02-22T19:44:35.872809Z  INFO cpal supported: ch=27 rate=1-384000 fmt=I16
2026-02-22T19:44:35.872811Z  INFO cpal supported: ch=28 rate=1-384000 fmt=I16
2026-02-22T19:44:35.872813Z  INFO cpal supported: ch=29 rate=1-384000 fmt=I16
2026-02-22T19:44:35.872815Z  INFO cpal supported: ch=30 rate=1-384000 fmt=I16
2026-02-22T19:44:35.872817Z  INFO cpal supported: ch=31 rate=1-384000 fmt=I16
2026-02-22T19:44:35.872819Z  INFO cpal supported: ch=32 rate=1-384000 fmt=I16
2026-02-22T19:44:35.872821Z  INFO cpal supported: ch=1 rate=1-384000 fmt=I32
2026-02-22T19:44:35.872823Z  INFO cpal supported: ch=2 rate=1-384000 fmt=I32
2026-02-22T19:44:35.872825Z  INFO cpal supported: ch=3 rate=1-384000 fmt=I32
2026-02-22T19:44:35.872827Z  INFO cpal supported: ch=4 rate=1-384000 fmt=I32
2026-02-22T19:44:35.872829Z  INFO cpal supported: ch=5 rate=1-384000 fmt=I32
2026-02-22T19:44:35.872831Z  INFO cpal supported: ch=6 rate=1-384000 fmt=I32
2026-02-22T19:44:35.872833Z  INFO cpal supported: ch=7 rate=1-384000 fmt=I32
2026-02-22T19:44:35.872835Z  INFO cpal supported: ch=8 rate=1-384000 fmt=I32
2026-02-22T19:44:35.872837Z  INFO cpal supported: ch=9 rate=1-384000 fmt=I32
2026-02-22T19:44:35.872840Z  INFO cpal supported: ch=10 rate=1-384000 fmt=I32
2026-02-22T19:44:35.872842Z  INFO cpal supported: ch=11 rate=1-384000 fmt=I32
2026-02-22T19:44:35.872844Z  INFO cpal supported: ch=12 rate=1-384000 fmt=I32
2026-02-22T19:44:35.872846Z  INFO cpal supported: ch=13 rate=1-384000 fmt=I32
2026-02-22T19:44:35.872848Z  INFO cpal supported: ch=14 rate=1-384000 fmt=I32
2026-02-22T19:44:35.872850Z  INFO cpal supported: ch=15 rate=1-384000 fmt=I32
2026-02-22T19:44:35.872853Z  INFO cpal supported: ch=16 rate=1-384000 fmt=I32
2026-02-22T19:44:35.872855Z  INFO cpal supported: ch=17 rate=1-384000 fmt=I32
2026-02-22T19:44:35.872860Z  INFO cpal supported: ch=18 rate=1-384000 fmt=I32
2026-02-22T19:44:35.872863Z  INFO cpal supported: ch=19 rate=1-384000 fmt=I32
2026-02-22T19:44:35.872865Z  INFO cpal supported: ch=20 rate=1-384000 fmt=I32
2026-02-22T19:44:35.872867Z  INFO cpal supported: ch=21 rate=1-384000 fmt=I32
2026-02-22T19:44:35.872869Z  INFO cpal supported: ch=22 rate=1-384000 fmt=I32
2026-02-22T19:44:35.872871Z  INFO cpal supported: ch=23 rate=1-384000 fmt=I32
2026-02-22T19:44:35.872873Z  INFO cpal supported: ch=24 rate=1-384000 fmt=I32
2026-02-22T19:44:35.872875Z  INFO cpal supported: ch=25 rate=1-384000 fmt=I32
2026-02-22T19:44:35.872877Z  INFO cpal supported: ch=26 rate=1-384000 fmt=I32
2026-02-22T19:44:35.872879Z  INFO cpal supported: ch=27 rate=1-384000 fmt=I32
2026-02-22T19:44:35.872882Z  INFO cpal supported: ch=28 rate=1-384000 fmt=I32
2026-02-22T19:44:35.872884Z  INFO cpal supported: ch=29 rate=1-384000 fmt=I32
2026-02-22T19:44:35.872886Z  INFO cpal supported: ch=30 rate=1-384000 fmt=I32
2026-02-22T19:44:35.872888Z  INFO cpal supported: ch=31 rate=1-384000 fmt=I32
2026-02-22T19:44:35.872890Z  INFO cpal supported: ch=32 rate=1-384000 fmt=I32
2026-02-22T19:44:35.872892Z  INFO cpal supported: ch=1 rate=1-384000 fmt=F32
2026-02-22T19:44:35.872894Z  INFO cpal supported: ch=2 rate=1-384000 fmt=F32
2026-02-22T19:44:35.872896Z  INFO cpal supported: ch=3 rate=1-384000 fmt=F32
2026-02-22T19:44:35.872899Z  INFO cpal supported: ch=4 rate=1-384000 fmt=F32
2026-02-22T19:44:35.872901Z  INFO cpal supported: ch=5 rate=1-384000 fmt=F32
2026-02-22T19:44:35.872903Z  INFO cpal supported: ch=6 rate=1-384000 fmt=F32
2026-02-22T19:44:35.872905Z  INFO cpal supported: ch=7 rate=1-384000 fmt=F32
2026-02-22T19:44:35.872907Z  INFO cpal supported: ch=8 rate=1-384000 fmt=F32
2026-02-22T19:44:35.872909Z  INFO cpal supported: ch=9 rate=1-384000 fmt=F32
2026-02-22T19:44:35.872911Z  INFO cpal supported: ch=10 rate=1-384000 fmt=F32
2026-02-22T19:44:35.872913Z  INFO cpal supported: ch=11 rate=1-384000 fmt=F32
2026-02-22T19:44:35.872916Z  INFO cpal supported: ch=12 rate=1-384000 fmt=F32
2026-02-22T19:44:35.872918Z  INFO cpal supported: ch=13 rate=1-384000 fmt=F32
2026-02-22T19:44:35.872920Z  INFO cpal supported: ch=14 rate=1-384000 fmt=F32
2026-02-22T19:44:35.872922Z  INFO cpal supported: ch=15 rate=1-384000 fmt=F32
2026-02-22T19:44:35.872924Z  INFO cpal supported: ch=16 rate=1-384000 fmt=F32
2026-02-22T19:44:35.872926Z  INFO cpal supported: ch=17 rate=1-384000 fmt=F32
2026-02-22T19:44:35.872928Z  INFO cpal supported: ch=18 rate=1-384000 fmt=F32
2026-02-22T19:44:35.872930Z  INFO cpal supported: ch=19 rate=1-384000 fmt=F32
2026-02-22T19:44:35.872933Z  INFO cpal supported: ch=20 rate=1-384000 fmt=F32
2026-02-22T19:44:35.872935Z  INFO cpal supported: ch=21 rate=1-384000 fmt=F32
2026-02-22T19:44:35.872937Z  INFO cpal supported: ch=22 rate=1-384000 fmt=F32
2026-02-22T19:44:35.872939Z  INFO cpal supported: ch=23 rate=1-384000 fmt=F32
2026-02-22T19:44:35.872941Z  INFO cpal supported: ch=24 rate=1-384000 fmt=F32
2026-02-22T19:44:35.872943Z  INFO cpal supported: ch=25 rate=1-384000 fmt=F32
2026-02-22T19:44:35.872945Z  INFO cpal supported: ch=26 rate=1-384000 fmt=F32
2026-02-22T19:44:35.872947Z  INFO cpal supported: ch=27 rate=1-384000 fmt=F32
2026-02-22T19:44:35.872949Z  INFO cpal supported: ch=28 rate=1-384000 fmt=F32
2026-02-22T19:44:35.872951Z  INFO cpal supported: ch=29 rate=1-384000 fmt=F32
2026-02-22T19:44:35.872953Z  INFO cpal supported: ch=30 rate=1-384000 fmt=F32
2026-02-22T19:44:35.872955Z  INFO cpal supported: ch=31 rate=1-384000 fmt=F32
2026-02-22T19:44:35.872957Z  INFO cpal supported: ch=32 rate=1-384000 fmt=F32
2026-02-22T19:44:35.872961Z  INFO cpal opening: device="default" ch=2 rate=48000
2026-02-22T19:44:35.888004Z  WARN ring underrun: needed 9600 got 0
2026-02-22T19:44:35.930632Z  WARN ring underrun: needed 4096 got 0
2026-02-22T19:44:35.973282Z  WARN ring underrun: needed 4096 got 0
2026-02-22T19:44:36.015954Z  WARN ring underrun: needed 4096 got 0
2026-02-22T19:44:36.027652Z  INFO Downloading ACE-Step v1.5 models from HuggingFace...
2026-02-22T19:44:36.027732Z  INFO All models downloaded successfully
2026-02-22T19:44:36.028016Z  INFO Loading tokenizer...
2026-02-22T19:44:36.058629Z  WARN ring underrun: needed 4096 got 0
2026-02-22T19:44:36.101286Z  WARN ring underrun: needed 4096 got 0
2026-02-22T19:44:36.143958Z  WARN ring underrun: needed 4096 got 0
2026-02-22T19:44:36.186626Z  WARN ring underrun: needed 4096 got 0
2026-02-22T19:44:36.229295Z  WARN ring underrun: needed 4096 got 0
2026-02-22T19:44:36.271951Z  WARN ring underrun: needed 4096 got 0
2026-02-22T19:44:36.314647Z  WARN ring underrun: needed 4096 got 0
2026-02-22T19:44:36.357284Z  WARN ring underrun: needed 4096 got 0
2026-02-22T19:44:36.363375Z  INFO Loading Qwen3 text encoder...
2026-02-22T19:44:36.399979Z  WARN ring underrun: needed 4096 got 0
2026-02-22T19:44:36.442619Z  WARN ring underrun: needed 4096 got 0
2026-02-22T19:44:36.485300Z  WARN ring underrun: needed 4096 got 0
2026-02-22T19:44:36.527971Z  WARN ring underrun: needed 4096 got 0
2026-02-22T19:44:36.570635Z  WARN ring underrun: needed 4096 got 0
2026-02-22T19:44:36.613289Z  WARN ring underrun: needed 4096 got 0
2026-02-22T19:44:36.656001Z  WARN ring underrun: needed 4096 got 0
2026-02-22T19:44:36.698661Z  WARN ring underrun: needed 4096 got 0
2026-02-22T19:44:36.740647Z  INFO Loading DiT generation model...
2026-02-22T19:44:36.741295Z  WARN ring underrun: needed 4096 got 0
2026-02-22T19:44:36.783987Z  WARN ring underrun: needed 4096 got 0
2026-02-22T19:44:36.826676Z  WARN ring underrun: needed 4096 got 0
2026-02-22T19:44:36.869327Z  WARN ring underrun: needed 4096 got 0
2026-02-22T19:44:36.911976Z  WARN ring underrun: needed 4096 got 0
2026-02-22T19:44:36.954644Z  WARN ring underrun: needed 4096 got 0
2026-02-22T19:44:36.997300Z  WARN ring underrun: needed 4096 got 0
2026-02-22T19:44:37.039954Z  WARN ring underrun: needed 4096 got 0
2026-02-22T19:44:37.082642Z  WARN ring underrun: needed 4096 got 0
2026-02-22T19:44:37.125303Z  WARN ring underrun: needed 4096 got 0
2026-02-22T19:44:37.167939Z  WARN ring underrun: needed 4096 got 0
2026-02-22T19:44:37.210628Z  WARN ring underrun: needed 4096 got 0
2026-02-22T19:44:37.253262Z  WARN ring underrun: needed 4096 got 0
2026-02-22T19:44:37.295922Z  WARN ring underrun: needed 4096 got 0
2026-02-22T19:44:37.338598Z  WARN ring underrun: needed 4096 got 0
2026-02-22T19:44:37.381264Z  WARN ring underrun: needed 4096 got 0
2026-02-22T19:44:37.423926Z  WARN ring underrun: needed 4096 got 0
2026-02-22T19:44:37.466589Z  WARN ring underrun: needed 4096 got 0
2026-02-22T19:44:37.509261Z  WARN ring underrun: needed 4096 got 0
2026-02-22T19:44:37.551923Z  WARN ring underrun: needed 4096 got 0
2026-02-22T19:44:37.594594Z  WARN ring underrun: needed 4096 got 0
2026-02-22T19:44:37.637262Z  WARN ring underrun: needed 4096 got 0
2026-02-22T19:44:37.679926Z  WARN ring underrun: needed 4096 got 0
2026-02-22T19:44:37.722594Z  WARN ring underrun: needed 4096 got 0
2026-02-22T19:44:37.765260Z  WARN ring underrun: needed 4096 got 0
2026-02-22T19:44:37.807927Z  WARN ring underrun: needed 4096 got 0
2026-02-22T19:44:37.828016Z  INFO Loading VAE decoder...
2026-02-22T19:44:37.850593Z  WARN ring underrun: needed 4096 got 0
2026-02-22T19:44:37.873550Z  INFO Loading silence latent...
2026-02-22T19:44:37.881662Z  INFO Loaded silence_latent: shape [1, 15000, 64], dtype F32
2026-02-22T19:44:37.881688Z  INFO Pipeline loaded successfully
2026-02-22T19:44:37.888465Z  INFO === Sliding window step 0 (pos=0s window=240s step=30s is_first=true) ===
2026-02-22T19:44:37.888486Z  INFO Pipeline ready
2026-02-22T19:44:37.888956Z  INFO   metas: pos=0s duration=240s mode=Advancing bpm=Some(128) key=Some("A minor")
2026-02-22T19:44:37.893254Z  WARN ring underrun: needed 4096 got 0
2026-02-22T19:44:37.935929Z  WARN ring underrun: needed 4096 got 0
2026-02-22T19:44:37.940195Z  INFO Generating chunk (6000 frames, 240.0s)...
2026-02-22T19:44:37.978593Z  WARN ring underrun: needed 4096 got 0
2026-02-22T19:44:38.021265Z  WARN ring underrun: needed 4096 got 0
2026-02-22T19:44:38.063915Z  WARN ring underrun: needed 4096 got 0
2026-02-22T19:44:38.106593Z  WARN ring underrun: needed 4096 got 0
2026-02-22T19:44:38.149255Z  WARN ring underrun: needed 4096 got 0
2026-02-22T19:44:38.191929Z  WARN ring underrun: needed 4096 got 0
2026-02-22T19:44:38.234594Z  WARN ring underrun: needed 4096 got 0
2026-02-22T19:44:38.277258Z  WARN ring underrun: needed 4096 got 0
2026-02-22T19:44:38.319949Z  WARN ring underrun: needed 4096 got 0
2026-02-22T19:44:38.362591Z  WARN ring underrun: needed 4096 got 0
2026-02-22T19:44:38.405262Z  WARN ring underrun: needed 4096 got 0
2026-02-22T19:44:38.447924Z  WARN ring underrun: needed 4096 got 0
2026-02-22T19:44:38.490591Z  WARN ring underrun: needed 4096 got 0
2026-02-22T19:44:38.533265Z  WARN ring underrun: needed 4096 got 0
2026-02-22T19:44:38.575924Z  WARN ring underrun: needed 4096 got 0
2026-02-22T19:44:38.618631Z  WARN ring underrun: needed 4096 got 0
2026-02-22T19:44:38.661258Z  WARN ring underrun: needed 4096 got 0
2026-02-22T19:44:38.703917Z  WARN ring underrun: needed 4096 got 0
2026-02-22T19:44:38.746587Z  WARN ring underrun: needed 4096 got 0
2026-02-22T19:44:38.789242Z  WARN ring underrun: needed 4096 got 0
2026-02-22T19:44:38.831929Z  WARN ring underrun: needed 4096 got 0
2026-02-22T19:44:38.874602Z  WARN ring underrun: needed 4096 got 0
2026-02-22T19:44:38.917253Z  WARN ring underrun: needed 4096 got 0
2026-02-22T19:44:38.959994Z  WARN ring underrun: needed 4096 got 0
2026-02-22T19:44:39.002670Z  WARN ring underrun: needed 4096 got 0
2026-02-22T19:44:39.045294Z  WARN ring underrun: needed 4096 got 0
2026-02-22T19:44:39.087976Z  WARN ring underrun: needed 4096 got 0
2026-02-22T19:44:39.130633Z  WARN ring underrun: needed 4096 got 0
2026-02-22T19:44:39.173267Z  WARN ring underrun: needed 4096 got 0
2026-02-22T19:44:39.215919Z  WARN ring underrun: needed 4096 got 0
2026-02-22T19:44:39.258604Z  WARN ring underrun: needed 4096 got 0
2026-02-22T19:44:39.301266Z  WARN ring underrun: needed 4096 got 0
2026-02-22T19:44:39.343952Z  WARN ring underrun: needed 4096 got 0
2026-02-22T19:44:39.386600Z  WARN ring underrun: needed 4096 got 0
2026-02-22T19:44:39.429247Z  WARN ring underrun: needed 4096 got 0
2026-02-22T19:44:39.471924Z  WARN ring underrun: needed 4096 got 0
2026-02-22T19:44:39.514597Z  WARN ring underrun: needed 4096 got 0
2026-02-22T19:44:39.557295Z  WARN ring underrun: needed 4096 got 0
2026-02-22T19:44:39.599933Z  WARN ring underrun: needed 4096 got 0
2026-02-22T19:44:39.642627Z  WARN ring underrun: needed 4096 got 0
2026-02-22T19:44:39.685299Z  WARN ring underrun: needed 4096 got 0
2026-02-22T19:44:39.727982Z  WARN ring underrun: needed 4096 got 0
2026-02-22T19:44:39.770602Z  WARN ring underrun: needed 4096 got 0
2026-02-22T19:44:39.813254Z  WARN ring underrun: needed 4096 got 0
2026-02-22T19:44:39.855927Z  WARN ring underrun: needed 4096 got 0
2026-02-22T19:44:39.898676Z  WARN ring underrun: needed 4096 got 0
2026-02-22T19:44:39.941298Z  WARN ring underrun: needed 4096 got 0
2026-02-22T19:44:39.983972Z  WARN ring underrun: needed 4096 got 0
2026-02-22T19:44:40.026656Z  WARN ring underrun: needed 4096 got 0
2026-02-22T19:44:40.069272Z  WARN ring underrun: needed 4096 got 0
2026-02-22T19:44:40.111924Z  WARN ring underrun: needed 4096 got 0
2026-02-22T19:44:40.154595Z  WARN ring underrun: needed 4096 got 0
2026-02-22T19:44:40.197256Z  WARN ring underrun: needed 4096 got 0
2026-02-22T19:44:40.239920Z  WARN ring underrun: needed 4096 got 0
2026-02-22T19:44:40.282589Z  WARN ring underrun: needed 4096 got 0
2026-02-22T19:44:40.325255Z  WARN ring underrun: needed 4096 got 0
2026-02-22T19:44:40.367928Z  WARN ring underrun: needed 4096 got 0
2026-02-22T19:44:40.410598Z  WARN ring underrun: needed 4096 got 0
2026-02-22T19:44:40.453259Z  WARN ring underrun: needed 4096 got 0
2026-02-22T19:44:40.495933Z  WARN ring underrun: needed 4096 got 0
2026-02-22T19:44:40.538617Z  WARN ring underrun: needed 4096 got 0
2026-02-22T19:44:40.581259Z  WARN ring underrun: needed 4096 got 0
2026-02-22T19:44:40.623926Z  WARN ring underrun: needed 4096 got 0
2026-02-22T19:44:40.666593Z  WARN ring underrun: needed 4096 got 0
2026-02-22T19:44:40.709250Z  WARN ring underrun: needed 4096 got 0
2026-02-22T19:44:40.751920Z  WARN ring underrun: needed 4096 got 0
2026-02-22T19:44:40.794614Z  WARN ring underrun: needed 4096 got 0
2026-02-22T19:44:40.837277Z  WARN ring underrun: needed 4096 got 0
2026-02-22T19:44:40.879980Z  WARN ring underrun: needed 4096 got 0
2026-02-22T19:44:40.922669Z  WARN ring underrun: needed 4096 got 0
2026-02-22T19:44:40.965313Z  WARN ring underrun: needed 4096 got 0
2026-02-22T19:44:41.008081Z  WARN ring underrun: needed 4096 got 0
2026-02-22T19:44:41.050619Z  WARN ring underrun: needed 4096 got 0
2026-02-22T19:44:41.093296Z  WARN ring underrun: needed 4096 got 0
2026-02-22T19:44:41.135957Z  WARN ring underrun: needed 4096 got 0
2026-02-22T19:44:41.178627Z  WARN ring underrun: needed 4096 got 0
2026-02-22T19:44:41.221288Z  WARN ring underrun: needed 4096 got 0
2026-02-22T19:44:41.263946Z  WARN ring underrun: needed 4096 got 0
2026-02-22T19:44:41.306633Z  WARN ring underrun: needed 4096 got 0
2026-02-22T19:44:41.349286Z  WARN ring underrun: needed 4096 got 0
2026-02-22T19:44:41.391934Z  WARN ring underrun: needed 4096 got 0
2026-02-22T19:44:41.434598Z  WARN ring underrun: needed 4096 got 0
2026-02-22T19:44:41.477259Z  WARN ring underrun: needed 4096 got 0
2026-02-22T19:44:41.519987Z  WARN ring underrun: needed 4096 got 0
2026-02-22T19:44:41.562643Z  WARN ring underrun: needed 4096 got 0
2026-02-22T19:44:41.605303Z  WARN ring underrun: needed 4096 got 0
2026-02-22T19:44:41.647986Z  WARN ring underrun: needed 4096 got 0
2026-02-22T19:44:41.690633Z  WARN ring underrun: needed 4096 got 0
2026-02-22T19:44:41.733305Z  WARN ring underrun: needed 4096 got 0
2026-02-22T19:44:41.775964Z  WARN ring underrun: needed 4096 got 0
2026-02-22T19:44:41.818643Z  WARN ring underrun: needed 4096 got 0
2026-02-22T19:44:41.861335Z  WARN ring underrun: needed 4096 got 0
2026-02-22T19:44:41.904000Z  WARN ring underrun: needed 4096 got 0
2026-02-22T19:44:41.946647Z  WARN ring underrun: needed 4096 got 0
2026-02-22T19:44:41.989430Z  WARN ring underrun: needed 4096 got 0
2026-02-22T19:44:42.031988Z  WARN ring underrun: needed 4096 got 0
2026-02-22T19:44:42.074632Z  WARN ring underrun: needed 4096 got 0
2026-02-22T19:44:42.117291Z  WARN ring underrun: needed 4096 got 0
2026-02-22T19:44:42.159932Z  WARN ring underrun: needed 4096 got 0
2026-02-22T19:44:42.202619Z  WARN ring underrun: needed 4096 got 0
2026-02-22T19:44:42.245296Z  WARN ring underrun: needed 4096 got 0
2026-02-22T19:44:42.287959Z  WARN ring underrun: needed 4096 got 0
2026-02-22T19:44:42.330638Z  WARN ring underrun: needed 4096 got 0
2026-02-22T19:44:42.373287Z  WARN ring underrun: needed 4096 got 0
2026-02-22T19:44:42.415948Z  WARN ring underrun: needed 4096 got 0
2026-02-22T19:44:42.458623Z  WARN ring underrun: needed 4096 got 0
2026-02-22T19:44:42.501305Z  WARN ring underrun: needed 4096 got 0
2026-02-22T19:44:42.543958Z  WARN ring underrun: needed 4096 got 0
2026-02-22T19:44:42.586632Z  WARN ring underrun: needed 4096 got 0
2026-02-22T19:44:42.629310Z  WARN ring underrun: needed 4096 got 0
2026-02-22T19:44:42.671947Z  WARN ring underrun: needed 4096 got 0
2026-02-22T19:44:42.714631Z  WARN ring underrun: needed 4096 got 0
2026-02-22T19:44:42.757284Z  WARN ring underrun: needed 4096 got 0
2026-02-22T19:44:42.800028Z  WARN ring underrun: needed 4096 got 0
2026-02-22T19:44:42.842651Z  WARN ring underrun: needed 4096 got 0
2026-02-22T19:44:42.885312Z  WARN ring underrun: needed 4096 got 0
2026-02-22T19:44:42.927975Z  WARN ring underrun: needed 4096 got 0
2026-02-22T19:44:42.970758Z  WARN ring underrun: needed 4096 got 0
2026-02-22T19:44:43.013295Z  WARN ring underrun: needed 4096 got 0
2026-02-22T19:44:43.055957Z  WARN ring underrun: needed 4096 got 0
2026-02-22T19:44:43.098627Z  WARN ring underrun: needed 4096 got 0
2026-02-22T19:44:43.141282Z  WARN ring underrun: needed 4096 got 0
2026-02-22T19:44:43.183961Z  WARN ring underrun: needed 4096 got 0
2026-02-22T19:44:43.226618Z  WARN ring underrun: needed 4096 got 0
2026-02-22T19:44:43.269275Z  WARN ring underrun: needed 4096 got 0
2026-02-22T19:44:43.311959Z  WARN ring underrun: needed 4096 got 0
2026-02-22T19:44:43.354635Z  WARN ring underrun: needed 4096 got 0
2026-02-22T19:44:43.397284Z  WARN ring underrun: needed 4096 got 0
2026-02-22T19:44:43.439955Z  WARN ring underrun: needed 4096 got 0
2026-02-22T19:44:43.482636Z  WARN ring underrun: needed 4096 got 0
2026-02-22T19:44:43.525277Z  WARN ring underrun: needed 4096 got 0
2026-02-22T19:44:43.567943Z  WARN ring underrun: needed 4096 got 0
2026-02-22T19:44:43.610642Z  WARN ring underrun: needed 4096 got 0
2026-02-22T19:44:43.653289Z  WARN ring underrun: needed 4096 got 0
2026-02-22T19:44:43.695958Z  WARN ring underrun: needed 4096 got 0
2026-02-22T19:44:43.738628Z  WARN ring underrun: needed 4096 got 0
2026-02-22T19:44:43.781284Z  WARN ring underrun: needed 4096 got 0
2026-02-22T19:44:43.823974Z  WARN ring underrun: needed 4096 got 0
2026-02-22T19:44:43.866668Z  WARN ring underrun: needed 4096 got 0
2026-02-22T19:44:43.909295Z  WARN ring underrun: needed 4096 got 0
2026-02-22T19:44:43.952110Z  WARN ring underrun: needed 4096 got 0
2026-02-22T19:44:43.994644Z  WARN ring underrun: needed 4096 got 0
2026-02-22T19:44:44.037284Z  WARN ring underrun: needed 4096 got 0
2026-02-22T19:44:44.079952Z  WARN ring underrun: needed 4096 got 0
2026-02-22T19:44:44.122613Z  WARN ring underrun: needed 4096 got 0
2026-02-22T19:44:44.165288Z  WARN ring underrun: needed 4096 got 0
2026-02-22T19:44:44.207953Z  WARN ring underrun: needed 4096 got 0
2026-02-22T19:44:44.250677Z  WARN ring underrun: needed 4096 got 0
2026-02-22T19:44:44.293293Z  WARN ring underrun: needed 4096 got 0
2026-02-22T19:44:44.335951Z  WARN ring underrun: needed 4096 got 0
2026-02-22T19:44:44.378647Z  WARN ring underrun: needed 4096 got 0
2026-02-22T19:44:44.421286Z  WARN ring underrun: needed 4096 got 0
2026-02-22T19:44:44.463970Z  WARN ring underrun: needed 4096 got 0
2026-02-22T19:44:44.506638Z  WARN ring underrun: needed 4096 got 0
2026-02-22T19:44:44.549301Z  WARN ring underrun: needed 4096 got 0
2026-02-22T19:44:44.591984Z  WARN ring underrun: needed 4096 got 0
2026-02-22T19:44:44.634657Z  WARN ring underrun: needed 4096 got 0
2026-02-22T19:44:44.677299Z  WARN ring underrun: needed 4096 got 0
2026-02-22T19:44:44.719966Z  WARN ring underrun: needed 4096 got 0
2026-02-22T19:44:44.762647Z  WARN ring underrun: needed 4096 got 0
2026-02-22T19:44:44.805311Z  WARN ring underrun: needed 4096 got 0
2026-02-22T19:44:44.848000Z  WARN ring underrun: needed 4096 got 0
2026-02-22T19:44:44.890642Z  WARN ring underrun: needed 4096 got 0
2026-02-22T19:44:44.933300Z  WARN ring underrun: needed 4096 got 0
2026-02-22T19:44:44.975964Z  WARN ring underrun: needed 4096 got 0
2026-02-22T19:44:45.018642Z  WARN ring underrun: needed 4096 got 0
2026-02-22T19:44:45.061292Z  WARN ring underrun: needed 4096 got 0
2026-02-22T19:44:45.103958Z  WARN ring underrun: needed 4096 got 0
2026-02-22T19:44:45.146625Z  WARN ring underrun: needed 4096 got 0
2026-02-22T19:44:45.189274Z  WARN ring underrun: needed 4096 got 0
2026-02-22T19:44:45.231961Z  WARN ring underrun: needed 4096 got 0
2026-02-22T19:44:45.274622Z  WARN ring underrun: needed 4096 got 0
2026-02-22T19:44:45.317299Z  WARN ring underrun: needed 4096 got 0
2026-02-22T19:44:45.359964Z  WARN ring underrun: needed 4096 got 0
2026-02-22T19:44:45.389696Z  INFO Diffusion (8 ODE steps): 7.45s
2026-02-22T19:44:45.402660Z  WARN ring underrun: needed 4096 got 0
2026-02-22T19:44:45.445265Z  WARN ring underrun: needed 4096 got 0
2026-02-22T19:44:45.487930Z  WARN ring underrun: needed 4096 got 0
2026-02-22T19:44:45.530604Z  WARN ring underrun: needed 4096 got 0
2026-02-22T19:44:45.573271Z  WARN ring underrun: needed 4096 got 0
2026-02-22T19:44:45.615931Z  WARN ring underrun: needed 4096 got 0
2026-02-22T19:44:45.658585Z  WARN ring underrun: needed 4096 got 0
2026-02-22T19:44:45.701248Z  WARN ring underrun: needed 4096 got 0
2026-02-22T19:44:45.743917Z  WARN ring underrun: needed 4096 got 0
2026-02-22T19:44:45.786592Z  WARN ring underrun: needed 4096 got 0
2026-02-22T19:44:45.829250Z  WARN ring underrun: needed 4096 got 0
2026-02-22T19:44:45.871915Z  WARN ring underrun: needed 4096 got 0
2026-02-22T19:44:45.914589Z  WARN ring underrun: needed 4096 got 0
2026-02-22T19:44:45.957249Z  WARN ring underrun: needed 4096 got 0
2026-02-22T19:44:45.999922Z  WARN ring underrun: needed 4096 got 0
2026-02-22T19:44:46.042583Z  WARN ring underrun: needed 4096 got 0
2026-02-22T19:44:46.085250Z  WARN ring underrun: needed 4096 got 0
2026-02-22T19:44:46.127919Z  WARN ring underrun: needed 4096 got 0
2026-02-22T19:44:46.170585Z  WARN ring underrun: needed 4096 got 0
2026-02-22T19:44:46.213252Z  WARN ring underrun: needed 4096 got 0
2026-02-22T19:44:46.255919Z  WARN ring underrun: needed 4096 got 0
2026-02-22T19:44:46.298594Z  WARN ring underrun: needed 4096 got 0
2026-02-22T19:44:46.341247Z  WARN ring underrun: needed 4096 got 0
2026-02-22T19:44:46.383913Z  WARN ring underrun: needed 4096 got 0
2026-02-22T19:44:46.426595Z  WARN ring underrun: needed 4096 got 0
2026-02-22T19:44:46.469286Z  WARN ring underrun: needed 4096 got 0
2026-02-22T19:44:46.511920Z  WARN ring underrun: needed 4096 got 0
2026-02-22T19:44:46.554593Z  WARN ring underrun: needed 4096 got 0
2026-02-22T19:44:46.597262Z  WARN ring underrun: needed 4096 got 0
2026-02-22T19:44:46.639930Z  WARN ring underrun: needed 4096 got 0
2026-02-22T19:44:46.682585Z  WARN ring underrun: needed 4096 got 0
2026-02-22T19:44:46.725250Z  WARN ring underrun: needed 4096 got 0
2026-02-22T19:44:46.767925Z  WARN ring underrun: needed 4096 got 0
2026-02-22T19:44:46.810626Z  WARN ring underrun: needed 4096 got 0
2026-02-22T19:44:46.853278Z  WARN ring underrun: needed 4096 got 0
2026-02-22T19:44:46.895945Z  WARN ring underrun: needed 4096 got 0
2026-02-22T19:44:46.938592Z  WARN ring underrun: needed 4096 got 0
2026-02-22T19:44:46.981273Z  WARN ring underrun: needed 4096 got 0
2026-02-22T19:44:47.023915Z  WARN ring underrun: needed 4096 got 0
2026-02-22T19:44:47.066589Z  WARN ring underrun: needed 4096 got 0
2026-02-22T19:44:47.109285Z  WARN ring underrun: needed 4096 got 0
2026-02-22T19:44:47.151919Z  WARN ring underrun: needed 4096 got 0
2026-02-22T19:44:47.194587Z  WARN ring underrun: needed 4096 got 0
2026-02-22T19:44:47.237255Z  WARN ring underrun: needed 4096 got 0
2026-02-22T19:44:47.279916Z  WARN ring underrun: needed 4096 got 0
2026-02-22T19:44:47.322588Z  WARN ring underrun: needed 4096 got 0
2026-02-22T19:44:47.365254Z  WARN ring underrun: needed 4096 got 0
2026-02-22T19:44:47.407934Z  WARN ring underrun: needed 4096 got 0
2026-02-22T19:44:47.450603Z  WARN ring underrun: needed 4096 got 0
2026-02-22T19:44:47.493264Z  WARN ring underrun: needed 4096 got 0
2026-02-22T19:44:47.535940Z  WARN ring underrun: needed 4096 got 0
2026-02-22T19:44:47.578628Z  WARN ring underrun: needed 4096 got 0
2026-02-22T19:44:47.621266Z  WARN ring underrun: needed 4096 got 0
2026-02-22T19:44:47.663931Z  WARN ring underrun: needed 4096 got 0
2026-02-22T19:44:47.706615Z  WARN ring underrun: needed 4096 got 0
2026-02-22T19:44:47.749283Z  WARN ring underrun: needed 4096 got 0
2026-02-22T19:44:47.791935Z  WARN ring underrun: needed 4096 got 0
2026-02-22T19:44:47.834651Z  WARN ring underrun: needed 4096 got 0
2026-02-22T19:44:47.877259Z  WARN ring underrun: needed 4096 got 0
2026-02-22T19:44:47.919920Z  WARN ring underrun: needed 4096 got 0
2026-02-22T19:44:47.962589Z  WARN ring underrun: needed 4096 got 0
2026-02-22T19:44:48.005255Z  WARN ring underrun: needed 4096 got 0
2026-02-22T19:44:48.047933Z  WARN ring underrun: needed 4096 got 0
2026-02-22T19:44:48.090592Z  WARN ring underrun: needed 4096 got 0
2026-02-22T19:44:48.133247Z  WARN ring underrun: needed 4096 got 0
2026-02-22T19:44:48.175911Z  WARN ring underrun: needed 4096 got 0
2026-02-22T19:44:48.218586Z  WARN ring underrun: needed 4096 got 0
2026-02-22T19:44:48.261250Z  WARN ring underrun: needed 4096 got 0
2026-02-22T19:44:48.303921Z  WARN ring underrun: needed 4096 got 0
2026-02-22T19:44:48.346592Z  WARN ring underrun: needed 4096 got 0
2026-02-22T19:44:48.389252Z  WARN ring underrun: needed 4096 got 0
2026-02-22T19:44:48.431917Z  WARN ring underrun: needed 4096 got 0
2026-02-22T19:44:48.474589Z  WARN ring underrun: needed 4096 got 0
2026-02-22T19:44:48.517258Z  WARN ring underrun: needed 4096 got 0
2026-02-22T19:44:48.559970Z  WARN ring underrun: needed 4096 got 0
2026-02-22T19:44:48.602634Z  WARN ring underrun: needed 4096 got 0
2026-02-22T19:44:48.645289Z  WARN ring underrun: needed 4096 got 0
2026-02-22T19:44:48.687932Z  WARN ring underrun: needed 4096 got 0
2026-02-22T19:44:48.730597Z  WARN ring underrun: needed 4096 got 0
2026-02-22T19:44:48.773262Z  WARN ring underrun: needed 4096 got 0
2026-02-22T19:44:48.815930Z  WARN ring underrun: needed 4096 got 0
2026-02-22T19:44:48.858592Z  WARN ring underrun: needed 4096 got 0
2026-02-22T19:44:48.901249Z  WARN ring underrun: needed 4096 got 0
2026-02-22T19:44:48.943916Z  WARN ring underrun: needed 4096 got 0
2026-02-22T19:44:48.986594Z  WARN ring underrun: needed 4096 got 0
2026-02-22T19:44:49.029259Z  WARN ring underrun: needed 4096 got 0
2026-02-22T19:44:49.071942Z  WARN ring underrun: needed 4096 got 0
2026-02-22T19:44:49.114640Z  WARN ring underrun: needed 4096 got 0
2026-02-22T19:44:49.157289Z  WARN ring underrun: needed 4096 got 0
2026-02-22T19:44:49.199920Z  WARN ring underrun: needed 4096 got 0
2026-02-22T19:44:49.242590Z  WARN ring underrun: needed 4096 got 0
2026-02-22T19:44:49.285247Z  WARN ring underrun: needed 4096 got 0
2026-02-22T19:44:49.327926Z  WARN ring underrun: needed 4096 got 0
2026-02-22T19:44:49.370587Z  WARN ring underrun: needed 4096 got 0
2026-02-22T19:44:49.413257Z  WARN ring underrun: needed 4096 got 0
2026-02-22T19:44:49.455930Z  WARN ring underrun: needed 4096 got 0
2026-02-22T19:44:49.498598Z  WARN ring underrun: needed 4096 got 0
2026-02-22T19:44:49.541268Z  WARN ring underrun: needed 4096 got 0
2026-02-22T19:44:49.583937Z  WARN ring underrun: needed 4096 got 0
2026-02-22T19:44:49.626614Z  WARN ring underrun: needed 4096 got 0
2026-02-22T19:44:49.669261Z  WARN ring underrun: needed 4096 got 0
2026-02-22T19:44:49.711943Z  WARN ring underrun: needed 4096 got 0
2026-02-22T19:44:49.754598Z  WARN ring underrun: needed 4096 got 0
2026-02-22T19:44:49.797255Z  WARN ring underrun: needed 4096 got 0
2026-02-22T19:44:49.839920Z  WARN ring underrun: needed 4096 got 0
2026-02-22T19:44:49.882583Z  WARN ring underrun: needed 4096 got 0
2026-02-22T19:44:49.925253Z  WARN ring underrun: needed 4096 got 0
2026-02-22T19:44:49.967920Z  WARN ring underrun: needed 4096 got 0
2026-02-22T19:44:50.010621Z  WARN ring underrun: needed 4096 got 0
2026-02-22T19:44:50.053253Z  WARN ring underrun: needed 4096 got 0
2026-02-22T19:44:50.095931Z  WARN ring underrun: needed 4096 got 0
2026-02-22T19:44:50.138589Z  WARN ring underrun: needed 4096 got 0
2026-02-22T19:44:50.181255Z  WARN ring underrun: needed 4096 got 0
2026-02-22T19:44:50.223953Z  WARN ring underrun: needed 4096 got 0
2026-02-22T19:44:50.266616Z  WARN ring underrun: needed 4096 got 0
2026-02-22T19:44:50.309286Z  WARN ring underrun: needed 4096 got 0
2026-02-22T19:44:50.351946Z  WARN ring underrun: needed 4096 got 0
2026-02-22T19:44:50.394607Z  WARN ring underrun: needed 4096 got 0
2026-02-22T19:44:50.437282Z  WARN ring underrun: needed 4096 got 0
2026-02-22T19:44:50.479950Z  WARN ring underrun: needed 4096 got 0
2026-02-22T19:44:50.489819Z  INFO socket cmd: "caption German rap, hard hitting 808 bass, aggressive trap beats, dark minor key, fast flow, Berlin underground hip hop"
2026-02-22T19:44:50.489930Z  INFO socket cmd: "bpm 140"
2026-02-22T19:44:50.503725Z  INFO socket cmd: "lang de"
2026-02-22T19:44:50.504026Z  INFO socket cmd: "lyrics Ich geh durch die Nacht allein auf der Straße"
2026-02-22T19:44:50.504045Z  INFO socket cmd: "Kein Licht kein Halt ich fühl die Kälte"
2026-02-22T19:44:50.504049Z  INFO socket cmd: "Die Stadt schläft nicht ich auch nicht ich bleib wach"
2026-02-22T19:44:50.504052Z  INFO socket cmd: "Berlin bei Nacht das ist mein Weg"
2026-02-22T19:44:50.504151Z  INFO socket cmd: "key A minor"
2026-02-22T19:44:50.522637Z  WARN ring underrun: needed 4096 got 0
2026-02-22T19:44:50.565295Z  WARN ring underrun: needed 4096 got 0
2026-02-22T19:44:50.607958Z  WARN ring underrun: needed 4096 got 0
2026-02-22T19:44:50.650609Z  WARN ring underrun: needed 4096 got 0
2026-02-22T19:44:50.693294Z  WARN ring underrun: needed 4096 got 0
2026-02-22T19:44:50.735944Z  WARN ring underrun: needed 4096 got 0
2026-02-22T19:44:50.778596Z  WARN ring underrun: needed 4096 got 0
2026-02-22T19:44:50.821299Z  WARN ring underrun: needed 4096 got 0
2026-02-22T19:44:50.863941Z  WARN ring underrun: needed 4096 got 0
2026-02-22T19:44:50.904363Z  INFO VAE decode: 5.51s
2026-02-22T19:44:50.906641Z  WARN ring underrun: needed 4096 got 0
2026-02-22T19:44:50.949308Z  WARN ring underrun: needed 4096 got 0
2026-02-22T19:44:50.992030Z  WARN ring underrun: needed 4096 got 0
2026-02-22T19:44:51.034667Z  WARN ring underrun: needed 4096 got 0
2026-02-22T19:44:51.077279Z  WARN ring underrun: needed 4096 got 0
2026-02-22T19:44:51.119925Z  WARN ring underrun: needed 4096 got 0
2026-02-22T19:44:51.162598Z  WARN ring underrun: needed 4096 got 0
2026-02-22T19:44:51.205260Z  WARN ring underrun: needed 4096 got 0
2026-02-22T19:44:51.247914Z  WARN ring underrun: needed 4096 got 0
2026-02-22T19:44:51.290587Z  WARN ring underrun: needed 4096 got 0
2026-02-22T19:44:51.333250Z  WARN ring underrun: needed 4096 got 0
2026-02-22T19:44:51.375912Z  WARN ring underrun: needed 4096 got 0
2026-02-22T19:44:51.418592Z  WARN ring underrun: needed 4096 got 0
2026-02-22T19:44:51.433717Z  INFO Total chunk: 13.54s
2026-02-22T19:44:51.453842Z  INFO === Sliding window step 1 (pos=30s window=240s step=30s is_first=false) ===
2026-02-22T19:44:51.453870Z  INFO event:step step=0 pos=0s audio=30.0s gen=13.57s step_s=30s window_s=240s
2026-02-22T19:44:51.454063Z  INFO   metas: pos=30s duration=270s mode=Advancing bpm=Some(140) key=Some("A minor")
2026-02-22T19:44:51.487776Z  INFO Generating chunk (6000 frames, 240.0s)...
2026-02-22T19:44:59.028852Z  INFO Diffusion (8 ODE steps): 7.54s
2026-02-22T19:45:04.580358Z  INFO VAE decode: 5.55s
2026-02-22T19:45:05.121798Z  INFO Total chunk: 13.67s
2026-02-22T19:45:05.140835Z  INFO === Sliding window step 2 (pos=60s window=240s step=30s is_first=false) ===
2026-02-22T19:45:05.140866Z  INFO event:step step=1 pos=30s audio=30.0s gen=13.69s step_s=30s window_s=240s
2026-02-22T19:45:05.141015Z  INFO   metas: pos=60s duration=300s mode=Advancing bpm=Some(140) key=Some("A minor")
2026-02-22T19:45:05.174109Z  INFO Generating chunk (6000 frames, 240.0s)...
2026-02-22T19:45:12.687450Z  INFO Diffusion (8 ODE steps): 7.51s
2026-02-22T19:45:18.301414Z  INFO VAE decode: 5.61s
2026-02-22T19:45:18.846754Z  INFO Total chunk: 13.71s
2026-02-22T19:45:18.863990Z  INFO === Sliding window step 3 (pos=90s window=240s step=30s is_first=false) ===
2026-02-22T19:45:18.864056Z  INFO event:step step=2 pos=60s audio=30.0s gen=13.72s step_s=30s window_s=240s
2026-02-22T19:45:18.864399Z  INFO   metas: pos=90s duration=330s mode=Advancing bpm=Some(140) key=Some("A minor")
2026-02-22T19:45:18.899761Z  INFO Generating chunk (6000 frames, 240.0s)...
2026-02-22T19:45:26.597688Z  INFO Diffusion (8 ODE steps): 7.69s
2026-02-22T19:45:32.344673Z  INFO VAE decode: 5.75s
2026-02-22T19:45:32.888730Z  INFO Total chunk: 14.02s
2026-02-22T19:45:32.908637Z  INFO === Sliding window step 4 (pos=120s window=240s step=30s is_first=false) ===
2026-02-22T19:45:32.908692Z  INFO event:step step=3 pos=90s audio=30.0s gen=14.04s step_s=30s window_s=240s
2026-02-22T19:45:32.909003Z  INFO   metas: pos=120s duration=360s mode=Advancing bpm=Some(140) key=Some("A minor")
2026-02-22T19:45:32.943329Z  INFO Generating chunk (6000 frames, 240.0s)...
2026-02-22T19:45:40.740988Z  INFO Diffusion (8 ODE steps): 7.79s
2026-02-22T19:45:46.594957Z  INFO VAE decode: 5.85s
2026-02-22T19:45:47.141941Z  INFO Total chunk: 14.23s
2026-02-22T19:45:51.451991Z  INFO === Sliding window step 5 (pos=150s window=240s step=30s is_first=false) ===
2026-02-22T19:45:51.452016Z  INFO event:step step=4 pos=120s audio=30.0s gen=14.25s step_s=30s window_s=240s
2026-02-22T19:45:51.452220Z  INFO   metas: pos=150s duration=390s mode=Advancing bpm=Some(140) key=Some("A minor")
2026-02-22T19:45:51.485836Z  INFO Generating chunk (6000 frames, 240.0s)...
2026-02-22T19:45:59.156191Z  INFO Diffusion (8 ODE steps): 7.67s
2026-02-22T19:46:04.902130Z  INFO VAE decode: 5.75s
2026-02-22T19:46:05.458199Z  INFO Total chunk: 14.01s
2026-02-22T19:46:21.446769Z  INFO === Sliding window step 6 (pos=180s window=240s step=30s is_first=false) ===
2026-02-22T19:46:21.446790Z  INFO event:step step=5 pos=150s audio=30.0s gen=14.02s step_s=30s window_s=240s
2026-02-22T19:46:21.449711Z  INFO   metas: pos=180s duration=420s mode=Advancing bpm=Some(140) key=Some("A minor")
2026-02-22T19:46:21.482802Z  INFO Generating chunk (6000 frames, 240.0s)...
2026-02-22T19:46:29.037389Z  INFO Diffusion (8 ODE steps): 7.55s
2026-02-22T19:46:33.895701Z ERROR Generation: candle: DriverError(CUDA_ERROR_DEINITIALIZED, "<Failure when calling cuGetErrorString()>")
2026-02-22T19:51:53.859513Z  INFO Listening on /tmp/ace-step.sock
2026-02-22T19:51:53.863764Z  INFO cpal supported: ch=1 rate=1-384000 fmt=U8
2026-02-22T19:51:53.863779Z  INFO cpal supported: ch=2 rate=1-384000 fmt=U8
2026-02-22T19:51:53.863782Z  INFO cpal supported: ch=3 rate=1-384000 fmt=U8
2026-02-22T19:51:53.863785Z  INFO cpal supported: ch=4 rate=1-384000 fmt=U8
2026-02-22T19:51:53.863787Z  INFO cpal supported: ch=5 rate=1-384000 fmt=U8
2026-02-22T19:51:53.863790Z  INFO cpal supported: ch=6 rate=1-384000 fmt=U8
2026-02-22T19:51:53.863792Z  INFO cpal supported: ch=7 rate=1-384000 fmt=U8
2026-02-22T19:51:53.863795Z  INFO cpal supported: ch=8 rate=1-384000 fmt=U8
2026-02-22T19:51:53.863797Z  INFO cpal supported: ch=9 rate=1-384000 fmt=U8
2026-02-22T19:51:53.863800Z  INFO cpal supported: ch=10 rate=1-384000 fmt=U8
2026-02-22T19:51:53.863802Z  INFO cpal supported: ch=11 rate=1-384000 fmt=U8
2026-02-22T19:51:53.863805Z  INFO cpal supported: ch=12 rate=1-384000 fmt=U8
2026-02-22T19:51:53.863808Z  INFO cpal supported: ch=13 rate=1-384000 fmt=U8
2026-02-22T19:51:53.863810Z  INFO cpal supported: ch=14 rate=1-384000 fmt=U8
2026-02-22T19:51:53.863813Z  INFO cpal supported: ch=15 rate=1-384000 fmt=U8
2026-02-22T19:51:53.863815Z  INFO cpal supported: ch=16 rate=1-384000 fmt=U8
2026-02-22T19:51:53.863818Z  INFO cpal supported: ch=17 rate=1-384000 fmt=U8
2026-02-22T19:51:53.863820Z  INFO cpal supported: ch=18 rate=1-384000 fmt=U8
2026-02-22T19:51:53.863823Z  INFO cpal supported: ch=19 rate=1-384000 fmt=U8
2026-02-22T19:51:53.863825Z  INFO cpal supported: ch=20 rate=1-384000 fmt=U8
2026-02-22T19:51:53.863828Z  INFO cpal supported: ch=21 rate=1-384000 fmt=U8
2026-02-22T19:51:53.863830Z  INFO cpal supported: ch=22 rate=1-384000 fmt=U8
2026-02-22T19:51:53.863833Z  INFO cpal supported: ch=23 rate=1-384000 fmt=U8
2026-02-22T19:51:53.863835Z  INFO cpal supported: ch=24 rate=1-384000 fmt=U8
2026-02-22T19:51:53.863838Z  INFO cpal supported: ch=25 rate=1-384000 fmt=U8
2026-02-22T19:51:53.863841Z  INFO cpal supported: ch=26 rate=1-384000 fmt=U8
2026-02-22T19:51:53.863843Z  INFO cpal supported: ch=27 rate=1-384000 fmt=U8
2026-02-22T19:51:53.863846Z  INFO cpal supported: ch=28 rate=1-384000 fmt=U8
2026-02-22T19:51:53.863848Z  INFO cpal supported: ch=29 rate=1-384000 fmt=U8
2026-02-22T19:51:53.863851Z  INFO cpal supported: ch=30 rate=1-384000 fmt=U8
2026-02-22T19:51:53.863853Z  INFO cpal supported: ch=31 rate=1-384000 fmt=U8
2026-02-22T19:51:53.863856Z  INFO cpal supported: ch=32 rate=1-384000 fmt=U8
2026-02-22T19:51:53.863859Z  INFO cpal supported: ch=1 rate=1-384000 fmt=I16
2026-02-22T19:51:53.863862Z  INFO cpal supported: ch=2 rate=1-384000 fmt=I16
2026-02-22T19:51:53.863864Z  INFO cpal supported: ch=3 rate=1-384000 fmt=I16
2026-02-22T19:51:53.863867Z  INFO cpal supported: ch=4 rate=1-384000 fmt=I16
2026-02-22T19:51:53.863869Z  INFO cpal supported: ch=5 rate=1-384000 fmt=I16
2026-02-22T19:51:53.863872Z  INFO cpal supported: ch=6 rate=1-384000 fmt=I16
2026-02-22T19:51:53.863874Z  INFO cpal supported: ch=7 rate=1-384000 fmt=I16
2026-02-22T19:51:53.863877Z  INFO cpal supported: ch=8 rate=1-384000 fmt=I16
2026-02-22T19:51:53.863879Z  INFO cpal supported: ch=9 rate=1-384000 fmt=I16
2026-02-22T19:51:53.863882Z  INFO cpal supported: ch=10 rate=1-384000 fmt=I16
2026-02-22T19:51:53.863894Z  INFO cpal supported: ch=11 rate=1-384000 fmt=I16
2026-02-22T19:51:53.863896Z  INFO cpal supported: ch=12 rate=1-384000 fmt=I16
2026-02-22T19:51:53.863897Z  INFO cpal supported: ch=13 rate=1-384000 fmt=I16
2026-02-22T19:51:53.863899Z  INFO cpal supported: ch=14 rate=1-384000 fmt=I16
2026-02-22T19:51:53.863901Z  INFO cpal supported: ch=15 rate=1-384000 fmt=I16
2026-02-22T19:51:53.863902Z  INFO cpal supported: ch=16 rate=1-384000 fmt=I16
2026-02-22T19:51:53.863904Z  INFO cpal supported: ch=17 rate=1-384000 fmt=I16
2026-02-22T19:51:53.863906Z  INFO cpal supported: ch=18 rate=1-384000 fmt=I16
2026-02-22T19:51:53.863907Z  INFO cpal supported: ch=19 rate=1-384000 fmt=I16
2026-02-22T19:51:53.863909Z  INFO cpal supported: ch=20 rate=1-384000 fmt=I16
2026-02-22T19:51:53.863911Z  INFO cpal supported: ch=21 rate=1-384000 fmt=I16
2026-02-22T19:51:53.863912Z  INFO cpal supported: ch=22 rate=1-384000 fmt=I16
2026-02-22T19:51:53.863914Z  INFO cpal supported: ch=23 rate=1-384000 fmt=I16
2026-02-22T19:51:53.863915Z  INFO cpal supported: ch=24 rate=1-384000 fmt=I16
2026-02-22T19:51:53.863917Z  INFO cpal supported: ch=25 rate=1-384000 fmt=I16
2026-02-22T19:51:53.863919Z  INFO cpal supported: ch=26 rate=1-384000 fmt=I16
2026-02-22T19:51:53.863920Z  INFO cpal supported: ch=27 rate=1-384000 fmt=I16
2026-02-22T19:51:53.863922Z  INFO cpal supported: ch=28 rate=1-384000 fmt=I16
2026-02-22T19:51:53.863924Z  INFO cpal supported: ch=29 rate=1-384000 fmt=I16
2026-02-22T19:51:53.863925Z  INFO cpal supported: ch=30 rate=1-384000 fmt=I16
2026-02-22T19:51:53.863927Z  INFO cpal supported: ch=31 rate=1-384000 fmt=I16
2026-02-22T19:51:53.863929Z  INFO cpal supported: ch=32 rate=1-384000 fmt=I16
2026-02-22T19:51:53.863930Z  INFO cpal supported: ch=1 rate=1-384000 fmt=I32
2026-02-22T19:51:53.863932Z  INFO cpal supported: ch=2 rate=1-384000 fmt=I32
2026-02-22T19:51:53.863934Z  INFO cpal supported: ch=3 rate=1-384000 fmt=I32
2026-02-22T19:51:53.863935Z  INFO cpal supported: ch=4 rate=1-384000 fmt=I32
2026-02-22T19:51:53.863937Z  INFO cpal supported: ch=5 rate=1-384000 fmt=I32
2026-02-22T19:51:53.863939Z  INFO cpal supported: ch=6 rate=1-384000 fmt=I32
2026-02-22T19:51:53.863940Z  INFO cpal supported: ch=7 rate=1-384000 fmt=I32
2026-02-22T19:51:53.863942Z  INFO cpal supported: ch=8 rate=1-384000 fmt=I32
2026-02-22T19:51:53.863944Z  INFO cpal supported: ch=9 rate=1-384000 fmt=I32
2026-02-22T19:51:53.863945Z  INFO cpal supported: ch=10 rate=1-384000 fmt=I32
2026-02-22T19:51:53.863947Z  INFO cpal supported: ch=11 rate=1-384000 fmt=I32
2026-02-22T19:51:53.863948Z  INFO cpal supported: ch=12 rate=1-384000 fmt=I32
2026-02-22T19:51:53.863950Z  INFO cpal supported: ch=13 rate=1-384000 fmt=I32
2026-02-22T19:51:53.863952Z  INFO cpal supported: ch=14 rate=1-384000 fmt=I32
2026-02-22T19:51:53.863953Z  INFO cpal supported: ch=15 rate=1-384000 fmt=I32
2026-02-22T19:51:53.863955Z  INFO cpal supported: ch=16 rate=1-384000 fmt=I32
2026-02-22T19:51:53.863957Z  INFO cpal supported: ch=17 rate=1-384000 fmt=I32
2026-02-22T19:51:53.863958Z  INFO cpal supported: ch=18 rate=1-384000 fmt=I32
2026-02-22T19:51:53.863960Z  INFO cpal supported: ch=19 rate=1-384000 fmt=I32
2026-02-22T19:51:53.863962Z  INFO cpal supported: ch=20 rate=1-384000 fmt=I32
2026-02-22T19:51:53.863963Z  INFO cpal supported: ch=21 rate=1-384000 fmt=I32
2026-02-22T19:51:53.863965Z  INFO cpal supported: ch=22 rate=1-384000 fmt=I32
2026-02-22T19:51:53.863967Z  INFO cpal supported: ch=23 rate=1-384000 fmt=I32
2026-02-22T19:51:53.863968Z  INFO cpal supported: ch=24 rate=1-384000 fmt=I32
2026-02-22T19:51:53.863970Z  INFO cpal supported: ch=25 rate=1-384000 fmt=I32
2026-02-22T19:51:53.863972Z  INFO cpal supported: ch=26 rate=1-384000 fmt=I32
2026-02-22T19:51:53.863973Z  INFO cpal supported: ch=27 rate=1-384000 fmt=I32
2026-02-22T19:51:53.863975Z  INFO cpal supported: ch=28 rate=1-384000 fmt=I32
2026-02-22T19:51:53.863977Z  INFO cpal supported: ch=29 rate=1-384000 fmt=I32
2026-02-22T19:51:53.863978Z  INFO cpal supported: ch=30 rate=1-384000 fmt=I32
2026-02-22T19:51:53.863980Z  INFO cpal supported: ch=31 rate=1-384000 fmt=I32
2026-02-22T19:51:53.863985Z  INFO cpal supported: ch=32 rate=1-384000 fmt=I32
2026-02-22T19:51:53.863986Z  INFO cpal supported: ch=1 rate=1-384000 fmt=F32
2026-02-22T19:51:53.863988Z  INFO cpal supported: ch=2 rate=1-384000 fmt=F32
2026-02-22T19:51:53.863990Z  INFO cpal supported: ch=3 rate=1-384000 fmt=F32
2026-02-22T19:51:53.863991Z  INFO cpal supported: ch=4 rate=1-384000 fmt=F32
2026-02-22T19:51:53.863993Z  INFO cpal supported: ch=5 rate=1-384000 fmt=F32
2026-02-22T19:51:53.863994Z  INFO cpal supported: ch=6 rate=1-384000 fmt=F32
2026-02-22T19:51:53.863996Z  INFO cpal supported: ch=7 rate=1-384000 fmt=F32
2026-02-22T19:51:53.863998Z  INFO cpal supported: ch=8 rate=1-384000 fmt=F32
2026-02-22T19:51:53.863999Z  INFO cpal supported: ch=9 rate=1-384000 fmt=F32
2026-02-22T19:51:53.864001Z  INFO cpal supported: ch=10 rate=1-384000 fmt=F32
2026-02-22T19:51:53.864003Z  INFO cpal supported: ch=11 rate=1-384000 fmt=F32
2026-02-22T19:51:53.864004Z  INFO cpal supported: ch=12 rate=1-384000 fmt=F32
2026-02-22T19:51:53.864006Z  INFO cpal supported: ch=13 rate=1-384000 fmt=F32
2026-02-22T19:51:53.864008Z  INFO cpal supported: ch=14 rate=1-384000 fmt=F32
2026-02-22T19:51:53.864009Z  INFO cpal supported: ch=15 rate=1-384000 fmt=F32
2026-02-22T19:51:53.864011Z  INFO cpal supported: ch=16 rate=1-384000 fmt=F32
2026-02-22T19:51:53.864013Z  INFO cpal supported: ch=17 rate=1-384000 fmt=F32
2026-02-22T19:51:53.864014Z  INFO cpal supported: ch=18 rate=1-384000 fmt=F32
2026-02-22T19:51:53.864016Z  INFO cpal supported: ch=19 rate=1-384000 fmt=F32
2026-02-22T19:51:53.864017Z  INFO cpal supported: ch=20 rate=1-384000 fmt=F32
2026-02-22T19:51:53.864019Z  INFO cpal supported: ch=21 rate=1-384000 fmt=F32
2026-02-22T19:51:53.864021Z  INFO cpal supported: ch=22 rate=1-384000 fmt=F32
2026-02-22T19:51:53.864022Z  INFO cpal supported: ch=23 rate=1-384000 fmt=F32
2026-02-22T19:51:53.864024Z  INFO cpal supported: ch=24 rate=1-384000 fmt=F32
2026-02-22T19:51:53.864026Z  INFO cpal supported: ch=25 rate=1-384000 fmt=F32
2026-02-22T19:51:53.864027Z  INFO cpal supported: ch=26 rate=1-384000 fmt=F32
2026-02-22T19:51:53.864029Z  INFO cpal supported: ch=27 rate=1-384000 fmt=F32
2026-02-22T19:51:53.864031Z  INFO cpal supported: ch=28 rate=1-384000 fmt=F32
2026-02-22T19:51:53.864032Z  INFO cpal supported: ch=29 rate=1-384000 fmt=F32
2026-02-22T19:51:53.864034Z  INFO cpal supported: ch=30 rate=1-384000 fmt=F32
2026-02-22T19:51:53.864035Z  INFO cpal supported: ch=31 rate=1-384000 fmt=F32
2026-02-22T19:51:53.864037Z  INFO cpal supported: ch=32 rate=1-384000 fmt=F32
2026-02-22T19:51:53.864039Z  INFO cpal opening: device="default" ch=2 rate=48000
2026-02-22T19:51:53.896222Z  WARN ring underrun: needed 9600 got 0
2026-02-22T19:51:53.938852Z  WARN ring underrun: needed 4096 got 0
2026-02-22T19:51:53.981470Z  WARN ring underrun: needed 4096 got 0
2026-02-22T19:51:54.024178Z  WARN ring underrun: needed 4096 got 0
2026-02-22T19:51:54.066800Z  WARN ring underrun: needed 4096 got 0
2026-02-22T19:51:54.068614Z  INFO Downloading ACE-Step v1.5 models from HuggingFace...
2026-02-22T19:51:54.068712Z  INFO All models downloaded successfully
2026-02-22T19:51:54.069073Z  INFO Loading tokenizer...
2026-02-22T19:51:54.109481Z  WARN ring underrun: needed 4096 got 0
2026-02-22T19:51:54.152156Z  WARN ring underrun: needed 4096 got 0
2026-02-22T19:51:54.194827Z  WARN ring underrun: needed 4096 got 0
2026-02-22T19:51:54.237512Z  WARN ring underrun: needed 4096 got 0
2026-02-22T19:51:54.280166Z  WARN ring underrun: needed 4096 got 0
2026-02-22T19:51:54.322840Z  WARN ring underrun: needed 4096 got 0
2026-02-22T19:51:54.365517Z  WARN ring underrun: needed 4096 got 0
2026-02-22T19:51:54.408201Z  WARN ring underrun: needed 4096 got 0
2026-02-22T19:51:54.430712Z  INFO Loading Qwen3 text encoder...
2026-02-22T19:51:54.450925Z  WARN ring underrun: needed 4096 got 0
2026-02-22T19:51:54.493653Z  WARN ring underrun: needed 4096 got 0
2026-02-22T19:51:54.536281Z  WARN ring underrun: needed 4096 got 0
2026-02-22T19:51:54.578972Z  WARN ring underrun: needed 4096 got 0
2026-02-22T19:51:54.621591Z  WARN ring underrun: needed 4096 got 0
2026-02-22T19:51:54.664310Z  WARN ring underrun: needed 4096 got 0
2026-02-22T19:51:54.706941Z  WARN ring underrun: needed 4096 got 0
2026-02-22T19:51:54.749592Z  WARN ring underrun: needed 4096 got 0
2026-02-22T19:51:54.792247Z  WARN ring underrun: needed 4096 got 0
2026-02-22T19:51:54.824306Z  INFO Loading DiT generation model...
2026-02-22T19:51:54.834922Z  WARN ring underrun: needed 4096 got 0
2026-02-22T19:51:54.877737Z  WARN ring underrun: needed 4096 got 0
2026-02-22T19:51:54.920270Z  WARN ring underrun: needed 4096 got 0
2026-02-22T19:51:54.962946Z  WARN ring underrun: needed 4096 got 0
2026-02-22T19:51:55.005618Z  WARN ring underrun: needed 4096 got 0
2026-02-22T19:51:55.048307Z  WARN ring underrun: needed 4096 got 0
2026-02-22T19:51:55.090960Z  WARN ring underrun: needed 4096 got 0
2026-02-22T19:51:55.133626Z  WARN ring underrun: needed 4096 got 0
2026-02-22T19:51:55.176290Z  WARN ring underrun: needed 4096 got 0
2026-02-22T19:51:55.218964Z  WARN ring underrun: needed 4096 got 0
2026-02-22T19:51:55.261646Z  WARN ring underrun: needed 4096 got 0
2026-02-22T19:51:55.304342Z  WARN ring underrun: needed 4096 got 0
2026-02-22T19:51:55.346997Z  WARN ring underrun: needed 4096 got 0
2026-02-22T19:51:55.389644Z  WARN ring underrun: needed 4096 got 0
2026-02-22T19:51:55.432355Z  WARN ring underrun: needed 4096 got 0
2026-02-22T19:51:55.475007Z  WARN ring underrun: needed 4096 got 0
2026-02-22T19:51:55.517651Z  WARN ring underrun: needed 4096 got 0
2026-02-22T19:51:55.560361Z  WARN ring underrun: needed 4096 got 0
2026-02-22T19:51:55.603011Z  WARN ring underrun: needed 4096 got 0
2026-02-22T19:51:55.645662Z  WARN ring underrun: needed 4096 got 0
2026-02-22T19:51:55.688324Z  WARN ring underrun: needed 4096 got 0
2026-02-22T19:51:55.730998Z  WARN ring underrun: needed 4096 got 0
2026-02-22T19:51:55.773667Z  WARN ring underrun: needed 4096 got 0
2026-02-22T19:51:55.816337Z  WARN ring underrun: needed 4096 got 0
2026-02-22T19:51:55.859003Z  WARN ring underrun: needed 4096 got 0
2026-02-22T19:51:55.901663Z  WARN ring underrun: needed 4096 got 0
2026-02-22T19:51:55.944338Z  WARN ring underrun: needed 4096 got 0
2026-02-22T19:51:55.987021Z  WARN ring underrun: needed 4096 got 0
2026-02-22T19:51:56.018672Z  INFO Loading VAE decoder...
2026-02-22T19:51:56.029736Z  WARN ring underrun: needed 4096 got 0
2026-02-22T19:51:56.065934Z  INFO Loading silence latent...
2026-02-22T19:51:56.072364Z  WARN ring underrun: needed 4096 got 0
2026-02-22T19:51:56.074350Z  INFO Loaded silence_latent: shape [1, 15000, 64], dtype F32
2026-02-22T19:51:56.074388Z  INFO Pipeline loaded successfully
2026-02-22T19:51:56.081358Z  INFO next_step: caption="Driving synthwave with retro 80s analog synths, pulsing bass" lyrics_len=95 bpm=Some(128)
2026-02-22T19:51:56.081373Z  INFO === Sliding window step 0 (pos=0s window=240s step=30s is_first=true) ===
2026-02-22T19:51:56.081378Z  INFO Pipeline ready
2026-02-22T19:51:56.081894Z  INFO   metas: pos=0s duration=240s mode=Advancing bpm=Some(128) key=Some("A minor")
2026-02-22T19:51:56.115015Z  WARN ring underrun: needed 4096 got 0
2026-02-22T19:51:56.130621Z  INFO Generating chunk (6000 frames, 240.0s)...
2026-02-22T19:51:56.157676Z  WARN ring underrun: needed 4096 got 0
2026-02-22T19:51:56.200343Z  WARN ring underrun: needed 4096 got 0
2026-02-22T19:51:56.243033Z  WARN ring underrun: needed 4096 got 0
2026-02-22T19:51:56.285688Z  WARN ring underrun: needed 4096 got 0
2026-02-22T19:51:56.328349Z  WARN ring underrun: needed 4096 got 0
2026-02-22T19:51:56.371012Z  WARN ring underrun: needed 4096 got 0
2026-02-22T19:51:56.413716Z  WARN ring underrun: needed 4096 got 0
2026-02-22T19:51:56.456367Z  WARN ring underrun: needed 4096 got 0
2026-02-22T19:51:56.499060Z  WARN ring underrun: needed 4096 got 0
2026-02-22T19:51:56.541710Z  WARN ring underrun: needed 4096 got 0
2026-02-22T19:51:56.584359Z  WARN ring underrun: needed 4096 got 0
2026-02-22T19:51:56.627016Z  WARN ring underrun: needed 4096 got 0
2026-02-22T19:51:56.669674Z  WARN ring underrun: needed 4096 got 0
2026-02-22T19:51:56.712348Z  WARN ring underrun: needed 4096 got 0
2026-02-22T19:51:56.755011Z  WARN ring underrun: needed 4096 got 0
2026-02-22T19:51:56.797683Z  WARN ring underrun: needed 4096 got 0
2026-02-22T19:51:56.840345Z  WARN ring underrun: needed 4096 got 0
2026-02-22T19:51:56.883013Z  WARN ring underrun: needed 4096 got 0
2026-02-22T19:51:56.925683Z  WARN ring underrun: needed 4096 got 0
2026-02-22T19:51:56.968352Z  WARN ring underrun: needed 4096 got 0
2026-02-22T19:51:57.011019Z  WARN ring underrun: needed 4096 got 0
2026-02-22T19:51:57.053680Z  WARN ring underrun: needed 4096 got 0
2026-02-22T19:51:57.096351Z  WARN ring underrun: needed 4096 got 0
2026-02-22T19:51:57.139034Z  WARN ring underrun: needed 4096 got 0
2026-02-22T19:51:57.181678Z  WARN ring underrun: needed 4096 got 0
2026-02-22T19:51:57.224348Z  WARN ring underrun: needed 4096 got 0
2026-02-22T19:51:57.267013Z  WARN ring underrun: needed 4096 got 0
2026-02-22T19:51:57.309688Z  WARN ring underrun: needed 4096 got 0
2026-02-22T19:51:57.352346Z  WARN ring underrun: needed 4096 got 0
2026-02-22T19:51:57.395005Z  WARN ring underrun: needed 4096 got 0
2026-02-22T19:51:57.437735Z  WARN ring underrun: needed 4096 got 0
2026-02-22T19:51:57.480393Z  WARN ring underrun: needed 4096 got 0
2026-02-22T19:51:57.523018Z  WARN ring underrun: needed 4096 got 0
2026-02-22T19:51:57.565710Z  WARN ring underrun: needed 4096 got 0
2026-02-22T19:51:57.608359Z  WARN ring underrun: needed 4096 got 0
2026-02-22T19:51:57.651014Z  WARN ring underrun: needed 4096 got 0
2026-02-22T19:51:57.693691Z  WARN ring underrun: needed 4096 got 0
2026-02-22T19:51:57.736351Z  WARN ring underrun: needed 4096 got 0
2026-02-22T19:51:57.779018Z  WARN ring underrun: needed 4096 got 0
2026-02-22T19:51:57.821694Z  WARN ring underrun: needed 4096 got 0
2026-02-22T19:51:57.864356Z  WARN ring underrun: needed 4096 got 0
2026-02-22T19:51:57.907019Z  WARN ring underrun: needed 4096 got 0
2026-02-22T19:51:57.949766Z  WARN ring underrun: needed 4096 got 0
2026-02-22T19:51:57.992354Z  WARN ring underrun: needed 4096 got 0
2026-02-22T19:51:58.035031Z  WARN ring underrun: needed 4096 got 0
2026-02-22T19:51:58.077703Z  WARN ring underrun: needed 4096 got 0
2026-02-22T19:51:58.120362Z  WARN ring underrun: needed 4096 got 0
2026-02-22T19:51:58.163018Z  WARN ring underrun: needed 4096 got 0
2026-02-22T19:51:58.205679Z  WARN ring underrun: needed 4096 got 0
2026-02-22T19:51:58.248493Z  WARN ring underrun: needed 4096 got 0
2026-02-22T19:51:58.291026Z  WARN ring underrun: needed 4096 got 0
2026-02-22T19:51:58.333681Z  WARN ring underrun: needed 4096 got 0
2026-02-22T19:51:58.376347Z  WARN ring underrun: needed 4096 got 0
2026-02-22T19:51:58.419017Z  WARN ring underrun: needed 4096 got 0
2026-02-22T19:51:58.461677Z  WARN ring underrun: needed 4096 got 0
2026-02-22T19:51:58.504351Z  WARN ring underrun: needed 4096 got 0
2026-02-22T19:51:58.547014Z  WARN ring underrun: needed 4096 got 0
2026-02-22T19:51:58.589684Z  WARN ring underrun: needed 4096 got 0
2026-02-22T19:51:58.632376Z  WARN ring underrun: needed 4096 got 0
2026-02-22T19:51:58.675012Z  WARN ring underrun: needed 4096 got 0
2026-02-22T19:51:58.717682Z  WARN ring underrun: needed 4096 got 0
2026-02-22T19:51:58.760345Z  WARN ring underrun: needed 4096 got 0
2026-02-22T19:51:58.803013Z  WARN ring underrun: needed 4096 got 0
2026-02-22T19:51:58.845682Z  WARN ring underrun: needed 4096 got 0
2026-02-22T19:51:58.888347Z  WARN ring underrun: needed 4096 got 0
2026-02-22T19:51:58.931018Z  WARN ring underrun: needed 4096 got 0
2026-02-22T19:51:58.973687Z  WARN ring underrun: needed 4096 got 0
2026-02-22T19:51:59.016353Z  WARN ring underrun: needed 4096 got 0
2026-02-22T19:51:59.059014Z  WARN ring underrun: needed 4096 got 0
2026-02-22T19:51:59.101707Z  WARN ring underrun: needed 4096 got 0
2026-02-22T19:51:59.144368Z  WARN ring underrun: needed 4096 got 0
2026-02-22T19:51:59.187027Z  WARN ring underrun: needed 4096 got 0
2026-02-22T19:51:59.229717Z  WARN ring underrun: needed 4096 got 0
2026-02-22T19:51:59.272357Z  WARN ring underrun: needed 4096 got 0
2026-02-22T19:51:59.315051Z  WARN ring underrun: needed 4096 got 0
2026-02-22T19:51:59.357696Z  WARN ring underrun: needed 4096 got 0
2026-02-22T19:51:59.400393Z  WARN ring underrun: needed 4096 got 0
2026-02-22T19:51:59.443071Z  WARN ring underrun: needed 4096 got 0
2026-02-22T19:51:59.485715Z  WARN ring underrun: needed 4096 got 0
2026-02-22T19:51:59.528370Z  WARN ring underrun: needed 4096 got 0
2026-02-22T19:51:59.571062Z  WARN ring underrun: needed 4096 got 0
2026-02-22T19:51:59.613733Z  WARN ring underrun: needed 4096 got 0
2026-02-22T19:51:59.656369Z  WARN ring underrun: needed 4096 got 0
2026-02-22T19:51:59.699023Z  WARN ring underrun: needed 4096 got 0
2026-02-22T19:51:59.741691Z  WARN ring underrun: needed 4096 got 0
2026-02-22T19:51:59.784383Z  WARN ring underrun: needed 4096 got 0
2026-02-22T19:51:59.827021Z  WARN ring underrun: needed 4096 got 0
2026-02-22T19:51:59.869691Z  WARN ring underrun: needed 4096 got 0
2026-02-22T19:51:59.912355Z  WARN ring underrun: needed 4096 got 0
2026-02-22T19:51:59.955018Z  WARN ring underrun: needed 4096 got 0
2026-02-22T19:51:59.997687Z  WARN ring underrun: needed 4096 got 0
2026-02-22T19:52:00.040373Z  WARN ring underrun: needed 4096 got 0
2026-02-22T19:52:00.083024Z  WARN ring underrun: needed 4096 got 0
2026-02-22T19:52:00.125700Z  WARN ring underrun: needed 4096 got 0
2026-02-22T19:52:00.168363Z  WARN ring underrun: needed 4096 got 0
2026-02-22T19:52:00.211072Z  WARN ring underrun: needed 4096 got 0
2026-02-22T19:52:00.253688Z  WARN ring underrun: needed 4096 got 0
2026-02-22T19:52:00.296361Z  WARN ring underrun: needed 4096 got 0
2026-02-22T19:52:00.339024Z  WARN ring underrun: needed 4096 got 0
2026-02-22T19:52:00.381687Z  WARN ring underrun: needed 4096 got 0
2026-02-22T19:52:00.424359Z  WARN ring underrun: needed 4096 got 0
2026-02-22T19:52:00.467030Z  WARN ring underrun: needed 4096 got 0
2026-02-22T19:52:00.509703Z  WARN ring underrun: needed 4096 got 0
2026-02-22T19:52:00.552386Z  WARN ring underrun: needed 4096 got 0
2026-02-22T19:52:00.595039Z  WARN ring underrun: needed 4096 got 0
2026-02-22T19:52:00.637853Z  WARN ring underrun: needed 4096 got 0
2026-02-22T19:52:00.680388Z  WARN ring underrun: needed 4096 got 0
2026-02-22T19:52:00.723043Z  WARN ring underrun: needed 4096 got 0
2026-02-22T19:52:00.765701Z  WARN ring underrun: needed 4096 got 0
2026-02-22T19:52:00.808363Z  WARN ring underrun: needed 4096 got 0
2026-02-22T19:52:00.851028Z  WARN ring underrun: needed 4096 got 0
2026-02-22T19:52:00.893699Z  WARN ring underrun: needed 4096 got 0
2026-02-22T19:52:00.936361Z  WARN ring underrun: needed 4096 got 0
2026-02-22T19:52:00.979033Z  WARN ring underrun: needed 4096 got 0
2026-02-22T19:52:01.021714Z  WARN ring underrun: needed 4096 got 0
2026-02-22T19:52:01.064362Z  WARN ring underrun: needed 4096 got 0
2026-02-22T19:52:01.107044Z  WARN ring underrun: needed 4096 got 0
2026-02-22T19:52:01.149705Z  WARN ring underrun: needed 4096 got 0
2026-02-22T19:52:01.192380Z  WARN ring underrun: needed 4096 got 0
2026-02-22T19:52:01.235035Z  WARN ring underrun: needed 4096 got 0
2026-02-22T19:52:01.277699Z  WARN ring underrun: needed 4096 got 0
2026-02-22T19:52:01.320377Z  WARN ring underrun: needed 4096 got 0
2026-02-22T19:52:01.363037Z  WARN ring underrun: needed 4096 got 0
2026-02-22T19:52:01.405704Z  WARN ring underrun: needed 4096 got 0
2026-02-22T19:52:01.448399Z  WARN ring underrun: needed 4096 got 0
2026-02-22T19:52:01.491038Z  WARN ring underrun: needed 4096 got 0
2026-02-22T19:52:01.533703Z  WARN ring underrun: needed 4096 got 0
2026-02-22T19:52:01.576385Z  WARN ring underrun: needed 4096 got 0
2026-02-22T19:52:01.619041Z  WARN ring underrun: needed 4096 got 0
2026-02-22T19:52:01.661717Z  WARN ring underrun: needed 4096 got 0
2026-02-22T19:52:01.704379Z  WARN ring underrun: needed 4096 got 0
2026-02-22T19:52:01.747040Z  WARN ring underrun: needed 4096 got 0
2026-02-22T19:52:01.789711Z  WARN ring underrun: needed 4096 got 0
2026-02-22T19:52:01.832381Z  WARN ring underrun: needed 4096 got 0
2026-02-22T19:52:01.875039Z  WARN ring underrun: needed 4096 got 0
2026-02-22T19:52:01.917718Z  WARN ring underrun: needed 4096 got 0
2026-02-22T19:52:01.960379Z  WARN ring underrun: needed 4096 got 0
2026-02-22T19:52:02.003051Z  WARN ring underrun: needed 4096 got 0
2026-02-22T19:52:02.045728Z  WARN ring underrun: needed 4096 got 0
2026-02-22T19:52:02.088496Z  WARN ring underrun: needed 4096 got 0
2026-02-22T19:52:02.131074Z  WARN ring underrun: needed 4096 got 0
2026-02-22T19:52:02.173713Z  WARN ring underrun: needed 4096 got 0
2026-02-22T19:52:02.216387Z  WARN ring underrun: needed 4096 got 0
2026-02-22T19:52:02.259045Z  WARN ring underrun: needed 4096 got 0
2026-02-22T19:52:02.301714Z  WARN ring underrun: needed 4096 got 0
2026-02-22T19:52:02.344389Z  WARN ring underrun: needed 4096 got 0
2026-02-22T19:52:02.387049Z  WARN ring underrun: needed 4096 got 0
2026-02-22T19:52:02.429724Z  WARN ring underrun: needed 4096 got 0
2026-02-22T19:52:02.472389Z  WARN ring underrun: needed 4096 got 0
2026-02-22T19:52:02.515055Z  WARN ring underrun: needed 4096 got 0
2026-02-22T19:52:02.557729Z  WARN ring underrun: needed 4096 got 0
2026-02-22T19:52:02.600393Z  WARN ring underrun: needed 4096 got 0
2026-02-22T19:52:02.643093Z  WARN ring underrun: needed 4096 got 0
2026-02-22T19:52:02.685725Z  WARN ring underrun: needed 4096 got 0
2026-02-22T19:52:02.728398Z  WARN ring underrun: needed 4096 got 0
2026-02-22T19:52:02.771060Z  WARN ring underrun: needed 4096 got 0
2026-02-22T19:52:02.813731Z  WARN ring underrun: needed 4096 got 0
2026-02-22T19:52:02.856396Z  WARN ring underrun: needed 4096 got 0
2026-02-22T19:52:02.899063Z  WARN ring underrun: needed 4096 got 0
2026-02-22T19:52:02.941731Z  WARN ring underrun: needed 4096 got 0
2026-02-22T19:52:02.974343Z  INFO Diffusion (8 ODE steps): 6.84s
2026-02-22T19:52:02.984398Z  WARN ring underrun: needed 4096 got 0
2026-02-22T19:52:03.027072Z  WARN ring underrun: needed 4096 got 0
2026-02-22T19:52:03.069733Z  WARN ring underrun: needed 4096 got 0
2026-02-22T19:52:03.112407Z  WARN ring underrun: needed 4096 got 0
2026-02-22T19:52:03.155069Z  WARN ring underrun: needed 4096 got 0
2026-02-22T19:52:03.197736Z  WARN ring underrun: needed 4096 got 0
2026-02-22T19:52:03.240409Z  WARN ring underrun: needed 4096 got 0
2026-02-22T19:52:03.283072Z  WARN ring underrun: needed 4096 got 0
2026-02-22T19:52:03.325745Z  WARN ring underrun: needed 4096 got 0
2026-02-22T19:52:03.368402Z  WARN ring underrun: needed 4096 got 0
2026-02-22T19:52:03.411081Z  WARN ring underrun: needed 4096 got 0
2026-02-22T19:52:03.453746Z  WARN ring underrun: needed 4096 got 0
2026-02-22T19:52:03.496416Z  WARN ring underrun: needed 4096 got 0
2026-02-22T19:52:03.539077Z  WARN ring underrun: needed 4096 got 0
2026-02-22T19:52:03.581752Z  WARN ring underrun: needed 4096 got 0
2026-02-22T19:52:03.624414Z  WARN ring underrun: needed 4096 got 0
2026-02-22T19:52:03.667089Z  WARN ring underrun: needed 4096 got 0
2026-02-22T19:52:03.709751Z  WARN ring underrun: needed 4096 got 0
2026-02-22T19:52:03.752420Z  WARN ring underrun: needed 4096 got 0
2026-02-22T19:52:03.795083Z  WARN ring underrun: needed 4096 got 0
2026-02-22T19:52:03.837750Z  WARN ring underrun: needed 4096 got 0
2026-02-22T19:52:03.880415Z  WARN ring underrun: needed 4096 got 0
2026-02-22T19:52:03.923088Z  WARN ring underrun: needed 4096 got 0
2026-02-22T19:52:03.965749Z  WARN ring underrun: needed 4096 got 0
2026-02-22T19:52:04.008424Z  WARN ring underrun: needed 4096 got 0
2026-02-22T19:52:04.051092Z  WARN ring underrun: needed 4096 got 0
2026-02-22T19:52:04.093759Z  WARN ring underrun: needed 4096 got 0
2026-02-22T19:52:04.136425Z  WARN ring underrun: needed 4096 got 0
2026-02-22T19:52:04.179094Z  WARN ring underrun: needed 4096 got 0
2026-02-22T19:52:04.221765Z  WARN ring underrun: needed 4096 got 0
2026-02-22T19:52:04.264424Z  WARN ring underrun: needed 4096 got 0
2026-02-22T19:52:04.307097Z  WARN ring underrun: needed 4096 got 0
2026-02-22T19:52:04.349760Z  WARN ring underrun: needed 4096 got 0
2026-02-22T19:52:04.392431Z  WARN ring underrun: needed 4096 got 0
2026-02-22T19:52:04.435098Z  WARN ring underrun: needed 4096 got 0
2026-02-22T19:52:04.477759Z  WARN ring underrun: needed 4096 got 0
2026-02-22T19:52:04.520429Z  WARN ring underrun: needed 4096 got 0
2026-02-22T19:52:04.563100Z  WARN ring underrun: needed 4096 got 0
2026-02-22T19:52:04.605767Z  WARN ring underrun: needed 4096 got 0
2026-02-22T19:52:04.648452Z  WARN ring underrun: needed 4096 got 0
2026-02-22T19:52:04.691103Z  WARN ring underrun: needed 4096 got 0
2026-02-22T19:52:04.733769Z  WARN ring underrun: needed 4096 got 0
2026-02-22T19:52:04.776429Z  WARN ring underrun: needed 4096 got 0
2026-02-22T19:52:04.819102Z  WARN ring underrun: needed 4096 got 0
2026-02-22T19:52:04.861766Z  WARN ring underrun: needed 4096 got 0
2026-02-22T19:52:04.904435Z  WARN ring underrun: needed 4096 got 0
2026-02-22T19:52:04.947106Z  WARN ring underrun: needed 4096 got 0
2026-02-22T19:52:04.989772Z  WARN ring underrun: needed 4096 got 0
2026-02-22T19:52:05.032456Z  WARN ring underrun: needed 4096 got 0
2026-02-22T19:52:05.075101Z  WARN ring underrun: needed 4096 got 0
2026-02-22T19:52:05.117783Z  WARN ring underrun: needed 4096 got 0
2026-02-22T19:52:05.160513Z  WARN ring underrun: needed 4096 got 0
2026-02-22T19:52:05.203243Z  WARN ring underrun: needed 4096 got 0
2026-02-22T19:52:05.245804Z  WARN ring underrun: needed 4096 got 0
2026-02-22T19:52:05.288497Z  WARN ring underrun: needed 4096 got 0
2026-02-22T19:52:05.331120Z  WARN ring underrun: needed 4096 got 0
2026-02-22T19:52:05.373786Z  WARN ring underrun: needed 4096 got 0
2026-02-22T19:52:05.416456Z  WARN ring underrun: needed 4096 got 0
2026-02-22T19:52:05.459123Z  WARN ring underrun: needed 4096 got 0
2026-02-22T19:52:05.501789Z  WARN ring underrun: needed 4096 got 0
2026-02-22T19:52:05.544460Z  WARN ring underrun: needed 4096 got 0
2026-02-22T19:52:05.587136Z  WARN ring underrun: needed 4096 got 0
2026-02-22T19:52:05.629794Z  WARN ring underrun: needed 4096 got 0
2026-02-22T19:52:05.672466Z  WARN ring underrun: needed 4096 got 0
2026-02-22T19:52:05.715234Z  WARN ring underrun: needed 4096 got 0
2026-02-22T19:52:05.757807Z  WARN ring underrun: needed 4096 got 0
2026-02-22T19:52:05.800463Z  WARN ring underrun: needed 4096 got 0
2026-02-22T19:52:05.843124Z  WARN ring underrun: needed 4096 got 0
2026-02-22T19:52:05.885790Z  WARN ring underrun: needed 4096 got 0
2026-02-22T19:52:05.928463Z  WARN ring underrun: needed 4096 got 0
2026-02-22T19:52:05.971129Z  WARN ring underrun: needed 4096 got 0
2026-02-22T19:52:06.013834Z  WARN ring underrun: needed 4096 got 0
2026-02-22T19:52:06.056476Z  WARN ring underrun: needed 4096 got 0
2026-02-22T19:52:06.099139Z  WARN ring underrun: needed 4096 got 0
2026-02-22T19:52:06.141848Z  WARN ring underrun: needed 4096 got 0
2026-02-22T19:52:06.184478Z  WARN ring underrun: needed 4096 got 0
2026-02-22T19:52:06.227134Z  WARN ring underrun: needed 4096 got 0
2026-02-22T19:52:06.269810Z  WARN ring underrun: needed 4096 got 0
2026-02-22T19:52:06.312477Z  WARN ring underrun: needed 4096 got 0
2026-02-22T19:52:06.355142Z  WARN ring underrun: needed 4096 got 0
2026-02-22T19:52:06.397810Z  WARN ring underrun: needed 4096 got 0
2026-02-22T19:52:06.440498Z  WARN ring underrun: needed 4096 got 0
2026-02-22T19:52:06.483153Z  WARN ring underrun: needed 4096 got 0
2026-02-22T19:52:06.525836Z  WARN ring underrun: needed 4096 got 0
2026-02-22T19:52:06.568504Z  WARN ring underrun: needed 4096 got 0
2026-02-22T19:52:06.611167Z  WARN ring underrun: needed 4096 got 0
2026-02-22T19:52:06.653837Z  WARN ring underrun: needed 4096 got 0
2026-02-22T19:52:06.696489Z  WARN ring underrun: needed 4096 got 0
2026-02-22T19:52:06.739176Z  WARN ring underrun: needed 4096 got 0
2026-02-22T19:52:06.781889Z  WARN ring underrun: needed 4096 got 0
2026-02-22T19:52:06.824524Z  WARN ring underrun: needed 4096 got 0
2026-02-22T19:52:06.867185Z  WARN ring underrun: needed 4096 got 0
2026-02-22T19:52:06.909839Z  WARN ring underrun: needed 4096 got 0
2026-02-22T19:52:06.952499Z  WARN ring underrun: needed 4096 got 0
2026-02-22T19:52:06.995153Z  WARN ring underrun: needed 4096 got 0
2026-02-22T19:52:07.037835Z  WARN ring underrun: needed 4096 got 0
2026-02-22T19:52:07.080499Z  WARN ring underrun: needed 4096 got 0
2026-02-22T19:52:07.123185Z  WARN ring underrun: needed 4096 got 0
2026-02-22T19:52:07.165836Z  WARN ring underrun: needed 4096 got 0
2026-02-22T19:52:07.208500Z  WARN ring underrun: needed 4096 got 0
2026-02-22T19:52:07.251177Z  WARN ring underrun: needed 4096 got 0
2026-02-22T19:52:07.293842Z  WARN ring underrun: needed 4096 got 0
2026-02-22T19:52:07.336513Z  WARN ring underrun: needed 4096 got 0
2026-02-22T19:52:07.379197Z  WARN ring underrun: needed 4096 got 0
2026-02-22T19:52:07.421851Z  WARN ring underrun: needed 4096 got 0
2026-02-22T19:52:07.464518Z  WARN ring underrun: needed 4096 got 0
2026-02-22T19:52:07.507179Z  WARN ring underrun: needed 4096 got 0
2026-02-22T19:52:07.549851Z  WARN ring underrun: needed 4096 got 0
2026-02-22T19:52:07.592521Z  WARN ring underrun: needed 4096 got 0
2026-02-22T19:52:07.635180Z  WARN ring underrun: needed 4096 got 0
2026-02-22T19:52:07.677839Z  WARN ring underrun: needed 4096 got 0
2026-02-22T19:52:07.720512Z  WARN ring underrun: needed 4096 got 0
2026-02-22T19:52:07.763183Z  WARN ring underrun: needed 4096 got 0
2026-02-22T19:52:07.805847Z  WARN ring underrun: needed 4096 got 0
2026-02-22T19:52:07.848545Z  WARN ring underrun: needed 4096 got 0
2026-02-22T19:52:07.891184Z  WARN ring underrun: needed 4096 got 0
2026-02-22T19:52:07.933873Z  WARN ring underrun: needed 4096 got 0
2026-02-22T19:52:07.976531Z  WARN ring underrun: needed 4096 got 0
2026-02-22T19:52:08.019261Z  WARN ring underrun: needed 4096 got 0
2026-02-22T19:52:08.061899Z  WARN ring underrun: needed 4096 got 0
2026-02-22T19:52:08.104523Z  WARN ring underrun: needed 4096 got 0
2026-02-22T19:52:08.134768Z  INFO VAE decode: 5.16s
2026-02-22T19:52:08.147198Z  WARN ring underrun: needed 4096 got 0
2026-02-22T19:52:08.189878Z  WARN ring underrun: needed 4096 got 0
2026-02-22T19:52:08.232549Z  WARN ring underrun: needed 4096 got 0
2026-02-22T19:52:08.275217Z  WARN ring underrun: needed 4096 got 0
2026-02-22T19:52:08.317899Z  WARN ring underrun: needed 4096 got 0
2026-02-22T19:52:08.360563Z  WARN ring underrun: needed 4096 got 0
2026-02-22T19:52:08.403231Z  WARN ring underrun: needed 4096 got 0
2026-02-22T19:52:08.445925Z  WARN ring underrun: needed 4096 got 0
2026-02-22T19:52:08.488576Z  WARN ring underrun: needed 4096 got 0
2026-02-22T19:52:08.531249Z  WARN ring underrun: needed 4096 got 0
2026-02-22T19:52:08.573922Z  WARN ring underrun: needed 4096 got 0
2026-02-22T19:52:08.616583Z  WARN ring underrun: needed 4096 got 0
2026-02-22T19:52:08.652894Z  INFO Total chunk: 12.57s
2026-02-22T19:52:08.659235Z  WARN ring underrun: needed 4096 got 0
2026-02-22T19:52:08.676823Z  INFO next_step: caption="Driving synthwave with retro 80s analog synths, pulsing bass" lyrics_len=95 bpm=Some(128)
2026-02-22T19:52:08.676853Z  INFO event:step step=0 pos=0s audio=30.0s gen=12.59s step_s=30s window_s=240s
2026-02-22T19:52:08.676857Z  INFO === Sliding window step 1 (pos=30s window=240s step=30s is_first=false) ===
2026-02-22T19:52:08.677017Z  INFO   metas: pos=30s duration=270s mode=Advancing bpm=Some(128) key=Some("A minor")
2026-02-22T19:52:08.712415Z  INFO Generating chunk (6000 frames, 240.0s)...
2026-02-22T19:52:15.673198Z  INFO Diffusion (8 ODE steps): 6.96s
2026-02-22T19:52:20.876091Z  INFO VAE decode: 5.20s
2026-02-22T19:52:21.389115Z  INFO Total chunk: 12.71s
2026-02-22T19:52:23.678748Z  INFO next_step: caption="Driving synthwave with retro 80s analog synths, pulsing bass" lyrics_len=95 bpm=Some(128)
2026-02-22T19:52:23.678770Z  INFO event:step step=1 pos=30s audio=30.0s gen=12.73s step_s=30s window_s=240s
2026-02-22T19:52:23.678783Z  INFO === Sliding window step 2 (pos=60s window=240s step=30s is_first=false) ===
2026-02-22T19:52:23.678927Z  INFO   metas: pos=60s duration=300s mode=Advancing bpm=Some(128) key=Some("A minor")
2026-02-22T19:52:23.713482Z  INFO Generating chunk (6000 frames, 240.0s)...
2026-02-22T19:52:30.744969Z  INFO Diffusion (8 ODE steps): 7.03s
2026-02-22T19:52:36.001227Z  INFO VAE decode: 5.26s
2026-02-22T19:52:36.523803Z  INFO Total chunk: 12.84s
2026-02-22T19:52:53.673659Z  INFO next_step: caption="Driving synthwave with retro 80s analog synths, pulsing bass" lyrics_len=95 bpm=Some(128)
2026-02-22T19:52:53.673690Z  INFO event:step step=2 pos=60s audio=30.0s gen=12.86s step_s=30s window_s=240s
2026-02-22T19:52:53.673709Z  INFO === Sliding window step 3 (pos=90s window=240s step=30s is_first=false) ===
2026-02-22T19:52:53.685709Z  INFO   metas: pos=90s duration=330s mode=Advancing bpm=Some(128) key=Some("A minor")
2026-02-22T19:52:53.721749Z  INFO Generating chunk (6000 frames, 240.0s)...
2026-02-22T19:53:00.789122Z  INFO Diffusion (8 ODE steps): 7.06s
2026-02-22T19:53:06.033626Z  INFO VAE decode: 5.24s
2026-02-22T19:53:06.551310Z  INFO Total chunk: 12.87s
2026-02-22T19:53:23.668338Z  INFO next_step: caption="Driving synthwave with retro 80s analog synths, pulsing bass" lyrics_len=95 bpm=Some(128)
2026-02-22T19:53:23.668357Z  INFO event:step step=3 pos=90s audio=30.0s gen=12.89s step_s=30s window_s=240s
2026-02-22T19:53:23.668372Z  INFO === Sliding window step 4 (pos=120s window=240s step=30s is_first=false) ===
2026-02-22T19:53:23.680397Z  INFO   metas: pos=120s duration=360s mode=Advancing bpm=Some(128) key=Some("A minor")
2026-02-22T19:53:23.716800Z  INFO Generating chunk (6000 frames, 240.0s)...
2026-02-22T19:53:30.705452Z  INFO Diffusion (8 ODE steps): 6.98s
2026-02-22T19:53:35.913623Z  INFO VAE decode: 5.21s
2026-02-22T19:53:36.431117Z  INFO Total chunk: 12.75s
2026-02-22T19:53:53.662993Z  INFO next_step: caption="Driving synthwave with retro 80s analog synths, pulsing bass" lyrics_len=95 bpm=Some(128)
2026-02-22T19:53:53.663022Z  INFO event:step step=4 pos=120s audio=30.0s gen=12.78s step_s=30s window_s=240s
2026-02-22T19:53:53.663032Z  INFO === Sliding window step 5 (pos=150s window=240s step=30s is_first=false) ===
2026-02-22T19:53:53.677143Z  INFO   metas: pos=150s duration=390s mode=Advancing bpm=Some(128) key=Some("A minor")
2026-02-22T19:53:53.712351Z  INFO Generating chunk (6000 frames, 240.0s)...
2026-02-22T19:54:00.774500Z  INFO Diffusion (8 ODE steps): 7.06s
2026-02-22T19:54:05.935185Z  INFO VAE decode: 5.16s
2026-02-22T19:54:06.448315Z  INFO Total chunk: 12.77s
2026-02-22T19:54:23.700987Z  INFO next_step: caption="Driving synthwave with retro 80s analog synths, pulsing bass" lyrics_len=95 bpm=Some(128)
2026-02-22T19:54:23.701012Z  INFO event:step step=5 pos=150s audio=30.0s gen=12.80s step_s=30s window_s=240s
2026-02-22T19:54:23.701022Z  INFO === Sliding window step 6 (pos=180s window=240s step=30s is_first=false) ===
2026-02-22T19:54:23.707944Z  INFO   metas: pos=180s duration=420s mode=Advancing bpm=Some(128) key=Some("A minor")
2026-02-22T19:54:23.742695Z  INFO Generating chunk (6000 frames, 240.0s)...
2026-02-22T19:55:31.139182Z  INFO Listening on /tmp/ace-step.sock
2026-02-22T19:55:31.143102Z  INFO cpal supported: ch=1 rate=1-384000 fmt=U8
2026-02-22T19:55:31.143122Z  INFO cpal supported: ch=2 rate=1-384000 fmt=U8
2026-02-22T19:55:31.143125Z  INFO cpal supported: ch=3 rate=1-384000 fmt=U8
2026-02-22T19:55:31.143128Z  INFO cpal supported: ch=4 rate=1-384000 fmt=U8
2026-02-22T19:55:31.143130Z  INFO cpal supported: ch=5 rate=1-384000 fmt=U8
2026-02-22T19:55:31.143133Z  INFO cpal supported: ch=6 rate=1-384000 fmt=U8
2026-02-22T19:55:31.143135Z  INFO cpal supported: ch=7 rate=1-384000 fmt=U8
2026-02-22T19:55:31.143138Z  INFO cpal supported: ch=8 rate=1-384000 fmt=U8
2026-02-22T19:55:31.143140Z  INFO cpal supported: ch=9 rate=1-384000 fmt=U8
2026-02-22T19:55:31.143143Z  INFO cpal supported: ch=10 rate=1-384000 fmt=U8
2026-02-22T19:55:31.143145Z  INFO cpal supported: ch=11 rate=1-384000 fmt=U8
2026-02-22T19:55:31.143148Z  INFO cpal supported: ch=12 rate=1-384000 fmt=U8
2026-02-22T19:55:31.143151Z  INFO cpal supported: ch=13 rate=1-384000 fmt=U8
2026-02-22T19:55:31.143153Z  INFO cpal supported: ch=14 rate=1-384000 fmt=U8
2026-02-22T19:55:31.143156Z  INFO cpal supported: ch=15 rate=1-384000 fmt=U8
2026-02-22T19:55:31.143158Z  INFO cpal supported: ch=16 rate=1-384000 fmt=U8
2026-02-22T19:55:31.143161Z  INFO cpal supported: ch=17 rate=1-384000 fmt=U8
2026-02-22T19:55:31.143163Z  INFO cpal supported: ch=18 rate=1-384000 fmt=U8
2026-02-22T19:55:31.143175Z  INFO cpal supported: ch=19 rate=1-384000 fmt=U8
2026-02-22T19:55:31.143177Z  INFO cpal supported: ch=20 rate=1-384000 fmt=U8
2026-02-22T19:55:31.143178Z  INFO cpal supported: ch=21 rate=1-384000 fmt=U8
2026-02-22T19:55:31.143180Z  INFO cpal supported: ch=22 rate=1-384000 fmt=U8
2026-02-22T19:55:31.143182Z  INFO cpal supported: ch=23 rate=1-384000 fmt=U8
2026-02-22T19:55:31.143183Z  INFO cpal supported: ch=24 rate=1-384000 fmt=U8
2026-02-22T19:55:31.143185Z  INFO cpal supported: ch=25 rate=1-384000 fmt=U8
2026-02-22T19:55:31.143187Z  INFO cpal supported: ch=26 rate=1-384000 fmt=U8
2026-02-22T19:55:31.143188Z  INFO cpal supported: ch=27 rate=1-384000 fmt=U8
2026-02-22T19:55:31.143190Z  INFO cpal supported: ch=28 rate=1-384000 fmt=U8
2026-02-22T19:55:31.143192Z  INFO cpal supported: ch=29 rate=1-384000 fmt=U8
2026-02-22T19:55:31.143193Z  INFO cpal supported: ch=30 rate=1-384000 fmt=U8
2026-02-22T19:55:31.143195Z  INFO cpal supported: ch=31 rate=1-384000 fmt=U8
2026-02-22T19:55:31.143196Z  INFO cpal supported: ch=32 rate=1-384000 fmt=U8
2026-02-22T19:55:31.143198Z  INFO cpal supported: ch=1 rate=1-384000 fmt=I16
2026-02-22T19:55:31.143200Z  INFO cpal supported: ch=2 rate=1-384000 fmt=I16
2026-02-22T19:55:31.143201Z  INFO cpal supported: ch=3 rate=1-384000 fmt=I16
2026-02-22T19:55:31.143203Z  INFO cpal supported: ch=4 rate=1-384000 fmt=I16
2026-02-22T19:55:31.143205Z  INFO cpal supported: ch=5 rate=1-384000 fmt=I16
2026-02-22T19:55:31.143206Z  INFO cpal supported: ch=6 rate=1-384000 fmt=I16
2026-02-22T19:55:31.143208Z  INFO cpal supported: ch=7 rate=1-384000 fmt=I16
2026-02-22T19:55:31.143210Z  INFO cpal supported: ch=8 rate=1-384000 fmt=I16
2026-02-22T19:55:31.143211Z  INFO cpal supported: ch=9 rate=1-384000 fmt=I16
2026-02-22T19:55:31.143213Z  INFO cpal supported: ch=10 rate=1-384000 fmt=I16
2026-02-22T19:55:31.143214Z  INFO cpal supported: ch=11 rate=1-384000 fmt=I16
2026-02-22T19:55:31.143216Z  INFO cpal supported: ch=12 rate=1-384000 fmt=I16
2026-02-22T19:55:31.143218Z  INFO cpal supported: ch=13 rate=1-384000 fmt=I16
2026-02-22T19:55:31.143219Z  INFO cpal supported: ch=14 rate=1-384000 fmt=I16
2026-02-22T19:55:31.143221Z  INFO cpal supported: ch=15 rate=1-384000 fmt=I16
2026-02-22T19:55:31.143223Z  INFO cpal supported: ch=16 rate=1-384000 fmt=I16
2026-02-22T19:55:31.143224Z  INFO cpal supported: ch=17 rate=1-384000 fmt=I16
2026-02-22T19:55:31.143226Z  INFO cpal supported: ch=18 rate=1-384000 fmt=I16
2026-02-22T19:55:31.143228Z  INFO cpal supported: ch=19 rate=1-384000 fmt=I16
2026-02-22T19:55:31.143229Z  INFO cpal supported: ch=20 rate=1-384000 fmt=I16
2026-02-22T19:55:31.143231Z  INFO cpal supported: ch=21 rate=1-384000 fmt=I16
2026-02-22T19:55:31.143233Z  INFO cpal supported: ch=22 rate=1-384000 fmt=I16
2026-02-22T19:55:31.143234Z  INFO cpal supported: ch=23 rate=1-384000 fmt=I16
2026-02-22T19:55:31.143236Z  INFO cpal supported: ch=24 rate=1-384000 fmt=I16
2026-02-22T19:55:31.143237Z  INFO cpal supported: ch=25 rate=1-384000 fmt=I16
2026-02-22T19:55:31.143239Z  INFO cpal supported: ch=26 rate=1-384000 fmt=I16
2026-02-22T19:55:31.143241Z  INFO cpal supported: ch=27 rate=1-384000 fmt=I16
2026-02-22T19:55:31.143242Z  INFO cpal supported: ch=28 rate=1-384000 fmt=I16
2026-02-22T19:55:31.143244Z  INFO cpal supported: ch=29 rate=1-384000 fmt=I16
2026-02-22T19:55:31.143246Z  INFO cpal supported: ch=30 rate=1-384000 fmt=I16
2026-02-22T19:55:31.143247Z  INFO cpal supported: ch=31 rate=1-384000 fmt=I16
2026-02-22T19:55:31.143249Z  INFO cpal supported: ch=32 rate=1-384000 fmt=I16
2026-02-22T19:55:31.143251Z  INFO cpal supported: ch=1 rate=1-384000 fmt=I32
2026-02-22T19:55:31.143252Z  INFO cpal supported: ch=2 rate=1-384000 fmt=I32
2026-02-22T19:55:31.143254Z  INFO cpal supported: ch=3 rate=1-384000 fmt=I32
2026-02-22T19:55:31.143256Z  INFO cpal supported: ch=4 rate=1-384000 fmt=I32
2026-02-22T19:55:31.143257Z  INFO cpal supported: ch=5 rate=1-384000 fmt=I32
2026-02-22T19:55:31.143259Z  INFO cpal supported: ch=6 rate=1-384000 fmt=I32
2026-02-22T19:55:31.143261Z  INFO cpal supported: ch=7 rate=1-384000 fmt=I32
2026-02-22T19:55:31.143265Z  INFO cpal supported: ch=8 rate=1-384000 fmt=I32
2026-02-22T19:55:31.143266Z  INFO cpal supported: ch=9 rate=1-384000 fmt=I32
2026-02-22T19:55:31.143268Z  INFO cpal supported: ch=10 rate=1-384000 fmt=I32
2026-02-22T19:55:31.143270Z  INFO cpal supported: ch=11 rate=1-384000 fmt=I32
2026-02-22T19:55:31.143271Z  INFO cpal supported: ch=12 rate=1-384000 fmt=I32
2026-02-22T19:55:31.143273Z  INFO cpal supported: ch=13 rate=1-384000 fmt=I32
2026-02-22T19:55:31.143275Z  INFO cpal supported: ch=14 rate=1-384000 fmt=I32
2026-02-22T19:55:31.143276Z  INFO cpal supported: ch=15 rate=1-384000 fmt=I32
2026-02-22T19:55:31.143278Z  INFO cpal supported: ch=16 rate=1-384000 fmt=I32
2026-02-22T19:55:31.143280Z  INFO cpal supported: ch=17 rate=1-384000 fmt=I32
2026-02-22T19:55:31.143281Z  INFO cpal supported: ch=18 rate=1-384000 fmt=I32
2026-02-22T19:55:31.143283Z  INFO cpal supported: ch=19 rate=1-384000 fmt=I32
2026-02-22T19:55:31.143285Z  INFO cpal supported: ch=20 rate=1-384000 fmt=I32
2026-02-22T19:55:31.143286Z  INFO cpal supported: ch=21 rate=1-384000 fmt=I32
2026-02-22T19:55:31.143288Z  INFO cpal supported: ch=22 rate=1-384000 fmt=I32
2026-02-22T19:55:31.143290Z  INFO cpal supported: ch=23 rate=1-384000 fmt=I32
2026-02-22T19:55:31.143291Z  INFO cpal supported: ch=24 rate=1-384000 fmt=I32
2026-02-22T19:55:31.143293Z  INFO cpal supported: ch=25 rate=1-384000 fmt=I32
2026-02-22T19:55:31.143294Z  INFO cpal supported: ch=26 rate=1-384000 fmt=I32
2026-02-22T19:55:31.143296Z  INFO cpal supported: ch=27 rate=1-384000 fmt=I32
2026-02-22T19:55:31.143298Z  INFO cpal supported: ch=28 rate=1-384000 fmt=I32
2026-02-22T19:55:31.143299Z  INFO cpal supported: ch=29 rate=1-384000 fmt=I32
2026-02-22T19:55:31.143301Z  INFO cpal supported: ch=30 rate=1-384000 fmt=I32
2026-02-22T19:55:31.143303Z  INFO cpal supported: ch=31 rate=1-384000 fmt=I32
2026-02-22T19:55:31.143304Z  INFO cpal supported: ch=32 rate=1-384000 fmt=I32
2026-02-22T19:55:31.143306Z  INFO cpal supported: ch=1 rate=1-384000 fmt=F32
2026-02-22T19:55:31.143308Z  INFO cpal supported: ch=2 rate=1-384000 fmt=F32
2026-02-22T19:55:31.143309Z  INFO cpal supported: ch=3 rate=1-384000 fmt=F32
2026-02-22T19:55:31.143311Z  INFO cpal supported: ch=4 rate=1-384000 fmt=F32
2026-02-22T19:55:31.143313Z  INFO cpal supported: ch=5 rate=1-384000 fmt=F32
2026-02-22T19:55:31.143314Z  INFO cpal supported: ch=6 rate=1-384000 fmt=F32
2026-02-22T19:55:31.143316Z  INFO cpal supported: ch=7 rate=1-384000 fmt=F32
2026-02-22T19:55:31.143317Z  INFO cpal supported: ch=8 rate=1-384000 fmt=F32
2026-02-22T19:55:31.143319Z  INFO cpal supported: ch=9 rate=1-384000 fmt=F32
2026-02-22T19:55:31.143321Z  INFO cpal supported: ch=10 rate=1-384000 fmt=F32
2026-02-22T19:55:31.143322Z  INFO cpal supported: ch=11 rate=1-384000 fmt=F32
2026-02-22T19:55:31.143324Z  INFO cpal supported: ch=12 rate=1-384000 fmt=F32
2026-02-22T19:55:31.143326Z  INFO cpal supported: ch=13 rate=1-384000 fmt=F32
2026-02-22T19:55:31.143327Z  INFO cpal supported: ch=14 rate=1-384000 fmt=F32
2026-02-22T19:55:31.143329Z  INFO cpal supported: ch=15 rate=1-384000 fmt=F32
2026-02-22T19:55:31.143331Z  INFO cpal supported: ch=16 rate=1-384000 fmt=F32
2026-02-22T19:55:31.143332Z  INFO cpal supported: ch=17 rate=1-384000 fmt=F32
2026-02-22T19:55:31.143334Z  INFO cpal supported: ch=18 rate=1-384000 fmt=F32
2026-02-22T19:55:31.143336Z  INFO cpal supported: ch=19 rate=1-384000 fmt=F32
2026-02-22T19:55:31.143337Z  INFO cpal supported: ch=20 rate=1-384000 fmt=F32
2026-02-22T19:55:31.143339Z  INFO cpal supported: ch=21 rate=1-384000 fmt=F32
2026-02-22T19:55:31.143340Z  INFO cpal supported: ch=22 rate=1-384000 fmt=F32
2026-02-22T19:55:31.143342Z  INFO cpal supported: ch=23 rate=1-384000 fmt=F32
2026-02-22T19:55:31.143344Z  INFO cpal supported: ch=24 rate=1-384000 fmt=F32
2026-02-22T19:55:31.143345Z  INFO cpal supported: ch=25 rate=1-384000 fmt=F32
2026-02-22T19:55:31.143347Z  INFO cpal supported: ch=26 rate=1-384000 fmt=F32
2026-02-22T19:55:31.143349Z  INFO cpal supported: ch=27 rate=1-384000 fmt=F32
2026-02-22T19:55:31.143353Z  INFO cpal supported: ch=28 rate=1-384000 fmt=F32
2026-02-22T19:55:31.143355Z  INFO cpal supported: ch=29 rate=1-384000 fmt=F32
2026-02-22T19:55:31.143357Z  INFO cpal supported: ch=30 rate=1-384000 fmt=F32
2026-02-22T19:55:31.143358Z  INFO cpal supported: ch=31 rate=1-384000 fmt=F32
2026-02-22T19:55:31.143360Z  INFO cpal supported: ch=32 rate=1-384000 fmt=F32
2026-02-22T19:55:31.143362Z  INFO cpal opening: device="default" ch=2 rate=48000
2026-02-22T19:55:31.182162Z  WARN ring underrun: needed 9600 got 0
2026-02-22T19:55:31.224831Z  WARN ring underrun: needed 4096 got 0
2026-02-22T19:55:31.267459Z  WARN ring underrun: needed 4096 got 0
2026-02-22T19:55:31.310141Z  WARN ring underrun: needed 4096 got 0
2026-02-22T19:55:31.344832Z  INFO Downloading ACE-Step v1.5 models from HuggingFace...
2026-02-22T19:55:31.344936Z  INFO All models downloaded successfully
2026-02-22T19:55:31.345264Z  INFO Loading tokenizer...
2026-02-22T19:55:31.352803Z  WARN ring underrun: needed 4096 got 0
2026-02-22T19:55:31.395484Z  WARN ring underrun: needed 4096 got 0
2026-02-22T19:55:31.438153Z  WARN ring underrun: needed 4096 got 0
2026-02-22T19:55:31.480840Z  WARN ring underrun: needed 4096 got 0
2026-02-22T19:55:31.523498Z  WARN ring underrun: needed 4096 got 0
2026-02-22T19:55:31.566199Z  WARN ring underrun: needed 4096 got 0
2026-02-22T19:55:31.608846Z  WARN ring underrun: needed 4096 got 0
2026-02-22T19:55:31.651521Z  WARN ring underrun: needed 4096 got 0
2026-02-22T19:55:31.684812Z  INFO Loading Qwen3 text encoder...
2026-02-22T19:55:31.694307Z  WARN ring underrun: needed 4096 got 0
2026-02-22T19:55:31.736943Z  WARN ring underrun: needed 4096 got 0
2026-02-22T19:55:31.779539Z  WARN ring underrun: needed 4096 got 0
2026-02-22T19:55:31.822330Z  WARN ring underrun: needed 4096 got 0
2026-02-22T19:55:31.864954Z  WARN ring underrun: needed 4096 got 0
2026-02-22T19:55:31.907555Z  WARN ring underrun: needed 4096 got 0
2026-02-22T19:55:31.950277Z  WARN ring underrun: needed 4096 got 0
2026-02-22T19:55:31.992996Z  WARN ring underrun: needed 4096 got 0
2026-02-22T19:55:32.035681Z  WARN ring underrun: needed 4096 got 0
2026-02-22T19:55:32.077558Z  INFO Loading DiT generation model...
2026-02-22T19:55:32.078224Z  WARN ring underrun: needed 4096 got 0
2026-02-22T19:55:32.120908Z  WARN ring underrun: needed 4096 got 0
2026-02-22T19:55:32.163646Z  WARN ring underrun: needed 4096 got 0
2026-02-22T19:55:32.206237Z  WARN ring underrun: needed 4096 got 0
2026-02-22T19:55:32.248934Z  WARN ring underrun: needed 4096 got 0
2026-02-22T19:55:32.291622Z  WARN ring underrun: needed 4096 got 0
2026-02-22T19:55:32.334290Z  WARN ring underrun: needed 4096 got 0
2026-02-22T19:55:32.376953Z  WARN ring underrun: needed 4096 got 0
2026-02-22T19:55:32.419709Z  WARN ring underrun: needed 4096 got 0
2026-02-22T19:55:32.462335Z  WARN ring underrun: needed 4096 got 0
2026-02-22T19:55:32.504995Z  WARN ring underrun: needed 4096 got 0
2026-02-22T19:55:32.547636Z  WARN ring underrun: needed 4096 got 0
2026-02-22T19:55:32.590292Z  WARN ring underrun: needed 4096 got 0
2026-02-22T19:55:32.633034Z  WARN ring underrun: needed 4096 got 0
2026-02-22T19:55:32.675693Z  WARN ring underrun: needed 4096 got 0
2026-02-22T19:55:32.718313Z  WARN ring underrun: needed 4096 got 0
2026-02-22T19:55:32.760977Z  WARN ring underrun: needed 4096 got 0
2026-02-22T19:55:32.803735Z  WARN ring underrun: needed 4096 got 0
2026-02-22T19:55:32.846385Z  WARN ring underrun: needed 4096 got 0
2026-02-22T19:55:32.889037Z  WARN ring underrun: needed 4096 got 0
2026-02-22T19:55:32.931658Z  WARN ring underrun: needed 4096 got 0
2026-02-22T19:55:32.974320Z  WARN ring underrun: needed 4096 got 0
2026-02-22T19:55:33.016987Z  WARN ring underrun: needed 4096 got 0
2026-02-22T19:55:33.059649Z  WARN ring underrun: needed 4096 got 0
2026-02-22T19:55:33.102271Z  WARN ring underrun: needed 4096 got 0
2026-02-22T19:55:33.144968Z  WARN ring underrun: needed 4096 got 0
2026-02-22T19:55:33.187636Z  WARN ring underrun: needed 4096 got 0
2026-02-22T19:55:33.230296Z  WARN ring underrun: needed 4096 got 0
2026-02-22T19:55:33.268330Z  INFO Loading VAE decoder...
2026-02-22T19:55:33.273001Z  WARN ring underrun: needed 4096 got 0
2026-02-22T19:55:33.315635Z  WARN ring underrun: needed 4096 got 0
2026-02-22T19:55:33.316301Z  INFO Loading silence latent...
2026-02-22T19:55:33.324453Z  INFO Loaded silence_latent: shape [1, 15000, 64], dtype F32
2026-02-22T19:55:33.324487Z  INFO Pipeline loaded successfully
2026-02-22T19:55:33.331487Z  INFO next_step: caption="Driving synthwave with retro 80s analog synths, pulsing bass" lyrics_len=95 bpm=Some(128)
2026-02-22T19:55:33.331506Z  INFO Pipeline ready
2026-02-22T19:55:33.331508Z  INFO === Sliding window step 0 (pos=0s window=240s step=30s is_first=true) ===
2026-02-22T19:55:33.331977Z  INFO   metas: pos=0s duration=240s mode=Advancing bpm=Some(128) key=Some("A minor")
2026-02-22T19:55:33.358283Z  WARN ring underrun: needed 4096 got 0
2026-02-22T19:55:33.381711Z  INFO Generating chunk (6000 frames, 240.0s)...
2026-02-22T19:55:33.400955Z  WARN ring underrun: needed 4096 got 0
2026-02-22T19:55:33.443714Z  WARN ring underrun: needed 4096 got 0
2026-02-22T19:55:33.486303Z  WARN ring underrun: needed 4096 got 0
2026-02-22T19:55:33.529089Z  WARN ring underrun: needed 4096 got 0
2026-02-22T19:55:33.571631Z  WARN ring underrun: needed 4096 got 0
2026-02-22T19:55:33.614281Z  WARN ring underrun: needed 4096 got 0
2026-02-22T19:55:33.656943Z  WARN ring underrun: needed 4096 got 0
2026-02-22T19:55:33.699634Z  WARN ring underrun: needed 4096 got 0
2026-02-22T19:55:33.742286Z  WARN ring underrun: needed 4096 got 0
2026-02-22T19:55:33.784961Z  WARN ring underrun: needed 4096 got 0
2026-02-22T19:55:33.827615Z  WARN ring underrun: needed 4096 got 0
2026-02-22T19:55:33.870299Z  WARN ring underrun: needed 4096 got 0
2026-02-22T19:55:33.912955Z  WARN ring underrun: needed 4096 got 0
2026-02-22T19:55:33.955624Z  WARN ring underrun: needed 4096 got 0
2026-02-22T19:55:33.998295Z  WARN ring underrun: needed 4096 got 0
2026-02-22T19:55:34.040969Z  WARN ring underrun: needed 4096 got 0
2026-02-22T19:55:34.083635Z  WARN ring underrun: needed 4096 got 0
2026-02-22T19:55:34.126304Z  WARN ring underrun: needed 4096 got 0
2026-02-22T19:55:34.168964Z  WARN ring underrun: needed 4096 got 0
2026-02-22T19:55:34.211621Z  WARN ring underrun: needed 4096 got 0
2026-02-22T19:55:34.254295Z  WARN ring underrun: needed 4096 got 0
2026-02-22T19:55:34.296949Z  WARN ring underrun: needed 4096 got 0
2026-02-22T19:55:34.339662Z  WARN ring underrun: needed 4096 got 0
2026-02-22T19:55:34.382334Z  WARN ring underrun: needed 4096 got 0
2026-02-22T19:55:34.424984Z  WARN ring underrun: needed 4096 got 0
2026-02-22T19:55:34.467629Z  WARN ring underrun: needed 4096 got 0
2026-02-22T19:55:34.510316Z  WARN ring underrun: needed 4096 got 0
2026-02-22T19:55:34.552960Z  WARN ring underrun: needed 4096 got 0
2026-02-22T19:55:34.595637Z  WARN ring underrun: needed 4096 got 0
2026-02-22T19:55:34.638327Z  WARN ring underrun: needed 4096 got 0
2026-02-22T19:55:34.680991Z  WARN ring underrun: needed 4096 got 0
2026-02-22T19:55:34.723647Z  WARN ring underrun: needed 4096 got 0
2026-02-22T19:55:34.766321Z  WARN ring underrun: needed 4096 got 0
2026-02-22T19:55:34.808972Z  WARN ring underrun: needed 4096 got 0
2026-02-22T19:55:34.851648Z  WARN ring underrun: needed 4096 got 0
2026-02-22T19:55:34.894311Z  WARN ring underrun: needed 4096 got 0
2026-02-22T19:55:34.937004Z  WARN ring underrun: needed 4096 got 0
2026-02-22T19:55:34.979650Z  WARN ring underrun: needed 4096 got 0
2026-02-22T19:55:35.022349Z  WARN ring underrun: needed 4096 got 0
2026-02-22T19:55:35.065013Z  WARN ring underrun: needed 4096 got 0
2026-02-22T19:55:35.107670Z  WARN ring underrun: needed 4096 got 0
2026-02-22T19:55:35.150341Z  WARN ring underrun: needed 4096 got 0
2026-02-22T19:55:35.192997Z  WARN ring underrun: needed 4096 got 0
2026-02-22T19:55:35.235685Z  WARN ring underrun: needed 4096 got 0
2026-02-22T19:55:35.278372Z  WARN ring underrun: needed 4096 got 0
2026-02-22T19:55:35.321035Z  WARN ring underrun: needed 4096 got 0
2026-02-22T19:55:35.363676Z  WARN ring underrun: needed 4096 got 0
2026-02-22T19:55:35.406340Z  WARN ring underrun: needed 4096 got 0
2026-02-22T19:55:35.449011Z  WARN ring underrun: needed 4096 got 0
2026-02-22T19:55:35.491683Z  WARN ring underrun: needed 4096 got 0
2026-02-22T19:55:35.534351Z  WARN ring underrun: needed 4096 got 0
2026-02-22T19:55:35.577031Z  WARN ring underrun: needed 4096 got 0
2026-02-22T19:55:35.619695Z  WARN ring underrun: needed 4096 got 0
2026-02-22T19:55:35.662363Z  WARN ring underrun: needed 4096 got 0
2026-02-22T19:55:35.705023Z  WARN ring underrun: needed 4096 got 0
2026-02-22T19:55:35.747699Z  WARN ring underrun: needed 4096 got 0
2026-02-22T19:55:35.790363Z  WARN ring underrun: needed 4096 got 0
2026-02-22T19:55:35.833044Z  WARN ring underrun: needed 4096 got 0
2026-02-22T19:55:35.875671Z  WARN ring underrun: needed 4096 got 0
2026-02-22T19:55:35.918358Z  WARN ring underrun: needed 4096 got 0
2026-02-22T19:55:35.961038Z  WARN ring underrun: needed 4096 got 0
2026-02-22T19:55:36.003690Z  WARN ring underrun: needed 4096 got 0
2026-02-22T19:55:36.046352Z  WARN ring underrun: needed 4096 got 0
2026-02-22T19:55:36.089026Z  WARN ring underrun: needed 4096 got 0
2026-02-22T19:55:36.131889Z  WARN ring underrun: needed 4096 got 0
2026-02-22T19:55:36.174422Z  WARN ring underrun: needed 4096 got 0
2026-02-22T19:55:36.217212Z  WARN ring underrun: needed 4096 got 0
2026-02-22T19:55:36.259721Z  WARN ring underrun: needed 4096 got 0
2026-02-22T19:55:36.302435Z  WARN ring underrun: needed 4096 got 0
2026-02-22T19:55:36.345098Z  WARN ring underrun: needed 4096 got 0
2026-02-22T19:55:36.387734Z  WARN ring underrun: needed 4096 got 0
2026-02-22T19:55:36.430406Z  WARN ring underrun: needed 4096 got 0
2026-02-22T19:55:36.473074Z  WARN ring underrun: needed 4096 got 0
2026-02-22T19:55:36.515740Z  WARN ring underrun: needed 4096 got 0
2026-02-22T19:55:36.558396Z  WARN ring underrun: needed 4096 got 0
2026-02-22T19:55:36.601066Z  WARN ring underrun: needed 4096 got 0
2026-02-22T19:55:36.643733Z  WARN ring underrun: needed 4096 got 0
2026-02-22T19:55:36.688072Z  WARN ring underrun: needed 4096 got 0
2026-02-22T19:55:36.729050Z  WARN ring underrun: needed 4096 got 0
2026-02-22T19:55:36.771728Z  WARN ring underrun: needed 4096 got 0
2026-02-22T19:55:36.814375Z  WARN ring underrun: needed 4096 got 0
2026-02-22T19:55:36.857049Z  WARN ring underrun: needed 4096 got 0
2026-02-22T19:55:36.899709Z  WARN ring underrun: needed 4096 got 0
2026-02-22T19:55:36.942380Z  WARN ring underrun: needed 4096 got 0
2026-02-22T19:55:36.985054Z  WARN ring underrun: needed 4096 got 0
2026-02-22T19:55:37.027751Z  WARN ring underrun: needed 4096 got 0
2026-02-22T19:55:37.070436Z  WARN ring underrun: needed 4096 got 0
2026-02-22T19:55:37.113084Z  WARN ring underrun: needed 4096 got 0
2026-02-22T19:55:37.155861Z  WARN ring underrun: needed 4096 got 0
2026-02-22T19:55:37.198411Z  WARN ring underrun: needed 4096 got 0
2026-02-22T19:55:37.241076Z  WARN ring underrun: needed 4096 got 0
2026-02-22T19:55:37.283734Z  WARN ring underrun: needed 4096 got 0
2026-02-22T19:55:37.326461Z  WARN ring underrun: needed 4096 got 0
2026-02-22T19:55:37.369079Z  WARN ring underrun: needed 4096 got 0
2026-02-22T19:55:37.411746Z  WARN ring underrun: needed 4096 got 0
2026-02-22T19:55:37.454407Z  WARN ring underrun: needed 4096 got 0
2026-02-22T19:55:37.497071Z  WARN ring underrun: needed 4096 got 0
2026-02-22T19:55:37.539732Z  WARN ring underrun: needed 4096 got 0
2026-02-22T19:55:37.582400Z  WARN ring underrun: needed 4096 got 0
2026-02-22T19:55:37.625074Z  WARN ring underrun: needed 4096 got 0
2026-02-22T19:55:37.667738Z  WARN ring underrun: needed 4096 got 0
2026-02-22T19:55:37.710407Z  WARN ring underrun: needed 4096 got 0
2026-02-22T19:55:37.753072Z  WARN ring underrun: needed 4096 got 0
2026-02-22T19:55:37.795734Z  WARN ring underrun: needed 4096 got 0
2026-02-22T19:55:37.838420Z  WARN ring underrun: needed 4096 got 0
2026-02-22T19:55:37.881073Z  WARN ring underrun: needed 4096 got 0
2026-02-22T19:55:37.923763Z  WARN ring underrun: needed 4096 got 0
2026-02-22T19:55:37.966430Z  WARN ring underrun: needed 4096 got 0
2026-02-22T19:55:38.009100Z  WARN ring underrun: needed 4096 got 0
2026-02-22T19:55:38.051758Z  WARN ring underrun: needed 4096 got 0
2026-02-22T19:55:38.094426Z  WARN ring underrun: needed 4096 got 0
2026-02-22T19:55:38.137130Z  WARN ring underrun: needed 4096 got 0
2026-02-22T19:55:38.179778Z  WARN ring underrun: needed 4096 got 0
2026-02-22T19:55:38.222458Z  WARN ring underrun: needed 4096 got 0
2026-02-22T19:55:38.265108Z  WARN ring underrun: needed 4096 got 0
2026-02-22T19:55:38.308015Z  WARN ring underrun: needed 4096 got 0
2026-02-22T19:55:38.350475Z  WARN ring underrun: needed 4096 got 0
2026-02-22T19:55:38.393140Z  WARN ring underrun: needed 4096 got 0
2026-02-22T19:55:38.435776Z  WARN ring underrun: needed 4096 got 0
2026-02-22T19:55:38.478427Z  WARN ring underrun: needed 4096 got 0
2026-02-22T19:55:38.521087Z  WARN ring underrun: needed 4096 got 0
2026-02-22T19:55:38.563788Z  WARN ring underrun: needed 4096 got 0
2026-02-22T19:55:38.606434Z  WARN ring underrun: needed 4096 got 0
2026-02-22T19:55:38.649105Z  WARN ring underrun: needed 4096 got 0
2026-02-22T19:55:38.691764Z  WARN ring underrun: needed 4096 got 0
2026-02-22T19:55:38.734428Z  WARN ring underrun: needed 4096 got 0
2026-02-22T19:55:38.777103Z  WARN ring underrun: needed 4096 got 0
2026-02-22T19:55:38.819762Z  WARN ring underrun: needed 4096 got 0
2026-02-22T19:55:38.862433Z  WARN ring underrun: needed 4096 got 0
2026-02-22T19:55:38.905111Z  WARN ring underrun: needed 4096 got 0
2026-02-22T19:55:38.947769Z  WARN ring underrun: needed 4096 got 0
2026-02-22T19:55:38.990439Z  WARN ring underrun: needed 4096 got 0
2026-02-22T19:55:39.033109Z  WARN ring underrun: needed 4096 got 0
2026-02-22T19:55:39.075773Z  WARN ring underrun: needed 4096 got 0
2026-02-22T19:55:39.118449Z  WARN ring underrun: needed 4096 got 0
2026-02-22T19:55:39.161120Z  WARN ring underrun: needed 4096 got 0
2026-02-22T19:55:39.203778Z  WARN ring underrun: needed 4096 got 0
2026-02-22T19:55:39.246455Z  WARN ring underrun: needed 4096 got 0
2026-02-22T19:55:39.289125Z  WARN ring underrun: needed 4096 got 0
2026-02-22T19:55:39.331807Z  WARN ring underrun: needed 4096 got 0
2026-02-22T19:55:39.374473Z  WARN ring underrun: needed 4096 got 0
2026-02-22T19:55:39.417150Z  WARN ring underrun: needed 4096 got 0
2026-02-22T19:55:39.459818Z  WARN ring underrun: needed 4096 got 0
2026-02-22T19:55:39.502478Z  WARN ring underrun: needed 4096 got 0
2026-02-22T19:55:39.545124Z  WARN ring underrun: needed 4096 got 0
2026-02-22T19:55:39.587789Z  WARN ring underrun: needed 4096 got 0
2026-02-22T19:55:39.630456Z  WARN ring underrun: needed 4096 got 0
2026-02-22T19:55:39.673126Z  WARN ring underrun: needed 4096 got 0
2026-02-22T19:55:39.715793Z  WARN ring underrun: needed 4096 got 0
2026-02-22T19:55:39.758462Z  WARN ring underrun: needed 4096 got 0
2026-02-22T19:55:39.801128Z  WARN ring underrun: needed 4096 got 0
2026-02-22T19:55:39.843800Z  WARN ring underrun: needed 4096 got 0
2026-02-22T19:55:39.886465Z  WARN ring underrun: needed 4096 got 0
2026-02-22T19:55:39.929135Z  WARN ring underrun: needed 4096 got 0
2026-02-22T19:55:39.971801Z  WARN ring underrun: needed 4096 got 0
2026-02-22T19:55:40.014482Z  WARN ring underrun: needed 4096 got 0
2026-02-22T19:55:40.057140Z  WARN ring underrun: needed 4096 got 0
2026-02-22T19:55:40.099835Z  WARN ring underrun: needed 4096 got 0
2026-02-22T19:55:40.142538Z  WARN ring underrun: needed 4096 got 0
2026-02-22T19:55:40.185175Z  WARN ring underrun: needed 4096 got 0
2026-02-22T19:55:40.227846Z  WARN ring underrun: needed 4096 got 0
2026-02-22T19:55:40.250248Z  INFO Diffusion (8 ODE steps): 6.86s
2026-02-22T19:55:40.270519Z  WARN ring underrun: needed 4096 got 0
2026-02-22T19:55:40.313205Z  WARN ring underrun: needed 4096 got 0
2026-02-22T19:55:40.355874Z  WARN ring underrun: needed 4096 got 0
2026-02-22T19:55:40.398545Z  WARN ring underrun: needed 4096 got 0
2026-02-22T19:55:40.441208Z  WARN ring underrun: needed 4096 got 0
2026-02-22T19:55:40.483833Z  WARN ring underrun: needed 4096 got 0
2026-02-22T19:55:40.526530Z  WARN ring underrun: needed 4096 got 0
2026-02-22T19:55:40.569215Z  WARN ring underrun: needed 4096 got 0
2026-02-22T19:55:40.611869Z  WARN ring underrun: needed 4096 got 0
2026-02-22T19:55:40.654530Z  WARN ring underrun: needed 4096 got 0
2026-02-22T19:55:40.697177Z  WARN ring underrun: needed 4096 got 0
2026-02-22T19:55:40.739877Z  WARN ring underrun: needed 4096 got 0
2026-02-22T19:55:40.782512Z  WARN ring underrun: needed 4096 got 0
2026-02-22T19:55:40.825168Z  WARN ring underrun: needed 4096 got 0
2026-02-22T19:55:40.867838Z  WARN ring underrun: needed 4096 got 0
2026-02-22T19:55:40.910511Z  WARN ring underrun: needed 4096 got 0
2026-02-22T19:55:40.953175Z  WARN ring underrun: needed 4096 got 0
2026-02-22T19:55:40.995838Z  WARN ring underrun: needed 4096 got 0
2026-02-22T19:55:41.038512Z  WARN ring underrun: needed 4096 got 0
2026-02-22T19:55:41.081173Z  WARN ring underrun: needed 4096 got 0
2026-02-22T19:55:41.123853Z  WARN ring underrun: needed 4096 got 0
2026-02-22T19:55:41.166631Z  WARN ring underrun: needed 4096 got 0
2026-02-22T19:55:41.209192Z  WARN ring underrun: needed 4096 got 0
2026-02-22T19:55:41.251845Z  WARN ring underrun: needed 4096 got 0
2026-02-22T19:55:41.294516Z  WARN ring underrun: needed 4096 got 0
2026-02-22T19:55:41.337193Z  WARN ring underrun: needed 4096 got 0
2026-02-22T19:55:41.379856Z  WARN ring underrun: needed 4096 got 0
2026-02-22T19:55:41.422519Z  WARN ring underrun: needed 4096 got 0
2026-02-22T19:55:41.465184Z  WARN ring underrun: needed 4096 got 0
2026-02-22T19:55:41.507862Z  WARN ring underrun: needed 4096 got 0
2026-02-22T19:55:41.550521Z  WARN ring underrun: needed 4096 got 0
2026-02-22T19:55:41.593188Z  WARN ring underrun: needed 4096 got 0
2026-02-22T19:55:41.635860Z  WARN ring underrun: needed 4096 got 0
2026-02-22T19:55:41.678524Z  WARN ring underrun: needed 4096 got 0
2026-02-22T19:55:41.721202Z  WARN ring underrun: needed 4096 got 0
2026-02-22T19:55:41.763877Z  WARN ring underrun: needed 4096 got 0
2026-02-22T19:55:41.806534Z  WARN ring underrun: needed 4096 got 0
2026-02-22T19:55:41.849234Z  WARN ring underrun: needed 4096 got 0
2026-02-22T19:55:41.891926Z  WARN ring underrun: needed 4096 got 0
2026-02-22T19:55:41.934539Z  WARN ring underrun: needed 4096 got 0
2026-02-22T19:55:41.977198Z  WARN ring underrun: needed 4096 got 0
2026-02-22T19:55:42.019871Z  WARN ring underrun: needed 4096 got 0
2026-02-22T19:55:42.062534Z  WARN ring underrun: needed 4096 got 0
2026-02-22T19:55:42.105201Z  WARN ring underrun: needed 4096 got 0
2026-02-22T19:55:42.147877Z  WARN ring underrun: needed 4096 got 0
2026-02-22T19:55:42.190538Z  WARN ring underrun: needed 4096 got 0
2026-02-22T19:55:42.233210Z  WARN ring underrun: needed 4096 got 0
2026-02-22T19:55:42.275888Z  WARN ring underrun: needed 4096 got 0
2026-02-22T19:55:42.318562Z  WARN ring underrun: needed 4096 got 0
2026-02-22T19:55:42.361222Z  WARN ring underrun: needed 4096 got 0
2026-02-22T19:55:42.403878Z  WARN ring underrun: needed 4096 got 0
2026-02-22T19:55:42.446545Z  WARN ring underrun: needed 4096 got 0
2026-02-22T19:55:42.489215Z  WARN ring underrun: needed 4096 got 0
2026-02-22T19:55:42.531892Z  WARN ring underrun: needed 4096 got 0
2026-02-22T19:55:42.574555Z  WARN ring underrun: needed 4096 got 0
2026-02-22T19:55:42.617220Z  WARN ring underrun: needed 4096 got 0
2026-02-22T19:55:42.659899Z  WARN ring underrun: needed 4096 got 0
2026-02-22T19:55:42.702555Z  WARN ring underrun: needed 4096 got 0
2026-02-22T19:55:42.745231Z  WARN ring underrun: needed 4096 got 0
2026-02-22T19:55:42.787891Z  WARN ring underrun: needed 4096 got 0
2026-02-22T19:55:42.830568Z  WARN ring underrun: needed 4096 got 0
2026-02-22T19:55:42.873227Z  WARN ring underrun: needed 4096 got 0
2026-02-22T19:55:42.915894Z  WARN ring underrun: needed 4096 got 0
2026-02-22T19:55:42.958562Z  WARN ring underrun: needed 4096 got 0
2026-02-22T19:55:43.001231Z  WARN ring underrun: needed 4096 got 0
2026-02-22T19:55:43.043903Z  WARN ring underrun: needed 4096 got 0
2026-02-22T19:55:43.086564Z  WARN ring underrun: needed 4096 got 0
2026-02-22T19:55:43.129241Z  WARN ring underrun: needed 4096 got 0
2026-02-22T19:55:43.171902Z  WARN ring underrun: needed 4096 got 0
2026-02-22T19:55:43.214567Z  WARN ring underrun: needed 4096 got 0
2026-02-22T19:55:43.257242Z  WARN ring underrun: needed 4096 got 0
2026-02-22T19:55:43.299919Z  WARN ring underrun: needed 4096 got 0
2026-02-22T19:55:43.342590Z  WARN ring underrun: needed 4096 got 0
2026-02-22T19:55:43.385247Z  WARN ring underrun: needed 4096 got 0
2026-02-22T19:55:43.427906Z  WARN ring underrun: needed 4096 got 0
2026-02-22T19:55:43.470575Z  WARN ring underrun: needed 4096 got 0
2026-02-22T19:55:43.513242Z  WARN ring underrun: needed 4096 got 0
2026-02-22T19:55:43.555915Z  WARN ring underrun: needed 4096 got 0
2026-02-22T19:55:43.598589Z  WARN ring underrun: needed 4096 got 0
2026-02-22T19:55:43.641253Z  WARN ring underrun: needed 4096 got 0
2026-02-22T19:55:43.683920Z  WARN ring underrun: needed 4096 got 0
2026-02-22T19:55:43.726601Z  WARN ring underrun: needed 4096 got 0
2026-02-22T19:55:43.769266Z  WARN ring underrun: needed 4096 got 0
2026-02-22T19:55:43.811935Z  WARN ring underrun: needed 4096 got 0
2026-02-22T19:55:43.854607Z  WARN ring underrun: needed 4096 got 0
2026-02-22T19:55:43.897267Z  WARN ring underrun: needed 4096 got 0
2026-02-22T19:55:43.939932Z  WARN ring underrun: needed 4096 got 0
2026-02-22T19:55:43.982605Z  WARN ring underrun: needed 4096 got 0
2026-02-22T19:55:44.025272Z  WARN ring underrun: needed 4096 got 0
2026-02-22T19:55:44.067941Z  WARN ring underrun: needed 4096 got 0
2026-02-22T19:55:44.110610Z  WARN ring underrun: needed 4096 got 0
2026-02-22T19:55:44.153278Z  WARN ring underrun: needed 4096 got 0
2026-02-22T19:55:44.195947Z  WARN ring underrun: needed 4096 got 0
2026-02-22T19:55:44.238613Z  WARN ring underrun: needed 4096 got 0
2026-02-22T19:55:44.281286Z  WARN ring underrun: needed 4096 got 0
2026-02-22T19:55:44.323959Z  WARN ring underrun: needed 4096 got 0
2026-02-22T19:55:44.366618Z  WARN ring underrun: needed 4096 got 0
2026-02-22T19:55:44.409279Z  WARN ring underrun: needed 4096 got 0
2026-02-22T19:55:44.451966Z  WARN ring underrun: needed 4096 got 0
2026-02-22T19:55:44.494623Z  WARN ring underrun: needed 4096 got 0
2026-02-22T19:55:44.537288Z  WARN ring underrun: needed 4096 got 0
2026-02-22T19:55:44.579949Z  WARN ring underrun: needed 4096 got 0
2026-02-22T19:55:44.622621Z  WARN ring underrun: needed 4096 got 0
2026-02-22T19:55:44.665286Z  WARN ring underrun: needed 4096 got 0
2026-02-22T19:55:44.707954Z  WARN ring underrun: needed 4096 got 0
2026-02-22T19:55:44.750624Z  WARN ring underrun: needed 4096 got 0
2026-02-22T19:55:44.793292Z  WARN ring underrun: needed 4096 got 0
2026-02-22T19:55:44.835960Z  WARN ring underrun: needed 4096 got 0
2026-02-22T19:55:44.878621Z  WARN ring underrun: needed 4096 got 0
2026-02-22T19:55:44.921295Z  WARN ring underrun: needed 4096 got 0
2026-02-22T19:55:44.963959Z  WARN ring underrun: needed 4096 got 0
2026-02-22T19:55:45.006638Z  WARN ring underrun: needed 4096 got 0
2026-02-22T19:55:45.049301Z  WARN ring underrun: needed 4096 got 0
2026-02-22T19:55:45.091963Z  WARN ring underrun: needed 4096 got 0
2026-02-22T19:55:45.134639Z  WARN ring underrun: needed 4096 got 0
2026-02-22T19:55:45.177289Z  WARN ring underrun: needed 4096 got 0
2026-02-22T19:55:45.219953Z  WARN ring underrun: needed 4096 got 0
2026-02-22T19:55:45.262614Z  WARN ring underrun: needed 4096 got 0
2026-02-22T19:55:45.305286Z  WARN ring underrun: needed 4096 got 0
2026-02-22T19:55:45.347961Z  WARN ring underrun: needed 4096 got 0
2026-02-22T19:55:45.390619Z  WARN ring underrun: needed 4096 got 0
2026-02-22T19:55:45.433292Z  WARN ring underrun: needed 4096 got 0
2026-02-22T19:55:45.437628Z  INFO VAE decode: 5.19s
2026-02-22T19:55:45.475956Z  WARN ring underrun: needed 4096 got 0
2026-02-22T19:55:45.518619Z  WARN ring underrun: needed 4096 got 0
2026-02-22T19:55:45.561286Z  WARN ring underrun: needed 4096 got 0
2026-02-22T19:55:45.603955Z  WARN ring underrun: needed 4096 got 0
2026-02-22T19:55:45.646625Z  WARN ring underrun: needed 4096 got 0
2026-02-22T19:55:45.689289Z  WARN ring underrun: needed 4096 got 0
2026-02-22T19:55:45.731960Z  WARN ring underrun: needed 4096 got 0
2026-02-22T19:55:45.774630Z  WARN ring underrun: needed 4096 got 0
2026-02-22T19:55:45.817294Z  WARN ring underrun: needed 4096 got 0
2026-02-22T19:55:45.860052Z  WARN ring underrun: needed 4096 got 0
2026-02-22T19:55:45.902625Z  WARN ring underrun: needed 4096 got 0
2026-02-22T19:55:45.945294Z  WARN ring underrun: needed 4096 got 0
2026-02-22T19:55:45.957937Z  INFO Total chunk: 12.63s
2026-02-22T19:55:45.981558Z  INFO next_step: caption="Driving synthwave with retro 80s analog synths, pulsing bass" lyrics_len=95 bpm=Some(128)
2026-02-22T19:55:45.981599Z  INFO event:step step=0 pos=0s audio=30.0s gen=12.65s step_s=30s window_s=240s
2026-02-22T19:55:45.981602Z  INFO === Sliding window step 1 (pos=30s window=240s step=30s is_first=false) ===
2026-02-22T19:55:45.981757Z  INFO   metas: pos=30s duration=270s mode=Advancing bpm=Some(128) key=Some("A minor")
2026-02-22T19:55:46.016277Z  INFO Generating chunk (6000 frames, 240.0s)...
2026-02-22T19:55:53.026021Z  INFO Diffusion (8 ODE steps): 7.01s
2026-02-22T19:55:58.276399Z  INFO VAE decode: 5.25s
2026-02-22T19:55:58.796564Z  INFO Total chunk: 12.81s
2026-02-22T19:56:15.983279Z  INFO next_step: caption="Driving synthwave with retro 80s analog synths, pulsing bass" lyrics_len=95 bpm=Some(128)
2026-02-22T19:56:15.983309Z  INFO event:step step=1 pos=30s audio=30.0s gen=12.83s step_s=30s window_s=240s
2026-02-22T19:56:15.983316Z  INFO === Sliding window step 2 (pos=60s window=240s step=30s is_first=false) ===
2026-02-22T19:56:15.992460Z  INFO   metas: pos=60s duration=300s mode=Advancing bpm=Some(128) key=Some("A minor")
2026-02-22T19:56:16.028364Z  INFO Generating chunk (6000 frames, 240.0s)...
2026-02-22T19:56:23.074156Z  INFO Diffusion (8 ODE steps): 7.04s
2026-02-22T19:56:28.328062Z  INFO VAE decode: 5.25s
2026-02-22T19:56:28.840874Z  INFO Total chunk: 12.85s
2026-02-22T19:56:45.978188Z  INFO next_step: caption="Driving synthwave with retro 80s analog synths, pulsing bass" lyrics_len=95 bpm=Some(128)
2026-02-22T19:56:45.978211Z  INFO event:step step=2 pos=60s audio=30.0s gen=12.87s step_s=30s window_s=240s
2026-02-22T19:56:45.978222Z  INFO === Sliding window step 3 (pos=90s window=240s step=30s is_first=false) ===
2026-02-22T19:56:46.025067Z  INFO   metas: pos=90s duration=330s mode=Advancing bpm=Some(128) key=Some("A minor")
2026-02-22T19:56:46.061645Z  INFO Generating chunk (6000 frames, 240.0s)...
2026-02-22T19:56:52.483120Z  INFO socket cmd: "caption heavy metal with screaming guitars and double bass drums"
2026-02-22T19:56:53.103280Z  INFO Diffusion (8 ODE steps): 7.04s
2026-02-22T19:56:58.316220Z  INFO VAE decode: 5.21s
2026-02-22T19:56:58.821007Z  INFO Total chunk: 12.80s
2026-02-22T19:57:15.972606Z  INFO next_step: caption="Driving synthwave with retro 80s analog synths, pulsing bass" lyrics_len=95 bpm=Some(128)
2026-02-22T19:57:15.972635Z  INFO event:step step=3 pos=90s audio=30.0s gen=12.86s step_s=30s window_s=240s
2026-02-22T19:57:15.972652Z  INFO === Sliding window step 4 (pos=120s window=240s step=30s is_first=false) ===
2026-02-22T19:57:15.984157Z  INFO   metas: pos=120s duration=360s mode=Advancing bpm=Some(128) key=Some("A minor")
2026-02-22T19:57:16.016414Z  INFO Generating chunk (6000 frames, 240.0s)...
2026-02-22T19:57:22.960586Z  INFO Diffusion (8 ODE steps): 6.94s
2026-02-22T19:57:28.161379Z  INFO VAE decode: 5.20s
2026-02-22T19:57:28.683949Z  INFO Total chunk: 12.70s
2026-02-22T19:57:45.968058Z  INFO next_step: caption="heavy metal with screaming guitars and double bass drums" lyrics_len=95 bpm=Some(128)
2026-02-22T19:57:45.968081Z  INFO event:step step=4 pos=120s audio=30.0s gen=12.73s step_s=30s window_s=240s
2026-02-22T19:57:45.968095Z  INFO === Sliding window step 5 (pos=150s window=240s step=30s is_first=false) ===
2026-02-22T19:57:46.008016Z  INFO   metas: pos=150s duration=390s mode=Advancing bpm=Some(128) key=Some("A minor")
2026-02-22T19:57:46.040329Z  INFO Generating chunk (6000 frames, 240.0s)...
2026-02-22T19:57:52.980305Z  INFO Diffusion (8 ODE steps): 6.94s
2026-02-22T19:57:58.199938Z  INFO VAE decode: 5.22s
2026-02-22T19:57:58.713993Z  INFO Total chunk: 12.71s
2026-02-22T19:58:15.962551Z  INFO next_step: caption="heavy metal with screaming guitars and double bass drums" lyrics_len=95 bpm=Some(128)
2026-02-22T19:58:15.962582Z  INFO event:step step=5 pos=150s audio=30.0s gen=12.76s step_s=30s window_s=240s
2026-02-22T19:58:15.962591Z  INFO === Sliding window step 6 (pos=180s window=240s step=30s is_first=false) ===
2026-02-22T19:58:15.972277Z  INFO   metas: pos=180s duration=420s mode=Advancing bpm=Some(128) key=Some("A minor")
2026-02-22T19:58:16.004014Z  INFO Generating chunk (6000 frames, 240.0s)...
2026-02-22T19:58:23.022165Z  INFO Diffusion (8 ODE steps): 7.02s
2026-02-22T19:58:28.264654Z  INFO VAE decode: 5.24s
2026-02-22T19:58:28.775964Z  INFO Total chunk: 12.80s
2026-02-22T19:58:45.958059Z  INFO next_step: caption="heavy metal with screaming guitars and double bass drums" lyrics_len=95 bpm=Some(128)
2026-02-22T19:58:45.958080Z  INFO event:step step=6 pos=180s audio=30.0s gen=12.83s step_s=30s window_s=240s
2026-02-22T19:58:45.958095Z  INFO === Sliding window step 7 (pos=210s window=240s step=30s is_first=false) ===
2026-02-22T19:58:45.966795Z  INFO   metas: pos=210s duration=450s mode=Advancing bpm=Some(128) key=Some("A minor")
2026-02-22T19:58:46.000076Z  INFO Generating chunk (6000 frames, 240.0s)...
2026-02-22T19:58:52.736938Z  INFO Diffusion (8 ODE steps): 6.73s
2026-02-22T19:58:57.784782Z  INFO VAE decode: 5.05s
2026-02-22T19:58:58.282809Z  INFO Total chunk: 12.32s
2026-02-22T19:59:15.952397Z  INFO next_step: caption="heavy metal with screaming guitars and double bass drums" lyrics_len=95 bpm=Some(128)
2026-02-22T19:59:15.952418Z  INFO event:step step=7 pos=210s audio=30.0s gen=12.34s step_s=30s window_s=240s
2026-02-22T19:59:15.952435Z  INFO === Sliding window step 8 (pos=240s window=240s step=30s is_first=false) ===
2026-02-22T19:59:15.966070Z  INFO   metas: pos=240s duration=480s mode=Advancing bpm=Some(128) key=Some("A minor")
2026-02-22T19:59:16.001136Z  INFO Generating chunk (6000 frames, 240.0s)...
2026-02-22T19:59:23.055327Z  INFO Diffusion (8 ODE steps): 7.05s
2026-02-22T19:59:28.331617Z  INFO VAE decode: 5.28s
2026-02-22T19:59:28.854502Z  INFO Total chunk: 12.89s
2026-02-22T19:59:45.947885Z  INFO next_step: caption="heavy metal with screaming guitars and double bass drums" lyrics_len=95 bpm=Some(128)
2026-02-22T19:59:45.947913Z  INFO event:step step=8 pos=240s audio=30.0s gen=12.92s step_s=30s window_s=240s
2026-02-22T19:59:45.947924Z  INFO === Sliding window step 9 (pos=270s window=240s step=30s is_first=false) ===
2026-02-22T19:59:45.960644Z  INFO   metas: pos=270s duration=510s mode=Advancing bpm=Some(128) key=Some("A minor")
2026-02-22T19:59:45.994893Z  INFO Generating chunk (6000 frames, 240.0s)...
2026-02-22T19:59:53.075409Z  INFO Diffusion (8 ODE steps): 7.08s
2026-02-22T19:59:58.340685Z  INFO VAE decode: 5.27s
2026-02-22T19:59:58.866133Z  INFO Total chunk: 12.91s
2026-02-22T20:00:15.984912Z  INFO next_step: caption="heavy metal with screaming guitars and double bass drums" lyrics_len=95 bpm=Some(128)
2026-02-22T20:00:15.984937Z  INFO event:step step=9 pos=270s audio=30.0s gen=12.93s step_s=30s window_s=240s
2026-02-22T20:00:15.984949Z  INFO === Sliding window step 10 (pos=300s window=240s step=30s is_first=false) ===
2026-02-22T20:00:16.010366Z  INFO   metas: pos=300s duration=540s mode=Advancing bpm=Some(128) key=Some("A minor")
2026-02-22T20:00:16.044628Z  INFO Generating chunk (6000 frames, 240.0s)...
2026-02-22T20:00:23.053965Z  INFO Diffusion (8 ODE steps): 7.01s
2026-02-22T20:00:28.308246Z  INFO VAE decode: 5.25s
2026-02-22T20:00:28.835633Z  INFO Total chunk: 12.83s
2026-02-22T20:00:45.980017Z  INFO next_step: caption="heavy metal with screaming guitars and double bass drums" lyrics_len=95 bpm=Some(128)
2026-02-22T20:00:45.980046Z  INFO event:step step=10 pos=300s audio=30.0s gen=12.87s step_s=30s window_s=240s
2026-02-22T20:00:45.980045Z  INFO === Sliding window step 11 (pos=330s window=240s step=30s is_first=false) ===
2026-02-22T20:00:45.986894Z  INFO   metas: pos=330s duration=570s mode=Advancing bpm=Some(128) key=Some("A minor")
2026-02-22T20:00:46.021859Z  INFO Generating chunk (6000 frames, 240.0s)...
2026-02-22T20:00:53.138594Z  INFO Diffusion (8 ODE steps): 7.11s
2026-02-22T20:00:58.390519Z  INFO VAE decode: 5.25s
2026-02-22T20:00:58.915440Z  INFO Total chunk: 12.93s
2026-02-22T20:01:15.975227Z  INFO next_step: caption="heavy metal with screaming guitars and double bass drums" lyrics_len=95 bpm=Some(128)
2026-02-22T20:01:15.975307Z  INFO SlidingWindowGenerator: position wrap 360s → 30s (max=600s)
2026-02-22T20:01:15.975329Z  INFO === Sliding window step 12 (pos=30s window=240s step=30s is_first=false) ===
2026-02-22T20:01:15.982681Z  INFO event:step step=11 pos=330s audio=30.0s gen=12.95s step_s=30s window_s=240s
2026-02-22T20:01:15.998515Z  INFO   metas: pos=30s duration=270s mode=Advancing bpm=Some(128) key=Some("A minor")
2026-02-22T20:01:16.081902Z  INFO Generating chunk (6000 frames, 240.0s)...
2026-02-22T20:01:24.224689Z  INFO Diffusion (8 ODE steps): 8.14s
2026-02-22T20:01:29.483160Z  INFO VAE decode: 5.26s
2026-02-22T20:01:30.023853Z  INFO Total chunk: 14.02s
2026-02-22T20:01:44.218265Z  INFO socket cmd: "restart"
2026-02-22T20:01:44.218297Z  INFO Restarting: "/proc/self/exe" ["--socket", "/tmp/ace-step.sock"]
2026-02-22T20:02:03.857514Z  INFO Listening on /tmp/ace-step.sock
2026-02-22T20:02:03.861407Z  INFO cpal supported: ch=1 rate=1-384000 fmt=U8
2026-02-22T20:02:03.861426Z  INFO cpal supported: ch=2 rate=1-384000 fmt=U8
2026-02-22T20:02:03.861431Z  INFO cpal supported: ch=3 rate=1-384000 fmt=U8
2026-02-22T20:02:03.861437Z  INFO cpal supported: ch=4 rate=1-384000 fmt=U8
2026-02-22T20:02:03.861442Z  INFO cpal supported: ch=5 rate=1-384000 fmt=U8
2026-02-22T20:02:03.861448Z  INFO cpal supported: ch=6 rate=1-384000 fmt=U8
2026-02-22T20:02:03.861451Z  INFO cpal supported: ch=7 rate=1-384000 fmt=U8
2026-02-22T20:02:03.861455Z  INFO cpal supported: ch=8 rate=1-384000 fmt=U8
2026-02-22T20:02:03.861458Z  INFO cpal supported: ch=9 rate=1-384000 fmt=U8
2026-02-22T20:02:03.861462Z  INFO cpal supported: ch=10 rate=1-384000 fmt=U8
2026-02-22T20:02:03.861466Z  INFO cpal supported: ch=11 rate=1-384000 fmt=U8
2026-02-22T20:02:03.861470Z  INFO cpal supported: ch=12 rate=1-384000 fmt=U8
2026-02-22T20:02:03.861473Z  INFO cpal supported: ch=13 rate=1-384000 fmt=U8
2026-02-22T20:02:03.861477Z  INFO cpal supported: ch=14 rate=1-384000 fmt=U8
2026-02-22T20:02:03.861481Z  INFO cpal supported: ch=15 rate=1-384000 fmt=U8
2026-02-22T20:02:03.861484Z  INFO cpal supported: ch=16 rate=1-384000 fmt=U8
2026-02-22T20:02:03.861490Z  INFO cpal supported: ch=17 rate=1-384000 fmt=U8
2026-02-22T20:02:03.861493Z  INFO cpal supported: ch=18 rate=1-384000 fmt=U8
2026-02-22T20:02:03.861497Z  INFO cpal supported: ch=19 rate=1-384000 fmt=U8
2026-02-22T20:02:03.861502Z  INFO cpal supported: ch=20 rate=1-384000 fmt=U8
2026-02-22T20:02:03.861505Z  INFO cpal supported: ch=21 rate=1-384000 fmt=U8
2026-02-22T20:02:03.861509Z  INFO cpal supported: ch=22 rate=1-384000 fmt=U8
2026-02-22T20:02:03.861514Z  INFO cpal supported: ch=23 rate=1-384000 fmt=U8
2026-02-22T20:02:03.861519Z  INFO cpal supported: ch=24 rate=1-384000 fmt=U8
2026-02-22T20:02:03.861522Z  INFO cpal supported: ch=25 rate=1-384000 fmt=U8
2026-02-22T20:02:03.861526Z  INFO cpal supported: ch=26 rate=1-384000 fmt=U8
2026-02-22T20:02:03.861530Z  INFO cpal supported: ch=27 rate=1-384000 fmt=U8
2026-02-22T20:02:03.861535Z  INFO cpal supported: ch=28 rate=1-384000 fmt=U8
2026-02-22T20:02:03.861538Z  INFO cpal supported: ch=29 rate=1-384000 fmt=U8
2026-02-22T20:02:03.861542Z  INFO cpal supported: ch=30 rate=1-384000 fmt=U8
2026-02-22T20:02:03.861547Z  INFO cpal supported: ch=31 rate=1-384000 fmt=U8
2026-02-22T20:02:03.861550Z  INFO cpal supported: ch=32 rate=1-384000 fmt=U8
2026-02-22T20:02:03.861554Z  INFO cpal supported: ch=1 rate=1-384000 fmt=I16
2026-02-22T20:02:03.861559Z  INFO cpal supported: ch=2 rate=1-384000 fmt=I16
2026-02-22T20:02:03.861563Z  INFO cpal supported: ch=3 rate=1-384000 fmt=I16
2026-02-22T20:02:03.861567Z  INFO cpal supported: ch=4 rate=1-384000 fmt=I16
2026-02-22T20:02:03.861595Z  INFO cpal supported: ch=5 rate=1-384000 fmt=I16
2026-02-22T20:02:03.861599Z  INFO cpal supported: ch=6 rate=1-384000 fmt=I16
2026-02-22T20:02:03.861603Z  INFO cpal supported: ch=7 rate=1-384000 fmt=I16
2026-02-22T20:02:03.861606Z  INFO cpal supported: ch=8 rate=1-384000 fmt=I16
2026-02-22T20:02:03.861609Z  INFO cpal supported: ch=9 rate=1-384000 fmt=I16
2026-02-22T20:02:03.861611Z  INFO cpal supported: ch=10 rate=1-384000 fmt=I16
2026-02-22T20:02:03.861614Z  INFO cpal supported: ch=11 rate=1-384000 fmt=I16
2026-02-22T20:02:03.861617Z  INFO cpal supported: ch=12 rate=1-384000 fmt=I16
2026-02-22T20:02:03.861619Z  INFO cpal supported: ch=13 rate=1-384000 fmt=I16
2026-02-22T20:02:03.861622Z  INFO cpal supported: ch=14 rate=1-384000 fmt=I16
2026-02-22T20:02:03.861625Z  INFO cpal supported: ch=15 rate=1-384000 fmt=I16
2026-02-22T20:02:03.861627Z  INFO cpal supported: ch=16 rate=1-384000 fmt=I16
2026-02-22T20:02:03.861630Z  INFO cpal supported: ch=17 rate=1-384000 fmt=I16
2026-02-22T20:02:03.861632Z  INFO cpal supported: ch=18 rate=1-384000 fmt=I16
2026-02-22T20:02:03.861635Z  INFO cpal supported: ch=19 rate=1-384000 fmt=I16
2026-02-22T20:02:03.861638Z  INFO cpal supported: ch=20 rate=1-384000 fmt=I16
2026-02-22T20:02:03.861640Z  INFO cpal supported: ch=21 rate=1-384000 fmt=I16
2026-02-22T20:02:03.861643Z  INFO cpal supported: ch=22 rate=1-384000 fmt=I16
2026-02-22T20:02:03.861647Z  INFO cpal supported: ch=23 rate=1-384000 fmt=I16
2026-02-22T20:02:03.861650Z  INFO cpal supported: ch=24 rate=1-384000 fmt=I16
2026-02-22T20:02:03.861652Z  INFO cpal supported: ch=25 rate=1-384000 fmt=I16
2026-02-22T20:02:03.861655Z  INFO cpal supported: ch=26 rate=1-384000 fmt=I16
2026-02-22T20:02:03.861658Z  INFO cpal supported: ch=27 rate=1-384000 fmt=I16
2026-02-22T20:02:03.861660Z  INFO cpal supported: ch=28 rate=1-384000 fmt=I16
2026-02-22T20:02:03.861663Z  INFO cpal supported: ch=29 rate=1-384000 fmt=I16
2026-02-22T20:02:03.861665Z  INFO cpal supported: ch=30 rate=1-384000 fmt=I16
2026-02-22T20:02:03.861668Z  INFO cpal supported: ch=31 rate=1-384000 fmt=I16
2026-02-22T20:02:03.861671Z  INFO cpal supported: ch=32 rate=1-384000 fmt=I16
2026-02-22T20:02:03.861673Z  INFO cpal supported: ch=1 rate=1-384000 fmt=I32
2026-02-22T20:02:03.861676Z  INFO cpal supported: ch=2 rate=1-384000 fmt=I32
2026-02-22T20:02:03.861678Z  INFO cpal supported: ch=3 rate=1-384000 fmt=I32
2026-02-22T20:02:03.861681Z  INFO cpal supported: ch=4 rate=1-384000 fmt=I32
2026-02-22T20:02:03.861684Z  INFO cpal supported: ch=5 rate=1-384000 fmt=I32
2026-02-22T20:02:03.861686Z  INFO cpal supported: ch=6 rate=1-384000 fmt=I32
2026-02-22T20:02:03.861689Z  INFO cpal supported: ch=7 rate=1-384000 fmt=I32
2026-02-22T20:02:03.861691Z  INFO cpal supported: ch=8 rate=1-384000 fmt=I32
2026-02-22T20:02:03.861694Z  INFO cpal supported: ch=9 rate=1-384000 fmt=I32
2026-02-22T20:02:03.861696Z  INFO cpal supported: ch=10 rate=1-384000 fmt=I32
2026-02-22T20:02:03.861699Z  INFO cpal supported: ch=11 rate=1-384000 fmt=I32
2026-02-22T20:02:03.861702Z  INFO cpal supported: ch=12 rate=1-384000 fmt=I32
2026-02-22T20:02:03.861704Z  INFO cpal supported: ch=13 rate=1-384000 fmt=I32
2026-02-22T20:02:03.861708Z  INFO cpal supported: ch=14 rate=1-384000 fmt=I32
2026-02-22T20:02:03.861711Z  INFO cpal supported: ch=15 rate=1-384000 fmt=I32
2026-02-22T20:02:03.861714Z  INFO cpal supported: ch=16 rate=1-384000 fmt=I32
2026-02-22T20:02:03.861716Z  INFO cpal supported: ch=17 rate=1-384000 fmt=I32
2026-02-22T20:02:03.861719Z  INFO cpal supported: ch=18 rate=1-384000 fmt=I32
2026-02-22T20:02:03.861722Z  INFO cpal supported: ch=19 rate=1-384000 fmt=I32
2026-02-22T20:02:03.861724Z  INFO cpal supported: ch=20 rate=1-384000 fmt=I32
2026-02-22T20:02:03.861727Z  INFO cpal supported: ch=21 rate=1-384000 fmt=I32
2026-02-22T20:02:03.861729Z  INFO cpal supported: ch=22 rate=1-384000 fmt=I32
2026-02-22T20:02:03.861732Z  INFO cpal supported: ch=23 rate=1-384000 fmt=I32
2026-02-22T20:02:03.861734Z  INFO cpal supported: ch=24 rate=1-384000 fmt=I32
2026-02-22T20:02:03.861737Z  INFO cpal supported: ch=25 rate=1-384000 fmt=I32
2026-02-22T20:02:03.861744Z  INFO cpal supported: ch=26 rate=1-384000 fmt=I32
2026-02-22T20:02:03.861748Z  INFO cpal supported: ch=27 rate=1-384000 fmt=I32
2026-02-22T20:02:03.861751Z  INFO cpal supported: ch=28 rate=1-384000 fmt=I32
2026-02-22T20:02:03.861753Z  INFO cpal supported: ch=29 rate=1-384000 fmt=I32
2026-02-22T20:02:03.861756Z  INFO cpal supported: ch=30 rate=1-384000 fmt=I32
2026-02-22T20:02:03.861758Z  INFO cpal supported: ch=31 rate=1-384000 fmt=I32
2026-02-22T20:02:03.861761Z  INFO cpal supported: ch=32 rate=1-384000 fmt=I32
2026-02-22T20:02:03.861764Z  INFO cpal supported: ch=1 rate=1-384000 fmt=F32
2026-02-22T20:02:03.861766Z  INFO cpal supported: ch=2 rate=1-384000 fmt=F32
2026-02-22T20:02:03.861769Z  INFO cpal supported: ch=3 rate=1-384000 fmt=F32
2026-02-22T20:02:03.861771Z  INFO cpal supported: ch=4 rate=1-384000 fmt=F32
2026-02-22T20:02:03.861774Z  INFO cpal supported: ch=5 rate=1-384000 fmt=F32
2026-02-22T20:02:03.861777Z  INFO cpal supported: ch=6 rate=1-384000 fmt=F32
2026-02-22T20:02:03.861779Z  INFO cpal supported: ch=7 rate=1-384000 fmt=F32
2026-02-22T20:02:03.861782Z  INFO cpal supported: ch=8 rate=1-384000 fmt=F32
2026-02-22T20:02:03.861784Z  INFO cpal supported: ch=9 rate=1-384000 fmt=F32
2026-02-22T20:02:03.861787Z  INFO cpal supported: ch=10 rate=1-384000 fmt=F32
2026-02-22T20:02:03.861790Z  INFO cpal supported: ch=11 rate=1-384000 fmt=F32
2026-02-22T20:02:03.861792Z  INFO cpal supported: ch=12 rate=1-384000 fmt=F32
2026-02-22T20:02:03.861795Z  INFO cpal supported: ch=13 rate=1-384000 fmt=F32
2026-02-22T20:02:03.861797Z  INFO cpal supported: ch=14 rate=1-384000 fmt=F32
2026-02-22T20:02:03.861800Z  INFO cpal supported: ch=15 rate=1-384000 fmt=F32
2026-02-22T20:02:03.861803Z  INFO cpal supported: ch=16 rate=1-384000 fmt=F32
2026-02-22T20:02:03.861805Z  INFO cpal supported: ch=17 rate=1-384000 fmt=F32
2026-02-22T20:02:03.861808Z  INFO cpal supported: ch=18 rate=1-384000 fmt=F32
2026-02-22T20:02:03.861811Z  INFO cpal supported: ch=19 rate=1-384000 fmt=F32
2026-02-22T20:02:03.861813Z  INFO cpal supported: ch=20 rate=1-384000 fmt=F32
2026-02-22T20:02:03.861816Z  INFO cpal supported: ch=21 rate=1-384000 fmt=F32
2026-02-22T20:02:03.861818Z  INFO cpal supported: ch=22 rate=1-384000 fmt=F32
2026-02-22T20:02:03.861821Z  INFO cpal supported: ch=23 rate=1-384000 fmt=F32
2026-02-22T20:02:03.861824Z  INFO cpal supported: ch=24 rate=1-384000 fmt=F32
2026-02-22T20:02:03.861826Z  INFO cpal supported: ch=25 rate=1-384000 fmt=F32
2026-02-22T20:02:03.861829Z  INFO cpal supported: ch=26 rate=1-384000 fmt=F32
2026-02-22T20:02:03.861831Z  INFO cpal supported: ch=27 rate=1-384000 fmt=F32
2026-02-22T20:02:03.861834Z  INFO cpal supported: ch=28 rate=1-384000 fmt=F32
2026-02-22T20:02:03.861837Z  INFO cpal supported: ch=29 rate=1-384000 fmt=F32
2026-02-22T20:02:03.861839Z  INFO cpal supported: ch=30 rate=1-384000 fmt=F32
2026-02-22T20:02:03.861842Z  INFO cpal supported: ch=31 rate=1-384000 fmt=F32
2026-02-22T20:02:03.861844Z  INFO cpal supported: ch=32 rate=1-384000 fmt=F32
2026-02-22T20:02:03.861848Z  INFO cpal opening: device="default" ch=2 rate=48000
2026-02-22T20:02:04.078537Z  INFO Downloading ACE-Step v1.5 models from HuggingFace...
2026-02-22T20:02:04.078688Z  INFO All models downloaded successfully
2026-02-22T20:02:04.079014Z  INFO Loading tokenizer...
2026-02-22T20:02:04.431165Z  INFO Loading Qwen3 text encoder...
2026-02-22T20:02:04.824628Z  INFO Loading DiT generation model...
2026-02-22T20:02:05.961841Z  INFO Loading VAE decoder...
2026-02-22T20:02:06.009518Z  INFO Loading silence latent...
2026-02-22T20:02:06.017878Z  INFO Loaded silence_latent: shape [1, 15000, 64], dtype F32
2026-02-22T20:02:06.017962Z  INFO Pipeline loaded successfully
2026-02-22T20:02:06.024841Z  INFO next_step: caption="melodic electronic, lush pads, warm bassline, hypnotic groov" lyrics_len=95 bpm=Some(120)
2026-02-22T20:02:06.024859Z  INFO Pipeline ready
2026-02-22T20:02:06.024861Z  INFO === Sliding window step 0 (pos=0s window=240s step=30s is_first=true) ===
2026-02-22T20:02:06.025337Z  INFO   metas: pos=0s duration=240s mode=Advancing bpm=Some(120) key=Some("F major")
2026-02-22T20:02:06.073295Z  INFO Generating chunk (6000 frames, 240.0s)...
2026-02-22T20:02:13.266301Z  INFO Diffusion (8 ODE steps): 7.19s
2026-02-22T20:02:18.545904Z  INFO VAE decode: 5.28s
2026-02-22T20:02:19.076931Z  INFO Total chunk: 13.05s
2026-02-22T20:02:19.105742Z  INFO next_step: caption="melodic electronic, lush pads, warm bassline, hypnotic groov" lyrics_len=95 bpm=Some(120)
2026-02-22T20:02:19.105773Z  INFO event:step step=0 pos=0s audio=30.0s gen=13.08s step_s=30s window_s=240s
2026-02-22T20:02:19.105783Z  INFO === Sliding window step 1 (pos=30s window=240s step=30s is_first=false) ===
2026-02-22T20:02:19.105962Z  INFO   metas: pos=30s duration=270s mode=Advancing bpm=Some(120) key=Some("F major")
2026-02-22T20:02:19.139964Z  INFO Generating chunk (6000 frames, 240.0s)...
2026-02-22T20:02:26.439672Z  INFO Diffusion (8 ODE steps): 7.30s
2026-02-22T20:02:31.827473Z  INFO VAE decode: 5.39s
2026-02-22T20:02:32.366559Z  INFO Total chunk: 13.26s
2026-02-22T20:05:09.861195Z  INFO socket cmd: "restart"
2026-02-22T20:05:09.861231Z  INFO Restarting: "/proc/self/exe" ["--socket", "/tmp/ace-step.sock"]
2026-02-22T20:05:10.429583Z  INFO Listening on /tmp/ace-step.sock
2026-02-22T20:05:10.433844Z  INFO cpal supported: ch=1 rate=1-384000 fmt=U8
2026-02-22T20:05:10.433859Z  INFO cpal supported: ch=2 rate=1-384000 fmt=U8
2026-02-22T20:05:10.433863Z  INFO cpal supported: ch=3 rate=1-384000 fmt=U8
2026-02-22T20:05:10.433867Z  INFO cpal supported: ch=4 rate=1-384000 fmt=U8
2026-02-22T20:05:10.433871Z  INFO cpal supported: ch=5 rate=1-384000 fmt=U8
2026-02-22T20:05:10.433876Z  INFO cpal supported: ch=6 rate=1-384000 fmt=U8
2026-02-22T20:05:10.433879Z  INFO cpal supported: ch=7 rate=1-384000 fmt=U8
2026-02-22T20:05:10.433883Z  INFO cpal supported: ch=8 rate=1-384000 fmt=U8
2026-02-22T20:05:10.433887Z  INFO cpal supported: ch=9 rate=1-384000 fmt=U8
2026-02-22T20:05:10.433890Z  INFO cpal supported: ch=10 rate=1-384000 fmt=U8
2026-02-22T20:05:10.433893Z  INFO cpal supported: ch=11 rate=1-384000 fmt=U8
2026-02-22T20:05:10.433899Z  INFO cpal supported: ch=12 rate=1-384000 fmt=U8
2026-02-22T20:05:10.433904Z  INFO cpal supported: ch=13 rate=1-384000 fmt=U8
2026-02-22T20:05:10.433908Z  INFO cpal supported: ch=14 rate=1-384000 fmt=U8
2026-02-22T20:05:10.433911Z  INFO cpal supported: ch=15 rate=1-384000 fmt=U8
2026-02-22T20:05:10.433915Z  INFO cpal supported: ch=16 rate=1-384000 fmt=U8
2026-02-22T20:05:10.433919Z  INFO cpal supported: ch=17 rate=1-384000 fmt=U8
2026-02-22T20:05:10.433922Z  INFO cpal supported: ch=18 rate=1-384000 fmt=U8
2026-02-22T20:05:10.433925Z  INFO cpal supported: ch=19 rate=1-384000 fmt=U8
2026-02-22T20:05:10.433930Z  INFO cpal supported: ch=20 rate=1-384000 fmt=U8
2026-02-22T20:05:10.433933Z  INFO cpal supported: ch=21 rate=1-384000 fmt=U8
2026-02-22T20:05:10.433937Z  INFO cpal supported: ch=22 rate=1-384000 fmt=U8
2026-02-22T20:05:10.433941Z  INFO cpal supported: ch=23 rate=1-384000 fmt=U8
2026-02-22T20:05:10.433945Z  INFO cpal supported: ch=24 rate=1-384000 fmt=U8
2026-02-22T20:05:10.433948Z  INFO cpal supported: ch=25 rate=1-384000 fmt=U8
2026-02-22T20:05:10.433951Z  INFO cpal supported: ch=26 rate=1-384000 fmt=U8
2026-02-22T20:05:10.433954Z  INFO cpal supported: ch=27 rate=1-384000 fmt=U8
2026-02-22T20:05:10.433957Z  INFO cpal supported: ch=28 rate=1-384000 fmt=U8
2026-02-22T20:05:10.433960Z  INFO cpal supported: ch=29 rate=1-384000 fmt=U8
2026-02-22T20:05:10.433963Z  INFO cpal supported: ch=30 rate=1-384000 fmt=U8
2026-02-22T20:05:10.433967Z  INFO cpal supported: ch=31 rate=1-384000 fmt=U8
2026-02-22T20:05:10.433970Z  INFO cpal supported: ch=32 rate=1-384000 fmt=U8
2026-02-22T20:05:10.433973Z  INFO cpal supported: ch=1 rate=1-384000 fmt=I16
2026-02-22T20:05:10.433976Z  INFO cpal supported: ch=2 rate=1-384000 fmt=I16
2026-02-22T20:05:10.433980Z  INFO cpal supported: ch=3 rate=1-384000 fmt=I16
2026-02-22T20:05:10.433985Z  INFO cpal supported: ch=4 rate=1-384000 fmt=I16
2026-02-22T20:05:10.433988Z  INFO cpal supported: ch=5 rate=1-384000 fmt=I16
2026-02-22T20:05:10.434005Z  INFO cpal supported: ch=6 rate=1-384000 fmt=I16
2026-02-22T20:05:10.434009Z  INFO cpal supported: ch=7 rate=1-384000 fmt=I16
2026-02-22T20:05:10.434011Z  INFO cpal supported: ch=8 rate=1-384000 fmt=I16
2026-02-22T20:05:10.434015Z  INFO cpal supported: ch=9 rate=1-384000 fmt=I16
2026-02-22T20:05:10.434017Z  INFO cpal supported: ch=10 rate=1-384000 fmt=I16
2026-02-22T20:05:10.434019Z  INFO cpal supported: ch=11 rate=1-384000 fmt=I16
2026-02-22T20:05:10.434022Z  INFO cpal supported: ch=12 rate=1-384000 fmt=I16
2026-02-22T20:05:10.434024Z  INFO cpal supported: ch=13 rate=1-384000 fmt=I16
2026-02-22T20:05:10.434026Z  INFO cpal supported: ch=14 rate=1-384000 fmt=I16
2026-02-22T20:05:10.434029Z  INFO cpal supported: ch=15 rate=1-384000 fmt=I16
2026-02-22T20:05:10.434031Z  INFO cpal supported: ch=16 rate=1-384000 fmt=I16
2026-02-22T20:05:10.434033Z  INFO cpal supported: ch=17 rate=1-384000 fmt=I16
2026-02-22T20:05:10.434035Z  INFO cpal supported: ch=18 rate=1-384000 fmt=I16
2026-02-22T20:05:10.434038Z  INFO cpal supported: ch=19 rate=1-384000 fmt=I16
2026-02-22T20:05:10.434040Z  INFO cpal supported: ch=20 rate=1-384000 fmt=I16
2026-02-22T20:05:10.434042Z  INFO cpal supported: ch=21 rate=1-384000 fmt=I16
2026-02-22T20:05:10.434045Z  INFO cpal supported: ch=22 rate=1-384000 fmt=I16
2026-02-22T20:05:10.434047Z  INFO cpal supported: ch=23 rate=1-384000 fmt=I16
2026-02-22T20:05:10.434049Z  INFO cpal supported: ch=24 rate=1-384000 fmt=I16
2026-02-22T20:05:10.434052Z  INFO cpal supported: ch=25 rate=1-384000 fmt=I16
2026-02-22T20:05:10.434054Z  INFO cpal supported: ch=26 rate=1-384000 fmt=I16
2026-02-22T20:05:10.434056Z  INFO cpal supported: ch=27 rate=1-384000 fmt=I16
2026-02-22T20:05:10.434059Z  INFO cpal supported: ch=28 rate=1-384000 fmt=I16
2026-02-22T20:05:10.434061Z  INFO cpal supported: ch=29 rate=1-384000 fmt=I16
2026-02-22T20:05:10.434063Z  INFO cpal supported: ch=30 rate=1-384000 fmt=I16
2026-02-22T20:05:10.434065Z  INFO cpal supported: ch=31 rate=1-384000 fmt=I16
2026-02-22T20:05:10.434068Z  INFO cpal supported: ch=32 rate=1-384000 fmt=I16
2026-02-22T20:05:10.434070Z  INFO cpal supported: ch=1 rate=1-384000 fmt=I32
2026-02-22T20:05:10.434072Z  INFO cpal supported: ch=2 rate=1-384000 fmt=I32
2026-02-22T20:05:10.434074Z  INFO cpal supported: ch=3 rate=1-384000 fmt=I32
2026-02-22T20:05:10.434077Z  INFO cpal supported: ch=4 rate=1-384000 fmt=I32
2026-02-22T20:05:10.434079Z  INFO cpal supported: ch=5 rate=1-384000 fmt=I32
2026-02-22T20:05:10.434081Z  INFO cpal supported: ch=6 rate=1-384000 fmt=I32
2026-02-22T20:05:10.434084Z  INFO cpal supported: ch=7 rate=1-384000 fmt=I32
2026-02-22T20:05:10.434086Z  INFO cpal supported: ch=8 rate=1-384000 fmt=I32
2026-02-22T20:05:10.434088Z  INFO cpal supported: ch=9 rate=1-384000 fmt=I32
2026-02-22T20:05:10.434090Z  INFO cpal supported: ch=10 rate=1-384000 fmt=I32
2026-02-22T20:05:10.434093Z  INFO cpal supported: ch=11 rate=1-384000 fmt=I32
2026-02-22T20:05:10.434095Z  INFO cpal supported: ch=12 rate=1-384000 fmt=I32
2026-02-22T20:05:10.434097Z  INFO cpal supported: ch=13 rate=1-384000 fmt=I32
2026-02-22T20:05:10.434100Z  INFO cpal supported: ch=14 rate=1-384000 fmt=I32
2026-02-22T20:05:10.434102Z  INFO cpal supported: ch=15 rate=1-384000 fmt=I32
2026-02-22T20:05:10.434104Z  INFO cpal supported: ch=16 rate=1-384000 fmt=I32
2026-02-22T20:05:10.434106Z  INFO cpal supported: ch=17 rate=1-384000 fmt=I32
2026-02-22T20:05:10.434109Z  INFO cpal supported: ch=18 rate=1-384000 fmt=I32
2026-02-22T20:05:10.434111Z  INFO cpal supported: ch=19 rate=1-384000 fmt=I32
2026-02-22T20:05:10.434113Z  INFO cpal supported: ch=20 rate=1-384000 fmt=I32
2026-02-22T20:05:10.434115Z  INFO cpal supported: ch=21 rate=1-384000 fmt=I32
2026-02-22T20:05:10.434118Z  INFO cpal supported: ch=22 rate=1-384000 fmt=I32
2026-02-22T20:05:10.434120Z  INFO cpal supported: ch=23 rate=1-384000 fmt=I32
2026-02-22T20:05:10.434122Z  INFO cpal supported: ch=24 rate=1-384000 fmt=I32
2026-02-22T20:05:10.434124Z  INFO cpal supported: ch=25 rate=1-384000 fmt=I32
2026-02-22T20:05:10.434126Z  INFO cpal supported: ch=26 rate=1-384000 fmt=I32
2026-02-22T20:05:10.434132Z  INFO cpal supported: ch=27 rate=1-384000 fmt=I32
2026-02-22T20:05:10.434134Z  INFO cpal supported: ch=28 rate=1-384000 fmt=I32
2026-02-22T20:05:10.434136Z  INFO cpal supported: ch=29 rate=1-384000 fmt=I32
2026-02-22T20:05:10.434140Z  INFO cpal supported: ch=30 rate=1-384000 fmt=I32
2026-02-22T20:05:10.434142Z  INFO cpal supported: ch=31 rate=1-384000 fmt=I32
2026-02-22T20:05:10.434146Z  INFO cpal supported: ch=32 rate=1-384000 fmt=I32
2026-02-22T20:05:10.434149Z  INFO cpal supported: ch=1 rate=1-384000 fmt=F32
2026-02-22T20:05:10.434152Z  INFO cpal supported: ch=2 rate=1-384000 fmt=F32
2026-02-22T20:05:10.434154Z  INFO cpal supported: ch=3 rate=1-384000 fmt=F32
2026-02-22T20:05:10.434157Z  INFO cpal supported: ch=4 rate=1-384000 fmt=F32
2026-02-22T20:05:10.434160Z  INFO cpal supported: ch=5 rate=1-384000 fmt=F32
2026-02-22T20:05:10.434163Z  INFO cpal supported: ch=6 rate=1-384000 fmt=F32
2026-02-22T20:05:10.434166Z  INFO cpal supported: ch=7 rate=1-384000 fmt=F32
2026-02-22T20:05:10.434169Z  INFO cpal supported: ch=8 rate=1-384000 fmt=F32
2026-02-22T20:05:10.434171Z  INFO cpal supported: ch=9 rate=1-384000 fmt=F32
2026-02-22T20:05:10.434174Z  INFO cpal supported: ch=10 rate=1-384000 fmt=F32
2026-02-22T20:05:10.434177Z  INFO cpal supported: ch=11 rate=1-384000 fmt=F32
2026-02-22T20:05:10.434180Z  INFO cpal supported: ch=12 rate=1-384000 fmt=F32
2026-02-22T20:05:10.434183Z  INFO cpal supported: ch=13 rate=1-384000 fmt=F32
2026-02-22T20:05:10.434186Z  INFO cpal supported: ch=14 rate=1-384000 fmt=F32
2026-02-22T20:05:10.434188Z  INFO cpal supported: ch=15 rate=1-384000 fmt=F32
2026-02-22T20:05:10.434191Z  INFO cpal supported: ch=16 rate=1-384000 fmt=F32
2026-02-22T20:05:10.434194Z  INFO cpal supported: ch=17 rate=1-384000 fmt=F32
2026-02-22T20:05:10.434197Z  INFO cpal supported: ch=18 rate=1-384000 fmt=F32
2026-02-22T20:05:10.434200Z  INFO cpal supported: ch=19 rate=1-384000 fmt=F32
2026-02-22T20:05:10.434203Z  INFO cpal supported: ch=20 rate=1-384000 fmt=F32
2026-02-22T20:05:10.434205Z  INFO cpal supported: ch=21 rate=1-384000 fmt=F32
2026-02-22T20:05:10.434208Z  INFO cpal supported: ch=22 rate=1-384000 fmt=F32
2026-02-22T20:05:10.434211Z  INFO cpal supported: ch=23 rate=1-384000 fmt=F32
2026-02-22T20:05:10.434213Z  INFO cpal supported: ch=24 rate=1-384000 fmt=F32
2026-02-22T20:05:10.434215Z  INFO cpal supported: ch=25 rate=1-384000 fmt=F32
2026-02-22T20:05:10.434218Z  INFO cpal supported: ch=26 rate=1-384000 fmt=F32
2026-02-22T20:05:10.434220Z  INFO cpal supported: ch=27 rate=1-384000 fmt=F32
2026-02-22T20:05:10.434222Z  INFO cpal supported: ch=28 rate=1-384000 fmt=F32
2026-02-22T20:05:10.434224Z  INFO cpal supported: ch=29 rate=1-384000 fmt=F32
2026-02-22T20:05:10.434227Z  INFO cpal supported: ch=30 rate=1-384000 fmt=F32
2026-02-22T20:05:10.434229Z  INFO cpal supported: ch=31 rate=1-384000 fmt=F32
2026-02-22T20:05:10.434232Z  INFO cpal supported: ch=32 rate=1-384000 fmt=F32
2026-02-22T20:05:10.434235Z  INFO cpal opening: device="default" ch=2 rate=48000
2026-02-22T20:05:10.663172Z  INFO Downloading ACE-Step v1.5 models from HuggingFace...
2026-02-22T20:05:10.663303Z  INFO All models downloaded successfully
2026-02-22T20:05:10.663651Z  INFO Loading tokenizer...
2026-02-22T20:05:11.022107Z  INFO Loading Qwen3 text encoder...
2026-02-22T20:05:11.430067Z  INFO Loading DiT generation model...
2026-02-22T20:05:12.595874Z  INFO Loading VAE decoder...
2026-02-22T20:05:12.643628Z  INFO Loading silence latent...
2026-02-22T20:05:12.652174Z  INFO Loaded silence_latent: shape [1, 15000, 64], dtype F32
2026-02-22T20:05:12.652217Z  INFO Pipeline loaded successfully
2026-02-22T20:05:12.659433Z  INFO next_step: caption="melodic electronic, lush pads, warm bassline, hypnotic groov" lyrics_len=95 bpm=Some(120)
2026-02-22T20:05:12.659450Z  INFO Pipeline ready
2026-02-22T20:05:12.659451Z  INFO === Sliding window step 0 (pos=0s window=240s step=30s is_first=true) ===
2026-02-22T20:05:12.659939Z  INFO   metas: pos=0s duration=240s mode=Advancing bpm=Some(120) key=Some("F major")
2026-02-22T20:05:12.710067Z  INFO Generating chunk (6000 frames, 240.0s)...
2026-02-22T20:05:19.779387Z  INFO Diffusion (8 ODE steps): 7.07s
2026-02-22T20:05:24.925875Z  INFO VAE decode: 5.15s
2026-02-22T20:05:25.452779Z  INFO Total chunk: 12.79s
2026-02-22T20:05:25.480709Z  INFO next_step: caption="melodic electronic, lush pads, warm bassline, hypnotic groov" lyrics_len=95 bpm=Some(120)
2026-02-22T20:05:25.480735Z  INFO event:step step=0 pos=0s audio=30.0s gen=12.82s step_s=30s window_s=240s
2026-02-22T20:05:25.480745Z  INFO === Sliding window step 1 (pos=30s window=240s step=30s is_first=false) ===
2026-02-22T20:05:25.480901Z  INFO   metas: pos=30s duration=270s mode=Advancing bpm=Some(120) key=Some("F major")
2026-02-22T20:05:25.515776Z  INFO Generating chunk (6000 frames, 240.0s)...
2026-02-22T20:05:32.652945Z  INFO Diffusion (8 ODE steps): 7.13s
2026-02-22T20:05:37.959243Z  INFO VAE decode: 5.31s
2026-02-22T20:05:38.523328Z  INFO Total chunk: 13.04s
2026-02-22T20:07:07.641711Z  INFO Listening on /tmp/ace-step.sock
2026-02-22T20:07:07.645731Z  INFO cpal supported: ch=1 rate=1-384000 fmt=U8
2026-02-22T20:07:07.645759Z  INFO cpal supported: ch=2 rate=1-384000 fmt=U8
2026-02-22T20:07:07.645763Z  INFO cpal supported: ch=3 rate=1-384000 fmt=U8
2026-02-22T20:07:07.645766Z  INFO cpal supported: ch=4 rate=1-384000 fmt=U8
2026-02-22T20:07:07.645769Z  INFO cpal supported: ch=5 rate=1-384000 fmt=U8
2026-02-22T20:07:07.645773Z  INFO cpal supported: ch=6 rate=1-384000 fmt=U8
2026-02-22T20:07:07.645776Z  INFO cpal supported: ch=7 rate=1-384000 fmt=U8
2026-02-22T20:07:07.645779Z  INFO cpal supported: ch=8 rate=1-384000 fmt=U8
2026-02-22T20:07:07.645782Z  INFO cpal supported: ch=9 rate=1-384000 fmt=U8
2026-02-22T20:07:07.645785Z  INFO cpal supported: ch=10 rate=1-384000 fmt=U8
2026-02-22T20:07:07.645788Z  INFO cpal supported: ch=11 rate=1-384000 fmt=U8
2026-02-22T20:07:07.645791Z  INFO cpal supported: ch=12 rate=1-384000 fmt=U8
2026-02-22T20:07:07.645794Z  INFO cpal supported: ch=13 rate=1-384000 fmt=U8
2026-02-22T20:07:07.645797Z  INFO cpal supported: ch=14 rate=1-384000 fmt=U8
2026-02-22T20:07:07.645800Z  INFO cpal supported: ch=15 rate=1-384000 fmt=U8
2026-02-22T20:07:07.645803Z  INFO cpal supported: ch=16 rate=1-384000 fmt=U8
2026-02-22T20:07:07.645806Z  INFO cpal supported: ch=17 rate=1-384000 fmt=U8
2026-02-22T20:07:07.645809Z  INFO cpal supported: ch=18 rate=1-384000 fmt=U8
2026-02-22T20:07:07.645812Z  INFO cpal supported: ch=19 rate=1-384000 fmt=U8
2026-02-22T20:07:07.645815Z  INFO cpal supported: ch=20 rate=1-384000 fmt=U8
2026-02-22T20:07:07.645818Z  INFO cpal supported: ch=21 rate=1-384000 fmt=U8
2026-02-22T20:07:07.645821Z  INFO cpal supported: ch=22 rate=1-384000 fmt=U8
2026-02-22T20:07:07.645824Z  INFO cpal supported: ch=23 rate=1-384000 fmt=U8
2026-02-22T20:07:07.645827Z  INFO cpal supported: ch=24 rate=1-384000 fmt=U8
2026-02-22T20:07:07.645831Z  INFO cpal supported: ch=25 rate=1-384000 fmt=U8
2026-02-22T20:07:07.645834Z  INFO cpal supported: ch=26 rate=1-384000 fmt=U8
2026-02-22T20:07:07.645837Z  INFO cpal supported: ch=27 rate=1-384000 fmt=U8
2026-02-22T20:07:07.645840Z  INFO cpal supported: ch=28 rate=1-384000 fmt=U8
2026-02-22T20:07:07.645843Z  INFO cpal supported: ch=29 rate=1-384000 fmt=U8
2026-02-22T20:07:07.645846Z  INFO cpal supported: ch=30 rate=1-384000 fmt=U8
2026-02-22T20:07:07.645849Z  INFO cpal supported: ch=31 rate=1-384000 fmt=U8
2026-02-22T20:07:07.645853Z  INFO cpal supported: ch=32 rate=1-384000 fmt=U8
2026-02-22T20:07:07.645856Z  INFO cpal supported: ch=1 rate=1-384000 fmt=I16
2026-02-22T20:07:07.645859Z  INFO cpal supported: ch=2 rate=1-384000 fmt=I16
2026-02-22T20:07:07.645862Z  INFO cpal supported: ch=3 rate=1-384000 fmt=I16
2026-02-22T20:07:07.645865Z  INFO cpal supported: ch=4 rate=1-384000 fmt=I16
2026-02-22T20:07:07.645868Z  INFO cpal supported: ch=5 rate=1-384000 fmt=I16
2026-02-22T20:07:07.645871Z  INFO cpal supported: ch=6 rate=1-384000 fmt=I16
2026-02-22T20:07:07.645874Z  INFO cpal supported: ch=7 rate=1-384000 fmt=I16
2026-02-22T20:07:07.645877Z  INFO cpal supported: ch=8 rate=1-384000 fmt=I16
2026-02-22T20:07:07.645892Z  INFO cpal supported: ch=9 rate=1-384000 fmt=I16
2026-02-22T20:07:07.645896Z  INFO cpal supported: ch=10 rate=1-384000 fmt=I16
2026-02-22T20:07:07.645899Z  INFO cpal supported: ch=11 rate=1-384000 fmt=I16
2026-02-22T20:07:07.645901Z  INFO cpal supported: ch=12 rate=1-384000 fmt=I16
2026-02-22T20:07:07.645903Z  INFO cpal supported: ch=13 rate=1-384000 fmt=I16
2026-02-22T20:07:07.645905Z  INFO cpal supported: ch=14 rate=1-384000 fmt=I16
2026-02-22T20:07:07.645907Z  INFO cpal supported: ch=15 rate=1-384000 fmt=I16
2026-02-22T20:07:07.645909Z  INFO cpal supported: ch=16 rate=1-384000 fmt=I16
2026-02-22T20:07:07.645912Z  INFO cpal supported: ch=17 rate=1-384000 fmt=I16
2026-02-22T20:07:07.645914Z  INFO cpal supported: ch=18 rate=1-384000 fmt=I16
2026-02-22T20:07:07.645916Z  INFO cpal supported: ch=19 rate=1-384000 fmt=I16
2026-02-22T20:07:07.645918Z  INFO cpal supported: ch=20 rate=1-384000 fmt=I16
2026-02-22T20:07:07.645920Z  INFO cpal supported: ch=21 rate=1-384000 fmt=I16
2026-02-22T20:07:07.645922Z  INFO cpal supported: ch=22 rate=1-384000 fmt=I16
2026-02-22T20:07:07.645924Z  INFO cpal supported: ch=23 rate=1-384000 fmt=I16
2026-02-22T20:07:07.645926Z  INFO cpal supported: ch=24 rate=1-384000 fmt=I16
2026-02-22T20:07:07.645928Z  INFO cpal supported: ch=25 rate=1-384000 fmt=I16
2026-02-22T20:07:07.645930Z  INFO cpal supported: ch=26 rate=1-384000 fmt=I16
2026-02-22T20:07:07.645932Z  INFO cpal supported: ch=27 rate=1-384000 fmt=I16
2026-02-22T20:07:07.645934Z  INFO cpal supported: ch=28 rate=1-384000 fmt=I16
2026-02-22T20:07:07.645936Z  INFO cpal supported: ch=29 rate=1-384000 fmt=I16
2026-02-22T20:07:07.645938Z  INFO cpal supported: ch=30 rate=1-384000 fmt=I16
2026-02-22T20:07:07.645940Z  INFO cpal supported: ch=31 rate=1-384000 fmt=I16
2026-02-22T20:07:07.645943Z  INFO cpal supported: ch=32 rate=1-384000 fmt=I16
2026-02-22T20:07:07.645945Z  INFO cpal supported: ch=1 rate=1-384000 fmt=I32
2026-02-22T20:07:07.645947Z  INFO cpal supported: ch=2 rate=1-384000 fmt=I32
2026-02-22T20:07:07.645949Z  INFO cpal supported: ch=3 rate=1-384000 fmt=I32
2026-02-22T20:07:07.645951Z  INFO cpal supported: ch=4 rate=1-384000 fmt=I32
2026-02-22T20:07:07.645953Z  INFO cpal supported: ch=5 rate=1-384000 fmt=I32
2026-02-22T20:07:07.645955Z  INFO cpal supported: ch=6 rate=1-384000 fmt=I32
2026-02-22T20:07:07.645957Z  INFO cpal supported: ch=7 rate=1-384000 fmt=I32
2026-02-22T20:07:07.645959Z  INFO cpal supported: ch=8 rate=1-384000 fmt=I32
2026-02-22T20:07:07.645961Z  INFO cpal supported: ch=9 rate=1-384000 fmt=I32
2026-02-22T20:07:07.645963Z  INFO cpal supported: ch=10 rate=1-384000 fmt=I32
2026-02-22T20:07:07.645965Z  INFO cpal supported: ch=11 rate=1-384000 fmt=I32
2026-02-22T20:07:07.645967Z  INFO cpal supported: ch=12 rate=1-384000 fmt=I32
2026-02-22T20:07:07.645969Z  INFO cpal supported: ch=13 rate=1-384000 fmt=I32
2026-02-22T20:07:07.645972Z  INFO cpal supported: ch=14 rate=1-384000 fmt=I32
2026-02-22T20:07:07.645974Z  INFO cpal supported: ch=15 rate=1-384000 fmt=I32
2026-02-22T20:07:07.645976Z  INFO cpal supported: ch=16 rate=1-384000 fmt=I32
2026-02-22T20:07:07.645978Z  INFO cpal supported: ch=17 rate=1-384000 fmt=I32
2026-02-22T20:07:07.645980Z  INFO cpal supported: ch=18 rate=1-384000 fmt=I32
2026-02-22T20:07:07.645982Z  INFO cpal supported: ch=19 rate=1-384000 fmt=I32
2026-02-22T20:07:07.645984Z  INFO cpal supported: ch=20 rate=1-384000 fmt=I32
2026-02-22T20:07:07.645986Z  INFO cpal supported: ch=21 rate=1-384000 fmt=I32
2026-02-22T20:07:07.645988Z  INFO cpal supported: ch=22 rate=1-384000 fmt=I32
2026-02-22T20:07:07.645990Z  INFO cpal supported: ch=23 rate=1-384000 fmt=I32
2026-02-22T20:07:07.645992Z  INFO cpal supported: ch=24 rate=1-384000 fmt=I32
2026-02-22T20:07:07.645994Z  INFO cpal supported: ch=25 rate=1-384000 fmt=I32
2026-02-22T20:07:07.645996Z  INFO cpal supported: ch=26 rate=1-384000 fmt=I32
2026-02-22T20:07:07.645998Z  INFO cpal supported: ch=27 rate=1-384000 fmt=I32
2026-02-22T20:07:07.646000Z  INFO cpal supported: ch=28 rate=1-384000 fmt=I32
2026-02-22T20:07:07.646003Z  INFO cpal supported: ch=29 rate=1-384000 fmt=I32
2026-02-22T20:07:07.646007Z  INFO cpal supported: ch=30 rate=1-384000 fmt=I32
2026-02-22T20:07:07.646009Z  INFO cpal supported: ch=31 rate=1-384000 fmt=I32
2026-02-22T20:07:07.646013Z  INFO cpal supported: ch=32 rate=1-384000 fmt=I32
2026-02-22T20:07:07.646015Z  INFO cpal supported: ch=1 rate=1-384000 fmt=F32
2026-02-22T20:07:07.646017Z  INFO cpal supported: ch=2 rate=1-384000 fmt=F32
2026-02-22T20:07:07.646019Z  INFO cpal supported: ch=3 rate=1-384000 fmt=F32
2026-02-22T20:07:07.646021Z  INFO cpal supported: ch=4 rate=1-384000 fmt=F32
2026-02-22T20:07:07.646023Z  INFO cpal supported: ch=5 rate=1-384000 fmt=F32
2026-02-22T20:07:07.646025Z  INFO cpal supported: ch=6 rate=1-384000 fmt=F32
2026-02-22T20:07:07.646027Z  INFO cpal supported: ch=7 rate=1-384000 fmt=F32
2026-02-22T20:07:07.646029Z  INFO cpal supported: ch=8 rate=1-384000 fmt=F32
2026-02-22T20:07:07.646031Z  INFO cpal supported: ch=9 rate=1-384000 fmt=F32
2026-02-22T20:07:07.646033Z  INFO cpal supported: ch=10 rate=1-384000 fmt=F32
2026-02-22T20:07:07.646035Z  INFO cpal supported: ch=11 rate=1-384000 fmt=F32
2026-02-22T20:07:07.646037Z  INFO cpal supported: ch=12 rate=1-384000 fmt=F32
2026-02-22T20:07:07.646040Z  INFO cpal supported: ch=13 rate=1-384000 fmt=F32
2026-02-22T20:07:07.646042Z  INFO cpal supported: ch=14 rate=1-384000 fmt=F32
2026-02-22T20:07:07.646044Z  INFO cpal supported: ch=15 rate=1-384000 fmt=F32
2026-02-22T20:07:07.646046Z  INFO cpal supported: ch=16 rate=1-384000 fmt=F32
2026-02-22T20:07:07.646048Z  INFO cpal supported: ch=17 rate=1-384000 fmt=F32
2026-02-22T20:07:07.646050Z  INFO cpal supported: ch=18 rate=1-384000 fmt=F32
2026-02-22T20:07:07.646052Z  INFO cpal supported: ch=19 rate=1-384000 fmt=F32
2026-02-22T20:07:07.646054Z  INFO cpal supported: ch=20 rate=1-384000 fmt=F32
2026-02-22T20:07:07.646056Z  INFO cpal supported: ch=21 rate=1-384000 fmt=F32
2026-02-22T20:07:07.646058Z  INFO cpal supported: ch=22 rate=1-384000 fmt=F32
2026-02-22T20:07:07.646060Z  INFO cpal supported: ch=23 rate=1-384000 fmt=F32
2026-02-22T20:07:07.646062Z  INFO cpal supported: ch=24 rate=1-384000 fmt=F32
2026-02-22T20:07:07.646064Z  INFO cpal supported: ch=25 rate=1-384000 fmt=F32
2026-02-22T20:07:07.646066Z  INFO cpal supported: ch=26 rate=1-384000 fmt=F32
2026-02-22T20:07:07.646068Z  INFO cpal supported: ch=27 rate=1-384000 fmt=F32
2026-02-22T20:07:07.646071Z  INFO cpal supported: ch=28 rate=1-384000 fmt=F32
2026-02-22T20:07:07.646073Z  INFO cpal supported: ch=29 rate=1-384000 fmt=F32
2026-02-22T20:07:07.646075Z  INFO cpal supported: ch=30 rate=1-384000 fmt=F32
2026-02-22T20:07:07.646077Z  INFO cpal supported: ch=31 rate=1-384000 fmt=F32
2026-02-22T20:07:07.646079Z  INFO cpal supported: ch=32 rate=1-384000 fmt=F32
2026-02-22T20:07:07.646082Z  INFO cpal opening: device="default" ch=2 rate=48000
2026-02-22T20:07:07.838253Z  INFO Downloading ACE-Step v1.5 models from HuggingFace...
2026-02-22T20:07:07.838343Z  INFO All models downloaded successfully
2026-02-22T20:07:07.838637Z  INFO Loading tokenizer...
2026-02-22T20:07:08.188271Z  INFO Loading Qwen3 text encoder...
2026-02-22T20:07:08.592937Z  INFO Loading DiT generation model...
2026-02-22T20:07:09.759858Z  INFO Loading VAE decoder...
2026-02-22T20:07:09.808033Z  INFO Loading silence latent...
2026-02-22T20:07:09.815873Z  INFO Loaded silence_latent: shape [1, 15000, 64], dtype F32
2026-02-22T20:07:09.815936Z  INFO Pipeline loaded successfully
2026-02-22T20:07:09.823241Z  INFO next_step: caption="melodic electronic, lush pads, warm bassline, hypnotic groov" lyrics_len=95 bpm=Some(120)
2026-02-22T20:07:09.823253Z  INFO Pipeline ready
2026-02-22T20:07:09.823269Z  INFO === Sliding window step 0 (pos=0s window=240s step=15s is_first=true) ===
2026-02-22T20:07:09.823771Z  INFO   metas: pos=0s duration=240s mode=Advancing bpm=Some(120) key=Some("F major")
2026-02-22T20:07:09.873274Z  INFO Generating chunk (6000 frames, 240.0s)...
2026-02-22T20:07:16.861699Z  INFO Diffusion (8 ODE steps): 6.98s
2026-02-22T20:07:22.033540Z  INFO VAE decode: 5.17s
2026-02-22T20:07:22.560016Z  INFO Total chunk: 12.74s
2026-02-22T20:07:22.582399Z  INFO next_step: caption="melodic electronic, lush pads, warm bassline, hypnotic groov" lyrics_len=95 bpm=Some(120)
2026-02-22T20:07:22.582425Z  INFO event:step step=0 pos=0s audio=15.0s gen=12.76s step_s=15s window_s=240s
2026-02-22T20:07:22.582426Z  INFO === Sliding window step 1 (pos=15s window=240s step=15s is_first=false) ===
2026-02-22T20:07:22.582591Z  INFO   metas: pos=15s duration=255s mode=Advancing bpm=Some(120) key=Some("F major")
2026-02-22T20:07:22.617562Z  INFO Generating chunk (6000 frames, 240.0s)...
2026-02-22T20:07:29.551369Z  INFO Diffusion (8 ODE steps): 6.93s
2026-02-22T20:07:34.540651Z  INFO VAE decode: 4.99s
2026-02-22T20:07:35.033831Z  INFO Total chunk: 12.45s
2026-02-22T20:07:35.050366Z  INFO next_step: caption="melodic electronic, lush pads, warm bassline, hypnotic groov" lyrics_len=95 bpm=Some(120)
2026-02-22T20:07:35.050396Z  INFO event:step step=1 pos=15s audio=15.0s gen=12.47s step_s=15s window_s=240s
2026-02-22T20:07:35.050406Z  INFO === Sliding window step 2 (pos=30s window=240s step=15s is_first=false) ===
2026-02-22T20:07:35.050552Z  INFO   metas: pos=30s duration=270s mode=Advancing bpm=Some(120) key=Some("F major")
2026-02-22T20:07:35.084154Z  INFO Generating chunk (6000 frames, 240.0s)...
2026-02-22T20:07:41.849491Z  INFO Diffusion (8 ODE steps): 6.76s
2026-02-22T20:07:46.997556Z  INFO VAE decode: 5.15s
2026-02-22T20:07:47.515258Z  INFO Total chunk: 12.46s
2026-02-22T20:09:49.883245Z  INFO Listening on /tmp/ace-step.sock
2026-02-22T20:09:49.887167Z  INFO cpal supported: ch=1 rate=1-384000 fmt=U8
2026-02-22T20:09:49.887189Z  INFO cpal supported: ch=2 rate=1-384000 fmt=U8
2026-02-22T20:09:49.887193Z  INFO cpal supported: ch=3 rate=1-384000 fmt=U8
2026-02-22T20:09:49.887196Z  INFO cpal supported: ch=4 rate=1-384000 fmt=U8
2026-02-22T20:09:49.887199Z  INFO cpal supported: ch=5 rate=1-384000 fmt=U8
2026-02-22T20:09:49.887204Z  INFO cpal supported: ch=6 rate=1-384000 fmt=U8
2026-02-22T20:09:49.887208Z  INFO cpal supported: ch=7 rate=1-384000 fmt=U8
2026-02-22T20:09:49.887212Z  INFO cpal supported: ch=8 rate=1-384000 fmt=U8
2026-02-22T20:09:49.887215Z  INFO cpal supported: ch=9 rate=1-384000 fmt=U8
2026-02-22T20:09:49.887220Z  INFO cpal supported: ch=10 rate=1-384000 fmt=U8
2026-02-22T20:09:49.887225Z  INFO cpal supported: ch=11 rate=1-384000 fmt=U8
2026-02-22T20:09:49.887229Z  INFO cpal supported: ch=12 rate=1-384000 fmt=U8
2026-02-22T20:09:49.887232Z  INFO cpal supported: ch=13 rate=1-384000 fmt=U8
2026-02-22T20:09:49.887237Z  INFO cpal supported: ch=14 rate=1-384000 fmt=U8
2026-02-22T20:09:49.887240Z  INFO cpal supported: ch=15 rate=1-384000 fmt=U8
2026-02-22T20:09:49.887244Z  INFO cpal supported: ch=16 rate=1-384000 fmt=U8
2026-02-22T20:09:49.887247Z  INFO cpal supported: ch=17 rate=1-384000 fmt=U8
2026-02-22T20:09:49.887251Z  INFO cpal supported: ch=18 rate=1-384000 fmt=U8
2026-02-22T20:09:49.887255Z  INFO cpal supported: ch=19 rate=1-384000 fmt=U8
2026-02-22T20:09:49.887258Z  INFO cpal supported: ch=20 rate=1-384000 fmt=U8
2026-02-22T20:09:49.887262Z  INFO cpal supported: ch=21 rate=1-384000 fmt=U8
2026-02-22T20:09:49.887265Z  INFO cpal supported: ch=22 rate=1-384000 fmt=U8
2026-02-22T20:09:49.887268Z  INFO cpal supported: ch=23 rate=1-384000 fmt=U8
2026-02-22T20:09:49.887272Z  INFO cpal supported: ch=24 rate=1-384000 fmt=U8
2026-02-22T20:09:49.887276Z  INFO cpal supported: ch=25 rate=1-384000 fmt=U8
2026-02-22T20:09:49.887280Z  INFO cpal supported: ch=26 rate=1-384000 fmt=U8
2026-02-22T20:09:49.887284Z  INFO cpal supported: ch=27 rate=1-384000 fmt=U8
2026-02-22T20:09:49.887288Z  INFO cpal supported: ch=28 rate=1-384000 fmt=U8
2026-02-22T20:09:49.887291Z  INFO cpal supported: ch=29 rate=1-384000 fmt=U8
2026-02-22T20:09:49.887295Z  INFO cpal supported: ch=30 rate=1-384000 fmt=U8
2026-02-22T20:09:49.887299Z  INFO cpal supported: ch=31 rate=1-384000 fmt=U8
2026-02-22T20:09:49.887302Z  INFO cpal supported: ch=32 rate=1-384000 fmt=U8
2026-02-22T20:09:49.887305Z  INFO cpal supported: ch=1 rate=1-384000 fmt=I16
2026-02-22T20:09:49.887309Z  INFO cpal supported: ch=2 rate=1-384000 fmt=I16
2026-02-22T20:09:49.887322Z  INFO cpal supported: ch=3 rate=1-384000 fmt=I16
2026-02-22T20:09:49.887326Z  INFO cpal supported: ch=4 rate=1-384000 fmt=I16
2026-02-22T20:09:49.887329Z  INFO cpal supported: ch=5 rate=1-384000 fmt=I16
2026-02-22T20:09:49.887331Z  INFO cpal supported: ch=6 rate=1-384000 fmt=I16
2026-02-22T20:09:49.887333Z  INFO cpal supported: ch=7 rate=1-384000 fmt=I16
2026-02-22T20:09:49.887335Z  INFO cpal supported: ch=8 rate=1-384000 fmt=I16
2026-02-22T20:09:49.887337Z  INFO cpal supported: ch=9 rate=1-384000 fmt=I16
2026-02-22T20:09:49.887340Z  INFO cpal supported: ch=10 rate=1-384000 fmt=I16
2026-02-22T20:09:49.887342Z  INFO cpal supported: ch=11 rate=1-384000 fmt=I16
2026-02-22T20:09:49.887344Z  INFO cpal supported: ch=12 rate=1-384000 fmt=I16
2026-02-22T20:09:49.887347Z  INFO cpal supported: ch=13 rate=1-384000 fmt=I16
2026-02-22T20:09:49.887349Z  INFO cpal supported: ch=14 rate=1-384000 fmt=I16
2026-02-22T20:09:49.887352Z  INFO cpal supported: ch=15 rate=1-384000 fmt=I16
2026-02-22T20:09:49.887355Z  INFO cpal supported: ch=16 rate=1-384000 fmt=I16
2026-02-22T20:09:49.887357Z  INFO cpal supported: ch=17 rate=1-384000 fmt=I16
2026-02-22T20:09:49.887360Z  INFO cpal supported: ch=18 rate=1-384000 fmt=I16
2026-02-22T20:09:49.887362Z  INFO cpal supported: ch=19 rate=1-384000 fmt=I16
2026-02-22T20:09:49.887365Z  INFO cpal supported: ch=20 rate=1-384000 fmt=I16
2026-02-22T20:09:49.887367Z  INFO cpal supported: ch=21 rate=1-384000 fmt=I16
2026-02-22T20:09:49.887369Z  INFO cpal supported: ch=22 rate=1-384000 fmt=I16
2026-02-22T20:09:49.887372Z  INFO cpal supported: ch=23 rate=1-384000 fmt=I16
2026-02-22T20:09:49.887374Z  INFO cpal supported: ch=24 rate=1-384000 fmt=I16
2026-02-22T20:09:49.887377Z  INFO cpal supported: ch=25 rate=1-384000 fmt=I16
2026-02-22T20:09:49.887379Z  INFO cpal supported: ch=26 rate=1-384000 fmt=I16
2026-02-22T20:09:49.887382Z  INFO cpal supported: ch=27 rate=1-384000 fmt=I16
2026-02-22T20:09:49.887384Z  INFO cpal supported: ch=28 rate=1-384000 fmt=I16
2026-02-22T20:09:49.887387Z  INFO cpal supported: ch=29 rate=1-384000 fmt=I16
2026-02-22T20:09:49.887389Z  INFO cpal supported: ch=30 rate=1-384000 fmt=I16
2026-02-22T20:09:49.887392Z  INFO cpal supported: ch=31 rate=1-384000 fmt=I16
2026-02-22T20:09:49.887394Z  INFO cpal supported: ch=32 rate=1-384000 fmt=I16
2026-02-22T20:09:49.887397Z  INFO cpal supported: ch=1 rate=1-384000 fmt=I32
2026-02-22T20:09:49.887400Z  INFO cpal supported: ch=2 rate=1-384000 fmt=I32
2026-02-22T20:09:49.887402Z  INFO cpal supported: ch=3 rate=1-384000 fmt=I32
2026-02-22T20:09:49.887405Z  INFO cpal supported: ch=4 rate=1-384000 fmt=I32
2026-02-22T20:09:49.887407Z  INFO cpal supported: ch=5 rate=1-384000 fmt=I32
2026-02-22T20:09:49.887410Z  INFO cpal supported: ch=6 rate=1-384000 fmt=I32
2026-02-22T20:09:49.887412Z  INFO cpal supported: ch=7 rate=1-384000 fmt=I32
2026-02-22T20:09:49.887415Z  INFO cpal supported: ch=8 rate=1-384000 fmt=I32
2026-02-22T20:09:49.887417Z  INFO cpal supported: ch=9 rate=1-384000 fmt=I32
2026-02-22T20:09:49.887419Z  INFO cpal supported: ch=10 rate=1-384000 fmt=I32
2026-02-22T20:09:49.887421Z  INFO cpal supported: ch=11 rate=1-384000 fmt=I32
2026-02-22T20:09:49.887424Z  INFO cpal supported: ch=12 rate=1-384000 fmt=I32
2026-02-22T20:09:49.887426Z  INFO cpal supported: ch=13 rate=1-384000 fmt=I32
2026-02-22T20:09:49.887429Z  INFO cpal supported: ch=14 rate=1-384000 fmt=I32
2026-02-22T20:09:49.887431Z  INFO cpal supported: ch=15 rate=1-384000 fmt=I32
2026-02-22T20:09:49.887433Z  INFO cpal supported: ch=16 rate=1-384000 fmt=I32
2026-02-22T20:09:49.887435Z  INFO cpal supported: ch=17 rate=1-384000 fmt=I32
2026-02-22T20:09:49.887437Z  INFO cpal supported: ch=18 rate=1-384000 fmt=I32
2026-02-22T20:09:49.887440Z  INFO cpal supported: ch=19 rate=1-384000 fmt=I32
2026-02-22T20:09:49.887442Z  INFO cpal supported: ch=20 rate=1-384000 fmt=I32
2026-02-22T20:09:49.887444Z  INFO cpal supported: ch=21 rate=1-384000 fmt=I32
2026-02-22T20:09:49.887446Z  INFO cpal supported: ch=22 rate=1-384000 fmt=I32
2026-02-22T20:09:49.887448Z  INFO cpal supported: ch=23 rate=1-384000 fmt=I32
2026-02-22T20:09:49.887455Z  INFO cpal supported: ch=24 rate=1-384000 fmt=I32
2026-02-22T20:09:49.887457Z  INFO cpal supported: ch=25 rate=1-384000 fmt=I32
2026-02-22T20:09:49.887462Z  INFO cpal supported: ch=26 rate=1-384000 fmt=I32
2026-02-22T20:09:49.887464Z  INFO cpal supported: ch=27 rate=1-384000 fmt=I32
2026-02-22T20:09:49.887467Z  INFO cpal supported: ch=28 rate=1-384000 fmt=I32
2026-02-22T20:09:49.887469Z  INFO cpal supported: ch=29 rate=1-384000 fmt=I32
2026-02-22T20:09:49.887472Z  INFO cpal supported: ch=30 rate=1-384000 fmt=I32
2026-02-22T20:09:49.887475Z  INFO cpal supported: ch=31 rate=1-384000 fmt=I32
2026-02-22T20:09:49.887477Z  INFO cpal supported: ch=32 rate=1-384000 fmt=I32
2026-02-22T20:09:49.887480Z  INFO cpal supported: ch=1 rate=1-384000 fmt=F32
2026-02-22T20:09:49.887482Z  INFO cpal supported: ch=2 rate=1-384000 fmt=F32
2026-02-22T20:09:49.887485Z  INFO cpal supported: ch=3 rate=1-384000 fmt=F32
2026-02-22T20:09:49.887487Z  INFO cpal supported: ch=4 rate=1-384000 fmt=F32
2026-02-22T20:09:49.887490Z  INFO cpal supported: ch=5 rate=1-384000 fmt=F32
2026-02-22T20:09:49.887492Z  INFO cpal supported: ch=6 rate=1-384000 fmt=F32
2026-02-22T20:09:49.887494Z  INFO cpal supported: ch=7 rate=1-384000 fmt=F32
2026-02-22T20:09:49.887497Z  INFO cpal supported: ch=8 rate=1-384000 fmt=F32
2026-02-22T20:09:49.887499Z  INFO cpal supported: ch=9 rate=1-384000 fmt=F32
2026-02-22T20:09:49.887502Z  INFO cpal supported: ch=10 rate=1-384000 fmt=F32
2026-02-22T20:09:49.887504Z  INFO cpal supported: ch=11 rate=1-384000 fmt=F32
2026-02-22T20:09:49.887507Z  INFO cpal supported: ch=12 rate=1-384000 fmt=F32
2026-02-22T20:09:49.887509Z  INFO cpal supported: ch=13 rate=1-384000 fmt=F32
2026-02-22T20:09:49.887512Z  INFO cpal supported: ch=14 rate=1-384000 fmt=F32
2026-02-22T20:09:49.887514Z  INFO cpal supported: ch=15 rate=1-384000 fmt=F32
2026-02-22T20:09:49.887517Z  INFO cpal supported: ch=16 rate=1-384000 fmt=F32
2026-02-22T20:09:49.887519Z  INFO cpal supported: ch=17 rate=1-384000 fmt=F32
2026-02-22T20:09:49.887521Z  INFO cpal supported: ch=18 rate=1-384000 fmt=F32
2026-02-22T20:09:49.887524Z  INFO cpal supported: ch=19 rate=1-384000 fmt=F32
2026-02-22T20:09:49.887526Z  INFO cpal supported: ch=20 rate=1-384000 fmt=F32
2026-02-22T20:09:49.887529Z  INFO cpal supported: ch=21 rate=1-384000 fmt=F32
2026-02-22T20:09:49.887532Z  INFO cpal supported: ch=22 rate=1-384000 fmt=F32
2026-02-22T20:09:49.887534Z  INFO cpal supported: ch=23 rate=1-384000 fmt=F32
2026-02-22T20:09:49.887538Z  INFO cpal supported: ch=24 rate=1-384000 fmt=F32
2026-02-22T20:09:49.887540Z  INFO cpal supported: ch=25 rate=1-384000 fmt=F32
2026-02-22T20:09:49.887542Z  INFO cpal supported: ch=26 rate=1-384000 fmt=F32
2026-02-22T20:09:49.887544Z  INFO cpal supported: ch=27 rate=1-384000 fmt=F32
2026-02-22T20:09:49.887547Z  INFO cpal supported: ch=28 rate=1-384000 fmt=F32
2026-02-22T20:09:49.887549Z  INFO cpal supported: ch=29 rate=1-384000 fmt=F32
2026-02-22T20:09:49.887551Z  INFO cpal supported: ch=30 rate=1-384000 fmt=F32
2026-02-22T20:09:49.887554Z  INFO cpal supported: ch=31 rate=1-384000 fmt=F32
2026-02-22T20:09:49.887556Z  INFO cpal supported: ch=32 rate=1-384000 fmt=F32
2026-02-22T20:09:49.887560Z  INFO cpal opening: device="default" ch=2 rate=48000
2026-02-22T20:09:50.079753Z  INFO Downloading ACE-Step v1.5 models from HuggingFace...
2026-02-22T20:09:50.079849Z  INFO All models downloaded successfully
2026-02-22T20:09:50.080146Z  INFO Loading tokenizer...
2026-02-22T20:09:50.424097Z  INFO Loading Qwen3 text encoder...
2026-02-22T20:09:50.819219Z  INFO Loading DiT generation model...
2026-02-22T20:09:51.971619Z  INFO Loading VAE decoder...
2026-02-22T20:09:52.020171Z  INFO Loading silence latent...
2026-02-22T20:09:52.028063Z  INFO Loaded silence_latent: shape [1, 15000, 64], dtype F32
2026-02-22T20:09:52.028107Z  INFO Pipeline loaded successfully
2026-02-22T20:09:52.034997Z  INFO next_step: caption="melodic electronic, lush pads, warm bassline, hypnotic groov" lyrics_len=95 bpm=Some(120)
2026-02-22T20:09:52.035018Z  INFO Pipeline ready
2026-02-22T20:09:52.035016Z  INFO === Sliding window step 0 (pos=0s window=240s step=15s is_first=true) ===
2026-02-22T20:09:52.035551Z  INFO   metas: pos=0s duration=240s mode=Advancing bpm=Some(120) key=Some("F major")
2026-02-22T20:09:52.085250Z  INFO Generating chunk (6000 frames, 240.0s)...
2026-02-22T20:10:03.516016Z  INFO Listening on /tmp/ace-step.sock
2026-02-22T20:10:03.519736Z  INFO cpal supported: ch=1 rate=1-384000 fmt=U8
2026-02-22T20:10:03.519753Z  INFO cpal supported: ch=2 rate=1-384000 fmt=U8
2026-02-22T20:10:03.519756Z  INFO cpal supported: ch=3 rate=1-384000 fmt=U8
2026-02-22T20:10:03.519758Z  INFO cpal supported: ch=4 rate=1-384000 fmt=U8
2026-02-22T20:10:03.519760Z  INFO cpal supported: ch=5 rate=1-384000 fmt=U8
2026-02-22T20:10:03.519763Z  INFO cpal supported: ch=6 rate=1-384000 fmt=U8
2026-02-22T20:10:03.519766Z  INFO cpal supported: ch=7 rate=1-384000 fmt=U8
2026-02-22T20:10:03.519768Z  INFO cpal supported: ch=8 rate=1-384000 fmt=U8
2026-02-22T20:10:03.519770Z  INFO cpal supported: ch=9 rate=1-384000 fmt=U8
2026-02-22T20:10:03.519772Z  INFO cpal supported: ch=10 rate=1-384000 fmt=U8
2026-02-22T20:10:03.519774Z  INFO cpal supported: ch=11 rate=1-384000 fmt=U8
2026-02-22T20:10:03.519776Z  INFO cpal supported: ch=12 rate=1-384000 fmt=U8
2026-02-22T20:10:03.519779Z  INFO cpal supported: ch=13 rate=1-384000 fmt=U8
2026-02-22T20:10:03.519781Z  INFO cpal supported: ch=14 rate=1-384000 fmt=U8
2026-02-22T20:10:03.519783Z  INFO cpal supported: ch=15 rate=1-384000 fmt=U8
2026-02-22T20:10:03.519785Z  INFO cpal supported: ch=16 rate=1-384000 fmt=U8
2026-02-22T20:10:03.519787Z  INFO cpal supported: ch=17 rate=1-384000 fmt=U8
2026-02-22T20:10:03.519789Z  INFO cpal supported: ch=18 rate=1-384000 fmt=U8
2026-02-22T20:10:03.519791Z  INFO cpal supported: ch=19 rate=1-384000 fmt=U8
2026-02-22T20:10:03.519793Z  INFO cpal supported: ch=20 rate=1-384000 fmt=U8
2026-02-22T20:10:03.519795Z  INFO cpal supported: ch=21 rate=1-384000 fmt=U8
2026-02-22T20:10:03.519797Z  INFO cpal supported: ch=22 rate=1-384000 fmt=U8
2026-02-22T20:10:03.519799Z  INFO cpal supported: ch=23 rate=1-384000 fmt=U8
2026-02-22T20:10:03.519801Z  INFO cpal supported: ch=24 rate=1-384000 fmt=U8
2026-02-22T20:10:03.519803Z  INFO cpal supported: ch=25 rate=1-384000 fmt=U8
2026-02-22T20:10:03.519805Z  INFO cpal supported: ch=26 rate=1-384000 fmt=U8
2026-02-22T20:10:03.519807Z  INFO cpal supported: ch=27 rate=1-384000 fmt=U8
2026-02-22T20:10:03.519810Z  INFO cpal supported: ch=28 rate=1-384000 fmt=U8
2026-02-22T20:10:03.519812Z  INFO cpal supported: ch=29 rate=1-384000 fmt=U8
2026-02-22T20:10:03.519814Z  INFO cpal supported: ch=30 rate=1-384000 fmt=U8
2026-02-22T20:10:03.519816Z  INFO cpal supported: ch=31 rate=1-384000 fmt=U8
2026-02-22T20:10:03.519818Z  INFO cpal supported: ch=32 rate=1-384000 fmt=U8
2026-02-22T20:10:03.519820Z  INFO cpal supported: ch=1 rate=1-384000 fmt=I16
2026-02-22T20:10:03.519822Z  INFO cpal supported: ch=2 rate=1-384000 fmt=I16
2026-02-22T20:10:03.519824Z  INFO cpal supported: ch=3 rate=1-384000 fmt=I16
2026-02-22T20:10:03.519826Z  INFO cpal supported: ch=4 rate=1-384000 fmt=I16
2026-02-22T20:10:03.519828Z  INFO cpal supported: ch=5 rate=1-384000 fmt=I16
2026-02-22T20:10:03.519830Z  INFO cpal supported: ch=6 rate=1-384000 fmt=I16
2026-02-22T20:10:03.519832Z  INFO cpal supported: ch=7 rate=1-384000 fmt=I16
2026-02-22T20:10:03.519834Z  INFO cpal supported: ch=8 rate=1-384000 fmt=I16
2026-02-22T20:10:03.519836Z  INFO cpal supported: ch=9 rate=1-384000 fmt=I16
2026-02-22T20:10:03.519838Z  INFO cpal supported: ch=10 rate=1-384000 fmt=I16
2026-02-22T20:10:03.519841Z  INFO cpal supported: ch=11 rate=1-384000 fmt=I16
2026-02-22T20:10:03.519843Z  INFO cpal supported: ch=12 rate=1-384000 fmt=I16
2026-02-22T20:10:03.519845Z  INFO cpal supported: ch=13 rate=1-384000 fmt=I16
2026-02-22T20:10:03.519847Z  INFO cpal supported: ch=14 rate=1-384000 fmt=I16
2026-02-22T20:10:03.519849Z  INFO cpal supported: ch=15 rate=1-384000 fmt=I16
2026-02-22T20:10:03.519851Z  INFO cpal supported: ch=16 rate=1-384000 fmt=I16
2026-02-22T20:10:03.519853Z  INFO cpal supported: ch=17 rate=1-384000 fmt=I16
2026-02-22T20:10:03.519866Z  INFO cpal supported: ch=18 rate=1-384000 fmt=I16
2026-02-22T20:10:03.519869Z  INFO cpal supported: ch=19 rate=1-384000 fmt=I16
2026-02-22T20:10:03.519872Z  INFO cpal supported: ch=20 rate=1-384000 fmt=I16
2026-02-22T20:10:03.519874Z  INFO cpal supported: ch=21 rate=1-384000 fmt=I16
2026-02-22T20:10:03.519876Z  INFO cpal supported: ch=22 rate=1-384000 fmt=I16
2026-02-22T20:10:03.519878Z  INFO cpal supported: ch=23 rate=1-384000 fmt=I16
2026-02-22T20:10:03.519881Z  INFO cpal supported: ch=24 rate=1-384000 fmt=I16
2026-02-22T20:10:03.519883Z  INFO cpal supported: ch=25 rate=1-384000 fmt=I16
2026-02-22T20:10:03.519885Z  INFO cpal supported: ch=26 rate=1-384000 fmt=I16
2026-02-22T20:10:03.519887Z  INFO cpal supported: ch=27 rate=1-384000 fmt=I16
2026-02-22T20:10:03.519889Z  INFO cpal supported: ch=28 rate=1-384000 fmt=I16
2026-02-22T20:10:03.519891Z  INFO cpal supported: ch=29 rate=1-384000 fmt=I16
2026-02-22T20:10:03.519893Z  INFO cpal supported: ch=30 rate=1-384000 fmt=I16
2026-02-22T20:10:03.519895Z  INFO cpal supported: ch=31 rate=1-384000 fmt=I16
2026-02-22T20:10:03.519897Z  INFO cpal supported: ch=32 rate=1-384000 fmt=I16
2026-02-22T20:10:03.519899Z  INFO cpal supported: ch=1 rate=1-384000 fmt=I32
2026-02-22T20:10:03.519901Z  INFO cpal supported: ch=2 rate=1-384000 fmt=I32
2026-02-22T20:10:03.519903Z  INFO cpal supported: ch=3 rate=1-384000 fmt=I32
2026-02-22T20:10:03.519905Z  INFO cpal supported: ch=4 rate=1-384000 fmt=I32
2026-02-22T20:10:03.519907Z  INFO cpal supported: ch=5 rate=1-384000 fmt=I32
2026-02-22T20:10:03.519909Z  INFO cpal supported: ch=6 rate=1-384000 fmt=I32
2026-02-22T20:10:03.519911Z  INFO cpal supported: ch=7 rate=1-384000 fmt=I32
2026-02-22T20:10:03.519913Z  INFO cpal supported: ch=8 rate=1-384000 fmt=I32
2026-02-22T20:10:03.519915Z  INFO cpal supported: ch=9 rate=1-384000 fmt=I32
2026-02-22T20:10:03.519917Z  INFO cpal supported: ch=10 rate=1-384000 fmt=I32
2026-02-22T20:10:03.519920Z  INFO cpal supported: ch=11 rate=1-384000 fmt=I32
2026-02-22T20:10:03.519922Z  INFO cpal supported: ch=12 rate=1-384000 fmt=I32
2026-02-22T20:10:03.519924Z  INFO cpal supported: ch=13 rate=1-384000 fmt=I32
2026-02-22T20:10:03.519926Z  INFO cpal supported: ch=14 rate=1-384000 fmt=I32
2026-02-22T20:10:03.519928Z  INFO cpal supported: ch=15 rate=1-384000 fmt=I32
2026-02-22T20:10:03.519930Z  INFO cpal supported: ch=16 rate=1-384000 fmt=I32
2026-02-22T20:10:03.519932Z  INFO cpal supported: ch=17 rate=1-384000 fmt=I32
2026-02-22T20:10:03.519934Z  INFO cpal supported: ch=18 rate=1-384000 fmt=I32
2026-02-22T20:10:03.519936Z  INFO cpal supported: ch=19 rate=1-384000 fmt=I32
2026-02-22T20:10:03.519938Z  INFO cpal supported: ch=20 rate=1-384000 fmt=I32
2026-02-22T20:10:03.519940Z  INFO cpal supported: ch=21 rate=1-384000 fmt=I32
2026-02-22T20:10:03.519942Z  INFO cpal supported: ch=22 rate=1-384000 fmt=I32
2026-02-22T20:10:03.519944Z  INFO cpal supported: ch=23 rate=1-384000 fmt=I32
2026-02-22T20:10:03.519946Z  INFO cpal supported: ch=24 rate=1-384000 fmt=I32
2026-02-22T20:10:03.519948Z  INFO cpal supported: ch=25 rate=1-384000 fmt=I32
2026-02-22T20:10:03.519951Z  INFO cpal supported: ch=26 rate=1-384000 fmt=I32
2026-02-22T20:10:03.519953Z  INFO cpal supported: ch=27 rate=1-384000 fmt=I32
2026-02-22T20:10:03.519955Z  INFO cpal supported: ch=28 rate=1-384000 fmt=I32
2026-02-22T20:10:03.519957Z  INFO cpal supported: ch=29 rate=1-384000 fmt=I32
2026-02-22T20:10:03.519960Z  INFO cpal supported: ch=30 rate=1-384000 fmt=I32
2026-02-22T20:10:03.519962Z  INFO cpal supported: ch=31 rate=1-384000 fmt=I32
2026-02-22T20:10:03.519965Z  INFO cpal supported: ch=32 rate=1-384000 fmt=I32
2026-02-22T20:10:03.519967Z  INFO cpal supported: ch=1 rate=1-384000 fmt=F32
2026-02-22T20:10:03.519969Z  INFO cpal supported: ch=2 rate=1-384000 fmt=F32
2026-02-22T20:10:03.519972Z  INFO cpal supported: ch=3 rate=1-384000 fmt=F32
2026-02-22T20:10:03.519974Z  INFO cpal supported: ch=4 rate=1-384000 fmt=F32
2026-02-22T20:10:03.519977Z  INFO cpal supported: ch=5 rate=1-384000 fmt=F32
2026-02-22T20:10:03.519982Z  INFO cpal supported: ch=6 rate=1-384000 fmt=F32
2026-02-22T20:10:03.519987Z  INFO cpal supported: ch=7 rate=1-384000 fmt=F32
2026-02-22T20:10:03.519989Z  INFO cpal supported: ch=8 rate=1-384000 fmt=F32
2026-02-22T20:10:03.519991Z  INFO cpal supported: ch=9 rate=1-384000 fmt=F32
2026-02-22T20:10:03.519994Z  INFO cpal supported: ch=10 rate=1-384000 fmt=F32
2026-02-22T20:10:03.519997Z  INFO cpal supported: ch=11 rate=1-384000 fmt=F32
2026-02-22T20:10:03.520000Z  INFO cpal supported: ch=12 rate=1-384000 fmt=F32
2026-02-22T20:10:03.520002Z  INFO cpal supported: ch=13 rate=1-384000 fmt=F32
2026-02-22T20:10:03.520005Z  INFO cpal supported: ch=14 rate=1-384000 fmt=F32
2026-02-22T20:10:03.520007Z  INFO cpal supported: ch=15 rate=1-384000 fmt=F32
2026-02-22T20:10:03.520011Z  INFO cpal supported: ch=16 rate=1-384000 fmt=F32
2026-02-22T20:10:03.520013Z  INFO cpal supported: ch=17 rate=1-384000 fmt=F32
2026-02-22T20:10:03.520016Z  INFO cpal supported: ch=18 rate=1-384000 fmt=F32
2026-02-22T20:10:03.520018Z  INFO cpal supported: ch=19 rate=1-384000 fmt=F32
2026-02-22T20:10:03.520021Z  INFO cpal supported: ch=20 rate=1-384000 fmt=F32
2026-02-22T20:10:03.520025Z  INFO cpal supported: ch=21 rate=1-384000 fmt=F32
2026-02-22T20:10:03.520029Z  INFO cpal supported: ch=22 rate=1-384000 fmt=F32
2026-02-22T20:10:03.520032Z  INFO cpal supported: ch=23 rate=1-384000 fmt=F32
2026-02-22T20:10:03.520034Z  INFO cpal supported: ch=24 rate=1-384000 fmt=F32
2026-02-22T20:10:03.520038Z  INFO cpal supported: ch=25 rate=1-384000 fmt=F32
2026-02-22T20:10:03.520041Z  INFO cpal supported: ch=26 rate=1-384000 fmt=F32
2026-02-22T20:10:03.520043Z  INFO cpal supported: ch=27 rate=1-384000 fmt=F32
2026-02-22T20:10:03.520045Z  INFO cpal supported: ch=28 rate=1-384000 fmt=F32
2026-02-22T20:10:03.520048Z  INFO cpal supported: ch=29 rate=1-384000 fmt=F32
2026-02-22T20:10:03.520052Z  INFO cpal supported: ch=30 rate=1-384000 fmt=F32
2026-02-22T20:10:03.520054Z  INFO cpal supported: ch=31 rate=1-384000 fmt=F32
2026-02-22T20:10:03.520057Z  INFO cpal supported: ch=32 rate=1-384000 fmt=F32
2026-02-22T20:10:03.520060Z  INFO cpal opening: device="default" ch=2 rate=48000
2026-02-22T20:10:03.715153Z  INFO Downloading ACE-Step v1.5 models from HuggingFace...
2026-02-22T20:10:03.715248Z  INFO All models downloaded successfully
2026-02-22T20:10:03.715550Z  INFO Loading tokenizer...
2026-02-22T20:10:04.054801Z  INFO Loading Qwen3 text encoder...
2026-02-22T20:10:04.447364Z  INFO Loading DiT generation model...
2026-02-22T20:10:05.597343Z  INFO Loading VAE decoder...
2026-02-22T20:10:05.643821Z  INFO Loading silence latent...
2026-02-22T20:10:05.651835Z  INFO Loaded silence_latent: shape [1, 15000, 64], dtype F32
2026-02-22T20:10:05.651869Z  INFO Pipeline loaded successfully
2026-02-22T20:10:05.659139Z  INFO next_step: caption="melodic electronic, lush pads, warm bassline, hypnotic groov" lyrics_len=95 bpm=Some(120)
2026-02-22T20:10:05.659155Z  INFO Pipeline ready
2026-02-22T20:10:05.659163Z  INFO === Sliding window step 0 (pos=0s window=240s step=15s is_first=true) ===
2026-02-22T20:10:05.659837Z  INFO   metas: pos=0s duration=240s mode=Advancing bpm=Some(120) key=Some("F major")
2026-02-22T20:10:05.710120Z  INFO Generating chunk (6000 frames, 240.0s)...
2026-02-22T20:10:12.609188Z  INFO Diffusion (8 ODE steps): 6.90s
2026-02-22T20:10:17.776149Z  INFO VAE decode: 5.17s
2026-02-22T20:10:18.289861Z  INFO Total chunk: 12.63s
2026-02-22T20:10:18.311109Z  INFO next_step: caption="melodic electronic, lush pads, warm bassline, hypnotic groov" lyrics_len=95 bpm=Some(120)
2026-02-22T20:10:18.311120Z  INFO Playback started (first chunk in ring)
2026-02-22T20:10:18.311149Z  INFO === Sliding window step 1 (pos=15s window=240s step=15s is_first=false) ===
2026-02-22T20:10:18.311166Z  INFO event:step step=0 pos=0s audio=15.0s gen=12.65s step_s=15s window_s=240s
2026-02-22T20:10:18.311314Z  INFO   metas: pos=15s duration=255s mode=Advancing bpm=Some(120) key=Some("F major")
2026-02-22T20:10:18.345909Z  INFO Generating chunk (6000 frames, 240.0s)...
2026-02-22T20:10:25.208856Z  INFO Diffusion (8 ODE steps): 6.86s
2026-02-22T20:10:30.193094Z  INFO VAE decode: 4.98s
2026-02-22T20:10:30.694785Z  INFO Total chunk: 12.38s
2026-02-22T20:10:30.712714Z  INFO next_step: caption="melodic electronic, lush pads, warm bassline, hypnotic groov" lyrics_len=95 bpm=Some(120)
2026-02-22T20:10:30.712741Z  INFO event:step step=1 pos=15s audio=15.0s gen=12.40s step_s=15s window_s=240s
2026-02-22T20:10:30.712755Z  INFO === Sliding window step 2 (pos=30s window=240s step=15s is_first=false) ===
2026-02-22T20:10:30.712912Z  INFO   metas: pos=30s duration=270s mode=Advancing bpm=Some(120) key=Some("F major")
2026-02-22T20:10:30.746716Z  INFO Generating chunk (6000 frames, 240.0s)...
2026-02-22T20:10:37.476445Z  INFO Diffusion (8 ODE steps): 6.73s
2026-02-22T20:10:42.480899Z  INFO VAE decode: 5.00s
2026-02-22T20:10:42.976381Z  INFO Total chunk: 12.26s
2026-02-22T20:10:42.993847Z  INFO next_step: caption="melodic electronic, lush pads, warm bassline, hypnotic groov" lyrics_len=95 bpm=Some(120)
2026-02-22T20:10:42.993876Z  INFO event:step step=2 pos=30s audio=15.0s gen=12.28s step_s=15s window_s=240s
2026-02-22T20:10:42.993889Z  INFO === Sliding window step 3 (pos=45s window=240s step=15s is_first=false) ===
2026-02-22T20:10:42.994041Z  INFO   metas: pos=45s duration=285s mode=Advancing bpm=Some(120) key=Some("F major")
2026-02-22T20:10:43.027567Z  INFO Generating chunk (6000 frames, 240.0s)...
2026-02-22T20:10:49.765792Z  INFO Diffusion (8 ODE steps): 6.74s
2026-02-22T20:10:54.807403Z  INFO VAE decode: 5.04s
2026-02-22T20:10:55.314167Z  INFO Total chunk: 12.32s
2026-02-22T20:10:55.329696Z  INFO next_step: caption="melodic electronic, lush pads, warm bassline, hypnotic groov" lyrics_len=95 bpm=Some(120)
2026-02-22T20:10:55.329722Z  INFO event:step step=3 pos=45s audio=15.0s gen=12.33s step_s=15s window_s=240s
2026-02-22T20:10:55.329736Z  INFO === Sliding window step 4 (pos=60s window=240s step=15s is_first=false) ===
2026-02-22T20:10:55.329888Z  INFO   metas: pos=60s duration=300s mode=Advancing bpm=Some(120) key=Some("F major")
2026-02-22T20:10:55.363545Z  INFO Generating chunk (6000 frames, 240.0s)...
2026-02-22T20:11:02.455488Z  INFO Diffusion (8 ODE steps): 7.09s
2026-02-22T20:11:07.648752Z  INFO VAE decode: 5.19s
2026-02-22T20:11:08.152625Z  INFO Total chunk: 12.82s
2026-02-22T20:11:08.167367Z  INFO next_step: caption="melodic electronic, lush pads, warm bassline, hypnotic groov" lyrics_len=95 bpm=Some(120)
2026-02-22T20:11:08.167394Z  INFO event:step step=4 pos=60s audio=15.0s gen=12.84s step_s=15s window_s=240s
2026-02-22T20:11:08.167405Z  INFO === Sliding window step 5 (pos=75s window=240s step=15s is_first=false) ===
2026-02-22T20:11:08.167545Z  INFO   metas: pos=75s duration=315s mode=Advancing bpm=Some(120) key=Some("F major")
2026-02-22T20:11:08.202029Z  INFO Generating chunk (6000 frames, 240.0s)...
2026-02-22T20:11:15.290721Z  INFO Diffusion (8 ODE steps): 7.09s
2026-02-22T20:11:20.673061Z  INFO VAE decode: 5.38s
2026-02-22T20:11:21.204858Z  INFO Total chunk: 13.04s
2026-02-22T20:11:21.222883Z  INFO next_step: caption="melodic electronic, lush pads, warm bassline, hypnotic groov" lyrics_len=95 bpm=Some(120)
2026-02-22T20:11:21.222907Z  INFO event:step step=5 pos=75s audio=15.0s gen=13.05s step_s=15s window_s=240s
2026-02-22T20:11:21.222918Z  INFO === Sliding window step 6 (pos=90s window=240s step=15s is_first=false) ===
2026-02-22T20:11:21.223061Z  INFO   metas: pos=90s duration=330s mode=Advancing bpm=Some(120) key=Some("F major")
2026-02-22T20:11:21.258637Z  INFO Generating chunk (6000 frames, 240.0s)...
2026-02-22T20:11:28.540428Z  INFO Diffusion (8 ODE steps): 7.28s
2026-02-22T20:11:33.819995Z  INFO VAE decode: 5.28s
2026-02-22T20:11:34.344167Z  INFO Total chunk: 13.12s
2026-02-22T20:11:34.362097Z  INFO next_step: caption="melodic electronic, lush pads, warm bassline, hypnotic groov" lyrics_len=95 bpm=Some(120)
2026-02-22T20:11:34.362128Z  INFO event:step step=6 pos=90s audio=15.0s gen=13.14s step_s=15s window_s=240s
2026-02-22T20:11:34.362135Z  INFO === Sliding window step 7 (pos=105s window=240s step=15s is_first=false) ===
2026-02-22T20:11:34.362313Z  INFO   metas: pos=105s duration=345s mode=Advancing bpm=Some(120) key=Some("F major")
2026-02-22T20:11:34.397037Z  INFO Generating chunk (6000 frames, 240.0s)...
2026-02-22T20:11:41.591661Z  INFO Diffusion (8 ODE steps): 7.19s
2026-02-22T20:11:46.893664Z  INFO VAE decode: 5.30s
2026-02-22T20:11:47.406260Z  INFO Total chunk: 13.04s
2026-02-22T20:11:48.300991Z  INFO next_step: caption="melodic electronic, lush pads, warm bassline, hypnotic groov" lyrics_len=95 bpm=Some(120)
2026-02-22T20:11:48.301013Z  INFO event:step step=7 pos=105s audio=15.0s gen=13.06s step_s=15s window_s=240s
2026-02-22T20:11:48.301026Z  INFO === Sliding window step 8 (pos=120s window=240s step=15s is_first=false) ===
2026-02-22T20:11:48.301183Z  INFO   metas: pos=120s duration=360s mode=Advancing bpm=Some(120) key=Some("F major")
2026-02-22T20:11:48.335787Z  INFO Generating chunk (6000 frames, 240.0s)...
2026-02-22T20:11:55.552503Z  INFO Diffusion (8 ODE steps): 7.21s
2026-02-22T20:12:00.880315Z  INFO VAE decode: 5.33s
2026-02-22T20:12:01.399274Z  INFO Total chunk: 13.10s
2026-02-22T20:12:03.277347Z  INFO next_step: caption="melodic electronic, lush pads, warm bassline, hypnotic groov" lyrics_len=95 bpm=Some(120)
2026-02-22T20:12:03.277370Z  INFO event:step step=8 pos=120s audio=15.0s gen=13.11s step_s=15s window_s=240s
2026-02-22T20:12:03.277383Z  INFO === Sliding window step 9 (pos=135s window=240s step=15s is_first=false) ===
2026-02-22T20:12:03.277540Z  INFO   metas: pos=135s duration=375s mode=Advancing bpm=Some(120) key=Some("F major")
2026-02-22T20:12:03.312860Z  INFO Generating chunk (6000 frames, 240.0s)...
2026-02-22T20:12:10.559973Z  INFO Diffusion (8 ODE steps): 7.24s
2026-02-22T20:12:15.904901Z  INFO VAE decode: 5.34s
2026-02-22T20:12:16.433934Z  INFO Total chunk: 13.16s
2026-02-22T20:12:18.295700Z  INFO next_step: caption="melodic electronic, lush pads, warm bassline, hypnotic groov" lyrics_len=95 bpm=Some(120)
2026-02-22T20:12:18.295725Z  INFO event:step step=9 pos=135s audio=15.0s gen=13.18s step_s=15s window_s=240s
2026-02-22T20:12:18.295746Z  INFO === Sliding window step 10 (pos=150s window=240s step=15s is_first=false) ===
2026-02-22T20:12:18.295920Z  INFO   metas: pos=150s duration=390s mode=Advancing bpm=Some(120) key=Some("F major")
2026-02-22T20:12:18.332840Z  INFO Generating chunk (6000 frames, 240.0s)...
2026-02-22T20:12:25.723409Z  INFO Diffusion (8 ODE steps): 7.39s
2026-02-22T20:12:31.116422Z  INFO VAE decode: 5.39s
2026-02-22T20:12:31.622137Z  INFO Total chunk: 13.33s
2026-02-22T20:12:33.314499Z  INFO next_step: caption="melodic electronic, lush pads, warm bassline, hypnotic groov" lyrics_len=95 bpm=Some(120)
2026-02-22T20:12:33.314520Z  INFO event:step step=10 pos=150s audio=15.0s gen=13.34s step_s=15s window_s=240s
2026-02-22T20:12:33.314536Z  INFO === Sliding window step 11 (pos=165s window=240s step=15s is_first=false) ===
2026-02-22T20:12:33.314701Z  INFO   metas: pos=165s duration=405s mode=Advancing bpm=Some(120) key=Some("F major")
2026-02-22T20:12:33.350592Z  INFO Generating chunk (6000 frames, 240.0s)...
2026-02-22T20:12:40.411153Z  INFO Diffusion (8 ODE steps): 7.06s
2026-02-22T20:12:45.601269Z  INFO VAE decode: 5.19s
2026-02-22T20:12:46.117444Z  INFO Total chunk: 12.80s
2026-02-22T20:12:48.291501Z  INFO next_step: caption="melodic electronic, lush pads, warm bassline, hypnotic groov" lyrics_len=95 bpm=Some(120)
2026-02-22T20:12:48.291521Z  INFO event:step step=11 pos=165s audio=15.0s gen=12.82s step_s=15s window_s=240s
2026-02-22T20:12:48.291530Z  INFO === Sliding window step 12 (pos=180s window=240s step=15s is_first=false) ===
2026-02-22T20:12:48.291689Z  INFO   metas: pos=180s duration=420s mode=Advancing bpm=Some(120) key=Some("F major")
2026-02-22T20:12:48.326056Z  INFO Generating chunk (6000 frames, 240.0s)...
2026-02-22T20:12:55.469160Z  INFO Diffusion (8 ODE steps): 7.14s
2026-02-22T20:13:00.724254Z  INFO VAE decode: 5.26s
2026-02-22T20:13:01.252768Z  INFO Total chunk: 12.96s
2026-02-22T20:13:03.309641Z  INFO next_step: caption="melodic electronic, lush pads, warm bassline, hypnotic groov" lyrics_len=95 bpm=Some(120)
2026-02-22T20:13:03.309662Z  INFO event:step step=12 pos=180s audio=15.0s gen=12.98s step_s=15s window_s=240s
2026-02-22T20:13:03.309693Z  INFO === Sliding window step 13 (pos=195s window=240s step=15s is_first=false) ===
2026-02-22T20:13:03.309849Z  INFO   metas: pos=195s duration=435s mode=Advancing bpm=Some(120) key=Some("F major")
2026-02-22T20:13:03.345594Z  INFO Generating chunk (6000 frames, 240.0s)...
2026-02-22T20:13:10.583779Z  INFO Diffusion (8 ODE steps): 7.24s
2026-02-22T20:13:15.906842Z  INFO VAE decode: 5.32s
2026-02-22T20:13:16.437494Z  INFO Total chunk: 13.13s
2026-02-22T20:13:18.285641Z  INFO next_step: caption="melodic electronic, lush pads, warm bassline, hypnotic groov" lyrics_len=95 bpm=Some(120)
2026-02-22T20:13:18.285665Z  INFO event:step step=13 pos=195s audio=15.0s gen=13.14s step_s=15s window_s=240s
2026-02-22T20:13:18.285679Z  INFO === Sliding window step 14 (pos=210s window=240s step=15s is_first=false) ===
2026-02-22T20:13:18.285850Z  INFO   metas: pos=210s duration=450s mode=Advancing bpm=Some(120) key=Some("F major")
2026-02-22T20:13:18.320443Z  INFO Generating chunk (6000 frames, 240.0s)...
2026-02-22T20:13:25.483543Z  INFO Diffusion (8 ODE steps): 7.16s
2026-02-22T20:13:30.716970Z  INFO VAE decode: 5.23s
2026-02-22T20:13:31.229867Z  INFO Total chunk: 12.94s
2026-02-22T20:13:33.304212Z  INFO next_step: caption="melodic electronic, lush pads, warm bassline, hypnotic groov" lyrics_len=95 bpm=Some(120)
2026-02-22T20:13:33.304234Z  INFO event:step step=14 pos=210s audio=15.0s gen=12.96s step_s=15s window_s=240s
2026-02-22T20:13:33.304246Z  INFO === Sliding window step 15 (pos=225s window=240s step=15s is_first=false) ===
2026-02-22T20:13:33.304410Z  INFO   metas: pos=225s duration=465s mode=Advancing bpm=Some(120) key=Some("F major")
2026-02-22T20:13:33.339607Z  INFO Generating chunk (6000 frames, 240.0s)...
2026-02-22T20:13:40.645243Z  INFO Diffusion (8 ODE steps): 7.30s
2026-02-22T20:13:45.981840Z  INFO VAE decode: 5.34s
2026-02-22T20:13:46.499506Z  INFO Total chunk: 13.20s
2026-02-22T20:13:48.280363Z  INFO next_step: caption="melodic electronic, lush pads, warm bassline, hypnotic groov" lyrics_len=95 bpm=Some(120)
2026-02-22T20:13:48.280383Z  INFO event:step step=15 pos=225s audio=15.0s gen=13.21s step_s=15s window_s=240s
2026-02-22T20:13:48.280403Z  INFO === Sliding window step 16 (pos=240s window=240s step=15s is_first=false) ===
2026-02-22T20:13:48.280611Z  INFO   metas: pos=240s duration=480s mode=Advancing bpm=Some(120) key=Some("F major")
2026-02-22T20:13:48.315009Z  INFO Generating chunk (6000 frames, 240.0s)...
2026-02-22T20:13:55.527014Z  INFO Diffusion (8 ODE steps): 7.21s
2026-02-22T20:14:00.809941Z  INFO VAE decode: 5.28s
2026-02-22T20:14:01.339507Z  INFO Total chunk: 13.06s
2026-02-22T20:14:03.299971Z  INFO next_step: caption="melodic electronic, lush pads, warm bassline, hypnotic groov" lyrics_len=95 bpm=Some(120)
2026-02-22T20:14:03.299987Z  INFO event:step step=16 pos=240s audio=15.0s gen=13.07s step_s=15s window_s=240s
2026-02-22T20:14:03.300002Z  INFO === Sliding window step 17 (pos=255s window=240s step=15s is_first=false) ===
2026-02-22T20:14:03.300157Z  INFO   metas: pos=255s duration=495s mode=Advancing bpm=Some(120) key=Some("F major")
2026-02-22T20:14:03.335726Z  INFO Generating chunk (6000 frames, 240.0s)...
2026-02-22T20:14:10.762418Z  INFO Diffusion (8 ODE steps): 7.42s
2026-02-22T20:14:16.113295Z  INFO VAE decode: 5.35s
2026-02-22T20:14:16.637677Z  INFO Total chunk: 13.34s
2026-02-22T20:14:18.275685Z  INFO next_step: caption="melodic electronic, lush pads, warm bassline, hypnotic groov" lyrics_len=95 bpm=Some(120)
2026-02-22T20:14:18.275709Z  INFO event:step step=17 pos=255s audio=15.0s gen=13.35s step_s=15s window_s=240s
2026-02-22T20:14:18.275717Z  INFO === Sliding window step 18 (pos=270s window=240s step=15s is_first=false) ===
2026-02-22T20:14:18.275878Z  INFO   metas: pos=270s duration=510s mode=Advancing bpm=Some(120) key=Some("F major")
2026-02-22T20:14:18.309989Z  INFO Generating chunk (6000 frames, 240.0s)...
2026-02-22T20:14:25.716164Z  INFO Diffusion (8 ODE steps): 7.40s
2026-02-22T20:14:31.129106Z  INFO VAE decode: 5.41s
2026-02-22T20:14:31.661357Z  INFO Total chunk: 13.39s
2026-02-22T20:14:33.293911Z  INFO next_step: caption="melodic electronic, lush pads, warm bassline, hypnotic groov" lyrics_len=95 bpm=Some(120)
2026-02-22T20:14:33.293929Z  INFO event:step step=18 pos=270s audio=15.0s gen=13.40s step_s=15s window_s=240s
2026-02-22T20:14:33.293942Z  INFO === Sliding window step 19 (pos=285s window=240s step=15s is_first=false) ===
2026-02-22T20:14:33.294104Z  INFO   metas: pos=285s duration=525s mode=Advancing bpm=Some(120) key=Some("F major")
2026-02-22T20:14:33.327476Z  INFO Generating chunk (6000 frames, 240.0s)...
2026-02-22T20:14:40.556505Z  INFO Diffusion (8 ODE steps): 7.23s
2026-02-22T20:14:46.023133Z  INFO VAE decode: 5.47s
2026-02-22T20:14:46.546195Z  INFO Total chunk: 13.25s
2026-02-22T20:14:48.313439Z  INFO next_step: caption="melodic electronic, lush pads, warm bassline, hypnotic groov" lyrics_len=95 bpm=Some(120)
2026-02-22T20:14:48.313459Z  INFO event:step step=19 pos=285s audio=15.0s gen=13.27s step_s=15s window_s=240s
2026-02-22T20:14:48.313471Z  INFO === Sliding window step 20 (pos=300s window=240s step=15s is_first=false) ===
2026-02-22T20:14:48.313631Z  INFO   metas: pos=300s duration=540s mode=Advancing bpm=Some(120) key=Some("F major")
2026-02-22T20:14:48.348093Z  INFO Generating chunk (6000 frames, 240.0s)...
2026-02-22T20:14:55.682310Z  INFO Diffusion (8 ODE steps): 7.33s
2026-02-22T20:15:01.128661Z  INFO VAE decode: 5.45s
2026-02-22T20:15:01.652100Z  INFO Total chunk: 13.34s
2026-02-22T20:15:03.289374Z  INFO next_step: caption="melodic electronic, lush pads, warm bassline, hypnotic groov" lyrics_len=95 bpm=Some(120)
2026-02-22T20:15:03.289394Z  INFO event:step step=20 pos=300s audio=15.0s gen=13.36s step_s=15s window_s=240s
2026-02-22T20:15:03.289408Z  INFO === Sliding window step 21 (pos=315s window=240s step=15s is_first=false) ===
2026-02-22T20:15:03.289557Z  INFO   metas: pos=315s duration=555s mode=Advancing bpm=Some(120) key=Some("F major")
2026-02-22T20:15:03.325308Z  INFO Generating chunk (6000 frames, 240.0s)...
2026-02-22T20:15:10.843002Z  INFO Diffusion (8 ODE steps): 7.51s
2026-02-22T20:15:16.336351Z  INFO VAE decode: 5.49s
2026-02-22T20:15:16.859561Z  INFO Total chunk: 13.57s
2026-02-22T20:15:18.307856Z  INFO next_step: caption="melodic electronic, lush pads, warm bassline, hypnotic groov" lyrics_len=95 bpm=Some(120)
2026-02-22T20:15:18.307881Z  INFO event:step step=21 pos=315s audio=15.0s gen=13.58s step_s=15s window_s=240s
2026-02-22T20:15:18.307896Z  INFO === Sliding window step 22 (pos=330s window=240s step=15s is_first=false) ===
2026-02-22T20:15:18.308071Z  INFO   metas: pos=330s duration=570s mode=Advancing bpm=Some(120) key=Some("F major")
2026-02-22T20:15:18.342758Z  INFO Generating chunk (6000 frames, 240.0s)...
2026-02-22T20:15:25.941497Z  INFO Diffusion (8 ODE steps): 7.60s
2026-02-22T20:15:31.400087Z  INFO VAE decode: 5.46s
2026-02-22T20:15:31.928277Z  INFO Total chunk: 13.62s
2026-02-22T20:15:33.283657Z  INFO next_step: caption="melodic electronic, lush pads, warm bassline, hypnotic groov" lyrics_len=95 bpm=Some(120)
2026-02-22T20:15:33.283679Z  INFO event:step step=22 pos=330s audio=15.0s gen=13.64s step_s=15s window_s=240s
2026-02-22T20:15:33.283691Z  INFO === Sliding window step 23 (pos=345s window=240s step=15s is_first=false) ===
2026-02-22T20:15:33.283850Z  INFO   metas: pos=345s duration=585s mode=Advancing bpm=Some(120) key=Some("F major")
2026-02-22T20:15:33.317896Z  INFO Generating chunk (6000 frames, 240.0s)...
2026-02-22T20:15:40.866216Z  INFO Diffusion (8 ODE steps): 7.55s
2026-02-22T20:15:46.333457Z  INFO VAE decode: 5.47s
2026-02-22T20:15:46.855892Z  INFO Total chunk: 13.57s
2026-02-22T20:15:48.302399Z  INFO next_step: caption="melodic electronic, lush pads, warm bassline, hypnotic groov" lyrics_len=95 bpm=Some(120)
2026-02-22T20:15:48.302418Z  INFO event:step step=23 pos=345s audio=15.0s gen=13.59s step_s=15s window_s=240s
2026-02-22T20:15:48.302435Z  INFO SlidingWindowGenerator: position wrap 360s → 15s (max=600s)
2026-02-22T20:15:48.302455Z  INFO === Sliding window step 24 (pos=15s window=240s step=15s is_first=false) ===
2026-02-22T20:15:48.302614Z  INFO   metas: pos=15s duration=255s mode=Advancing bpm=Some(120) key=Some("F major")
2026-02-22T20:15:48.337938Z  INFO Generating chunk (6000 frames, 240.0s)...
2026-02-22T20:15:55.885455Z  INFO Diffusion (8 ODE steps): 7.54s
2026-02-22T20:16:01.361999Z  INFO VAE decode: 5.48s
2026-02-22T20:16:01.902315Z  INFO Total chunk: 13.60s
2026-02-22T20:16:03.278908Z  INFO next_step: caption="melodic electronic, lush pads, warm bassline, hypnotic groov" lyrics_len=95 bpm=Some(120)
2026-02-22T20:16:03.278934Z  INFO event:step step=24 pos=15s audio=15.0s gen=13.61s step_s=15s window_s=240s
2026-02-22T20:16:03.278947Z  INFO === Sliding window step 25 (pos=30s window=240s step=15s is_first=false) ===
2026-02-22T20:16:03.279111Z  INFO   metas: pos=30s duration=270s mode=Advancing bpm=Some(120) key=Some("F major")
2026-02-22T20:16:03.314483Z  INFO Generating chunk (6000 frames, 240.0s)...
2026-02-22T20:16:11.074368Z  INFO Diffusion (8 ODE steps): 7.76s
2026-02-22T20:16:16.747088Z  INFO VAE decode: 5.67s
2026-02-22T20:16:17.305102Z  INFO Total chunk: 14.03s
2026-02-22T20:16:18.297905Z  INFO next_step: caption="melodic electronic, lush pads, warm bassline, hypnotic groov" lyrics_len=95 bpm=Some(120)
2026-02-22T20:16:18.297928Z  INFO event:step step=25 pos=30s audio=15.0s gen=14.04s step_s=15s window_s=240s
2026-02-22T20:16:18.297941Z  INFO === Sliding window step 26 (pos=45s window=240s step=15s is_first=false) ===
2026-02-22T20:16:18.298101Z  INFO   metas: pos=45s duration=285s mode=Advancing bpm=Some(120) key=Some("F major")
2026-02-22T20:16:18.334128Z  INFO Generating chunk (6000 frames, 240.0s)...
2026-02-22T20:16:26.186860Z  INFO Diffusion (8 ODE steps): 7.85s
2026-02-22T20:16:31.842804Z  INFO VAE decode: 5.66s
2026-02-22T20:16:32.379371Z  INFO Total chunk: 14.08s
2026-02-22T20:16:33.316116Z  INFO next_step: caption="melodic electronic, lush pads, warm bassline, hypnotic groov" lyrics_len=95 bpm=Some(120)
2026-02-22T20:16:33.316147Z  INFO event:step step=26 pos=45s audio=15.0s gen=14.10s step_s=15s window_s=240s
2026-02-22T20:16:33.316155Z  INFO === Sliding window step 27 (pos=60s window=240s step=15s is_first=false) ===
2026-02-22T20:16:33.316328Z  INFO   metas: pos=60s duration=300s mode=Advancing bpm=Some(120) key=Some("F major")
2026-02-22T20:16:33.351631Z  INFO Generating chunk (6000 frames, 240.0s)...
2026-02-22T20:16:40.938454Z  INFO Diffusion (8 ODE steps): 7.58s
2026-02-22T20:16:46.502644Z  INFO VAE decode: 5.56s
2026-02-22T20:16:47.032493Z  INFO Total chunk: 13.72s
2026-02-22T20:16:48.292184Z  INFO next_step: caption="melodic electronic, lush pads, warm bassline, hypnotic groov" lyrics_len=95 bpm=Some(120)
2026-02-22T20:16:48.292210Z  INFO event:step step=27 pos=60s audio=15.0s gen=13.73s step_s=15s window_s=240s
2026-02-22T20:16:48.292218Z  INFO === Sliding window step 28 (pos=75s window=240s step=15s is_first=false) ===
2026-02-22T20:16:48.292378Z  INFO   metas: pos=75s duration=315s mode=Advancing bpm=Some(120) key=Some("F major")
2026-02-22T20:16:48.326639Z  INFO Generating chunk (6000 frames, 240.0s)...
2026-02-22T20:16:56.082061Z  INFO Diffusion (8 ODE steps): 7.75s
2026-02-22T20:17:01.645702Z  INFO VAE decode: 5.56s
2026-02-22T20:17:02.177699Z  INFO Total chunk: 13.89s
2026-02-22T20:17:03.311487Z  INFO next_step: caption="melodic electronic, lush pads, warm bassline, hypnotic groov" lyrics_len=95 bpm=Some(120)
2026-02-22T20:17:03.311507Z  INFO event:step step=28 pos=75s audio=15.0s gen=13.90s step_s=15s window_s=240s
2026-02-22T20:17:03.311524Z  INFO === Sliding window step 29 (pos=90s window=240s step=15s is_first=false) ===
2026-02-22T20:17:03.311707Z  INFO   metas: pos=90s duration=330s mode=Advancing bpm=Some(120) key=Some("F major")
2026-02-22T20:17:03.347966Z  INFO Generating chunk (6000 frames, 240.0s)...
2026-02-22T20:17:10.999387Z  INFO Diffusion (8 ODE steps): 7.65s
2026-02-22T20:17:16.599212Z  INFO VAE decode: 5.60s
2026-02-22T20:17:17.135045Z  INFO Total chunk: 13.82s
2026-02-22T20:17:18.287095Z  INFO next_step: caption="melodic electronic, lush pads, warm bassline, hypnotic groov" lyrics_len=95 bpm=Some(120)
2026-02-22T20:17:18.287117Z  INFO event:step step=29 pos=90s audio=15.0s gen=13.84s step_s=15s window_s=240s
2026-02-22T20:17:18.287124Z  INFO === Sliding window step 30 (pos=105s window=240s step=15s is_first=false) ===
2026-02-22T20:17:18.287282Z  INFO   metas: pos=105s duration=345s mode=Advancing bpm=Some(120) key=Some("F major")
2026-02-22T20:17:18.323495Z  INFO Generating chunk (6000 frames, 240.0s)...
2026-02-22T20:17:26.040405Z  INFO Diffusion (8 ODE steps): 7.71s
2026-02-22T20:17:31.632970Z  INFO VAE decode: 5.59s
2026-02-22T20:17:32.168905Z  INFO Total chunk: 13.88s
2026-02-22T20:17:33.305745Z  INFO next_step: caption="melodic electronic, lush pads, warm bassline, hypnotic groov" lyrics_len=95 bpm=Some(120)
2026-02-22T20:17:33.305762Z  INFO event:step step=30 pos=105s audio=15.0s gen=13.90s step_s=15s window_s=240s
2026-02-22T20:17:33.305776Z  INFO === Sliding window step 31 (pos=120s window=240s step=15s is_first=false) ===
2026-02-22T20:17:33.305930Z  INFO   metas: pos=120s duration=360s mode=Advancing bpm=Some(120) key=Some("F major")
2026-02-22T20:17:33.340908Z  INFO Generating chunk (6000 frames, 240.0s)...
2026-02-22T20:17:41.192000Z  INFO Diffusion (8 ODE steps): 7.85s
2026-02-22T20:17:46.910877Z  INFO VAE decode: 5.72s
2026-02-22T20:17:47.448505Z  INFO Total chunk: 14.14s
2026-02-22T20:17:48.281820Z  INFO next_step: caption="melodic electronic, lush pads, warm bassline, hypnotic groov" lyrics_len=95 bpm=Some(120)
2026-02-22T20:17:48.281847Z  INFO event:step step=31 pos=120s audio=15.0s gen=14.16s step_s=15s window_s=240s
2026-02-22T20:17:48.281855Z  INFO === Sliding window step 32 (pos=135s window=240s step=15s is_first=false) ===
2026-02-22T20:17:48.282030Z  INFO   metas: pos=135s duration=375s mode=Advancing bpm=Some(120) key=Some("F major")
2026-02-22T20:17:48.317926Z  INFO Generating chunk (6000 frames, 240.0s)...
2026-02-22T20:17:56.099238Z  INFO Diffusion (8 ODE steps): 7.78s
2026-02-22T20:18:01.685580Z  INFO VAE decode: 5.59s
2026-02-22T20:18:02.222455Z  INFO Total chunk: 13.94s
2026-02-22T20:18:03.300341Z  INFO next_step: caption="melodic electronic, lush pads, warm bassline, hypnotic groov" lyrics_len=95 bpm=Some(120)
2026-02-22T20:18:03.300365Z  INFO event:step step=32 pos=135s audio=15.0s gen=13.96s step_s=15s window_s=240s
2026-02-22T20:18:03.300386Z  INFO === Sliding window step 33 (pos=150s window=240s step=15s is_first=false) ===
2026-02-22T20:18:03.300573Z  INFO   metas: pos=150s duration=390s mode=Advancing bpm=Some(120) key=Some("F major")
2026-02-22T20:18:03.335625Z  INFO Generating chunk (6000 frames, 240.0s)...
2026-02-22T20:18:11.032595Z  INFO Diffusion (8 ODE steps): 7.69s
2026-02-22T20:18:16.622838Z  INFO VAE decode: 5.59s
2026-02-22T20:18:17.159787Z  INFO Total chunk: 13.86s
2026-02-22T20:18:18.276591Z  INFO next_step: caption="melodic electronic, lush pads, warm bassline, hypnotic groov" lyrics_len=95 bpm=Some(120)
2026-02-22T20:18:18.276619Z  INFO event:step step=33 pos=150s audio=15.0s gen=13.88s step_s=15s window_s=240s
2026-02-22T20:18:18.276639Z  INFO === Sliding window step 34 (pos=165s window=240s step=15s is_first=false) ===
2026-02-22T20:18:18.276803Z  INFO   metas: pos=165s duration=405s mode=Advancing bpm=Some(120) key=Some("F major")
2026-02-22T20:18:18.311951Z  INFO Generating chunk (6000 frames, 240.0s)...
2026-02-22T20:18:26.162869Z  INFO Diffusion (8 ODE steps): 7.85s
2026-02-22T20:18:31.840676Z  INFO VAE decode: 5.68s
2026-02-22T20:18:32.378794Z  INFO Total chunk: 14.10s
2026-02-22T20:18:33.295750Z  INFO next_step: caption="melodic electronic, lush pads, warm bassline, hypnotic groov" lyrics_len=95 bpm=Some(120)
2026-02-22T20:18:33.295773Z  INFO event:step step=34 pos=165s audio=15.0s gen=14.12s step_s=15s window_s=240s
2026-02-22T20:18:33.295785Z  INFO === Sliding window step 35 (pos=180s window=240s step=15s is_first=false) ===
2026-02-22T20:18:33.295968Z  INFO   metas: pos=180s duration=420s mode=Advancing bpm=Some(120) key=Some("F major")
2026-02-22T20:18:33.329949Z  INFO Generating chunk (6000 frames, 240.0s)...
2026-02-22T20:18:41.220819Z  INFO Diffusion (8 ODE steps): 7.89s
2026-02-22T20:18:46.894486Z  INFO VAE decode: 5.67s
2026-02-22T20:18:47.442114Z  INFO Total chunk: 14.15s
2026-02-22T20:18:48.314222Z  INFO next_step: caption="melodic electronic, lush pads, warm bassline, hypnotic groov" lyrics_len=95 bpm=Some(120)
2026-02-22T20:18:48.314247Z  INFO event:step step=35 pos=180s audio=15.0s gen=14.16s step_s=15s window_s=240s
2026-02-22T20:18:48.314263Z  INFO === Sliding window step 36 (pos=195s window=240s step=15s is_first=false) ===
2026-02-22T20:18:48.314422Z  INFO   metas: pos=195s duration=435s mode=Advancing bpm=Some(120) key=Some("F major")
2026-02-22T20:18:48.349530Z  INFO Generating chunk (6000 frames, 240.0s)...
2026-02-22T20:18:56.328388Z  INFO Diffusion (8 ODE steps): 7.98s
2026-02-22T20:19:02.014806Z  INFO VAE decode: 5.69s
2026-02-22T20:19:02.558282Z  INFO Total chunk: 14.24s
2026-02-22T20:19:03.290696Z  INFO next_step: caption="melodic electronic, lush pads, warm bassline, hypnotic groov" lyrics_len=95 bpm=Some(120)
2026-02-22T20:19:03.290720Z  INFO event:step step=36 pos=195s audio=15.0s gen=14.26s step_s=15s window_s=240s
2026-02-22T20:19:03.290727Z  INFO === Sliding window step 37 (pos=210s window=240s step=15s is_first=false) ===
2026-02-22T20:19:03.290906Z  INFO   metas: pos=210s duration=450s mode=Advancing bpm=Some(120) key=Some("F major")
2026-02-22T20:19:03.326042Z  INFO Generating chunk (6000 frames, 240.0s)...
2026-02-22T20:19:11.302216Z  INFO Diffusion (8 ODE steps): 7.97s
2026-02-22T20:19:17.061683Z  INFO VAE decode: 5.76s
2026-02-22T20:19:17.615989Z  INFO Total chunk: 14.33s
2026-02-22T20:19:18.309002Z  INFO next_step: caption="melodic electronic, lush pads, warm bassline, hypnotic groov" lyrics_len=95 bpm=Some(120)
2026-02-22T20:19:18.309036Z  INFO event:step step=37 pos=210s audio=15.0s gen=14.34s step_s=15s window_s=240s
2026-02-22T20:19:18.309064Z  INFO === Sliding window step 38 (pos=225s window=240s step=15s is_first=false) ===
2026-02-22T20:19:18.309285Z  INFO   metas: pos=225s duration=465s mode=Advancing bpm=Some(120) key=Some("F major")
2026-02-22T20:19:18.347653Z  INFO Generating chunk (6000 frames, 240.0s)...
2026-02-22T20:19:26.273853Z  INFO Diffusion (8 ODE steps): 7.92s
2026-02-22T20:19:31.912712Z  INFO VAE decode: 5.64s
2026-02-22T20:19:32.456052Z  INFO Total chunk: 14.15s
2026-02-22T20:19:33.284853Z  INFO next_step: caption="melodic electronic, lush pads, warm bassline, hypnotic groov" lyrics_len=95 bpm=Some(120)
2026-02-22T20:19:33.284874Z  INFO event:step step=38 pos=225s audio=15.0s gen=14.16s step_s=15s window_s=240s
2026-02-22T20:19:33.284893Z  INFO === Sliding window step 39 (pos=240s window=240s step=15s is_first=false) ===
2026-02-22T20:19:33.285057Z  INFO   metas: pos=240s duration=480s mode=Advancing bpm=Some(120) key=Some("F major")
2026-02-22T20:19:33.319866Z  INFO Generating chunk (6000 frames, 240.0s)...
2026-02-22T20:19:41.143647Z  INFO Diffusion (8 ODE steps): 7.82s
2026-02-22T20:19:46.824382Z  INFO VAE decode: 5.68s
2026-02-22T20:19:48.164681Z  INFO Total chunk: 14.88s
2026-02-22T20:19:48.304694Z  INFO next_step: caption="melodic electronic, lush pads, warm bassline, hypnotic groov" lyrics_len=95 bpm=Some(120)
2026-02-22T20:19:48.304768Z  INFO event:step step=39 pos=240s audio=15.0s gen=14.92s step_s=15s window_s=240s
2026-02-22T20:19:48.305127Z  INFO === Sliding window step 40 (pos=255s window=240s step=15s is_first=false) ===
2026-02-22T20:19:48.305601Z  INFO   metas: pos=255s duration=495s mode=Advancing bpm=Some(120) key=Some("F major")
2026-02-22T20:19:48.465669Z  INFO Generating chunk (6000 frames, 240.0s)...
2026-02-22T20:19:56.727348Z  INFO Diffusion (8 ODE steps): 8.25s
2026-02-22T20:20:02.382280Z  INFO VAE decode: 5.65s
2026-02-22T20:20:02.945885Z  INFO Total chunk: 14.64s
2026-02-22T20:20:03.279907Z  INFO next_step: caption="melodic electronic, lush pads, warm bassline, hypnotic groov" lyrics_len=95 bpm=Some(120)
2026-02-22T20:20:03.279929Z  INFO event:step step=40 pos=255s audio=15.0s gen=14.66s step_s=15s window_s=240s
2026-02-22T20:20:03.279964Z  INFO === Sliding window step 41 (pos=270s window=240s step=15s is_first=false) ===
2026-02-22T20:20:03.280117Z  INFO   metas: pos=270s duration=510s mode=Advancing bpm=Some(120) key=Some("F major")
2026-02-22T20:20:03.315321Z  INFO Generating chunk (6000 frames, 240.0s)...
2026-02-22T20:20:11.114812Z  INFO Diffusion (8 ODE steps): 7.80s
2026-02-22T20:20:16.832089Z  INFO VAE decode: 5.72s
2026-02-22T20:20:17.374068Z  INFO Total chunk: 14.09s
2026-02-22T20:20:18.298700Z  INFO next_step: caption="melodic electronic, lush pads, warm bassline, hypnotic groov" lyrics_len=95 bpm=Some(120)
2026-02-22T20:20:18.298719Z  INFO event:step step=41 pos=270s audio=15.0s gen=14.11s step_s=15s window_s=240s
2026-02-22T20:20:18.298730Z  INFO === Sliding window step 42 (pos=285s window=240s step=15s is_first=false) ===
2026-02-22T20:20:18.298875Z  INFO   metas: pos=285s duration=525s mode=Advancing bpm=Some(120) key=Some("F major")
2026-02-22T20:20:18.335816Z  INFO Generating chunk (6000 frames, 240.0s)...
2026-02-22T20:20:26.603967Z  INFO Diffusion (8 ODE steps): 8.27s
2026-02-22T20:20:32.354666Z  INFO VAE decode: 5.75s
2026-02-22T20:20:32.909747Z  INFO Total chunk: 14.61s
2026-02-22T20:20:33.317249Z  INFO next_step: caption="melodic electronic, lush pads, warm bassline, hypnotic groov" lyrics_len=95 bpm=Some(120)
2026-02-22T20:20:33.317268Z  INFO event:step step=42 pos=285s audio=15.0s gen=14.63s step_s=15s window_s=240s
2026-02-22T20:20:33.317284Z  INFO === Sliding window step 43 (pos=300s window=240s step=15s is_first=false) ===
2026-02-22T20:20:33.317457Z  INFO   metas: pos=300s duration=540s mode=Advancing bpm=Some(120) key=Some("F major")
2026-02-22T20:20:33.353291Z  INFO Generating chunk (6000 frames, 240.0s)...
2026-02-22T20:20:41.167176Z  INFO Diffusion (8 ODE steps): 7.81s
2026-02-22T20:20:46.920139Z  INFO VAE decode: 5.75s
2026-02-22T20:20:47.478766Z  INFO Total chunk: 14.16s
2026-02-22T20:20:48.294022Z  INFO next_step: caption="melodic electronic, lush pads, warm bassline, hypnotic groov" lyrics_len=95 bpm=Some(120)
2026-02-22T20:20:48.294045Z  INFO event:step step=43 pos=300s audio=15.0s gen=14.18s step_s=15s window_s=240s
2026-02-22T20:20:48.294060Z  INFO === Sliding window step 44 (pos=315s window=240s step=15s is_first=false) ===
2026-02-22T20:20:48.294230Z  INFO   metas: pos=315s duration=555s mode=Advancing bpm=Some(120) key=Some("F major")
2026-02-22T20:20:48.332664Z  INFO Generating chunk (6000 frames, 240.0s)...
2026-02-22T20:20:56.210037Z  INFO Diffusion (8 ODE steps): 7.87s
2026-02-22T20:21:02.052540Z  INFO VAE decode: 5.84s
2026-02-22T20:21:02.600801Z  INFO Total chunk: 14.31s
2026-02-22T20:21:03.312363Z  INFO next_step: caption="melodic electronic, lush pads, warm bassline, hypnotic groov" lyrics_len=95 bpm=Some(120)
2026-02-22T20:21:03.312384Z  INFO event:step step=44 pos=315s audio=15.0s gen=14.32s step_s=15s window_s=240s
2026-02-22T20:21:03.312406Z  INFO === Sliding window step 45 (pos=330s window=240s step=15s is_first=false) ===
2026-02-22T20:21:03.312577Z  INFO   metas: pos=330s duration=570s mode=Advancing bpm=Some(120) key=Some("F major")
2026-02-22T20:21:03.347099Z  INFO Generating chunk (6000 frames, 240.0s)...
2026-02-22T20:21:11.939161Z  INFO Diffusion (8 ODE steps): 8.59s
2026-02-22T20:21:17.674858Z  INFO VAE decode: 5.74s
2026-02-22T20:21:18.299011Z  INFO Total chunk: 14.99s
2026-02-22T20:21:18.325896Z  INFO next_step: caption="melodic electronic, lush pads, warm bassline, hypnotic groov" lyrics_len=95 bpm=Some(120)
2026-02-22T20:21:18.325953Z  INFO event:step step=45 pos=330s audio=15.0s gen=15.01s step_s=15s window_s=240s
2026-02-22T20:21:18.325966Z  INFO === Sliding window step 46 (pos=345s window=240s step=15s is_first=false) ===
2026-02-22T20:21:18.326192Z  INFO   metas: pos=345s duration=585s mode=Advancing bpm=Some(120) key=Some("F major")
2026-02-22T20:21:18.364528Z  INFO Generating chunk (6000 frames, 240.0s)...
2026-02-22T20:21:26.523241Z  INFO Diffusion (8 ODE steps): 8.16s
2026-02-22T20:21:32.218743Z  INFO VAE decode: 5.70s
2026-02-22T20:21:32.904115Z  INFO Total chunk: 14.58s
2026-02-22T20:21:33.307210Z  INFO next_step: caption="melodic electronic, lush pads, warm bassline, hypnotic groov" lyrics_len=95 bpm=Some(120)
2026-02-22T20:21:33.307290Z  INFO SlidingWindowGenerator: position wrap 360s → 15s (max=600s)
2026-02-22T20:21:33.307304Z  INFO === Sliding window step 47 (pos=15s window=240s step=15s is_first=false) ===
2026-02-22T20:21:33.307656Z  INFO   metas: pos=15s duration=255s mode=Advancing bpm=Some(120) key=Some("F major")
2026-02-22T20:21:33.310744Z  INFO event:step step=46 pos=345s audio=15.0s gen=14.61s step_s=15s window_s=240s
2026-02-22T20:21:33.391911Z  INFO Generating chunk (6000 frames, 240.0s)...
2026-02-22T20:21:41.820360Z  INFO Diffusion (8 ODE steps): 8.42s
2026-02-22T20:21:47.507789Z  INFO VAE decode: 5.69s
2026-02-22T20:21:48.053715Z  INFO Total chunk: 14.75s
2026-02-22T20:21:48.282842Z  INFO next_step: caption="melodic electronic, lush pads, warm bassline, hypnotic groov" lyrics_len=95 bpm=Some(120)
2026-02-22T20:21:48.282864Z  INFO event:step step=47 pos=15s audio=15.0s gen=14.76s step_s=15s window_s=240s
2026-02-22T20:21:48.282878Z  INFO === Sliding window step 48 (pos=30s window=240s step=15s is_first=false) ===
2026-02-22T20:21:48.283045Z  INFO   metas: pos=30s duration=270s mode=Advancing bpm=Some(120) key=Some("F major")
2026-02-22T20:21:48.319560Z  INFO Generating chunk (6000 frames, 240.0s)...
2026-02-22T20:21:56.163285Z  INFO Diffusion (8 ODE steps): 7.84s
2026-02-22T20:22:01.860483Z  INFO VAE decode: 5.70s
2026-02-22T20:22:02.435941Z  INFO Total chunk: 14.15s
2026-02-22T20:22:03.301877Z  INFO next_step: caption="melodic electronic, lush pads, warm bassline, hypnotic groov" lyrics_len=95 bpm=Some(120)
2026-02-22T20:22:03.301896Z  INFO event:step step=48 pos=30s audio=15.0s gen=14.17s step_s=15s window_s=240s
2026-02-22T20:22:03.301913Z  INFO === Sliding window step 49 (pos=45s window=240s step=15s is_first=false) ===
2026-02-22T20:22:03.302071Z  INFO   metas: pos=45s duration=285s mode=Advancing bpm=Some(120) key=Some("F major")
2026-02-22T20:22:03.336535Z  INFO Generating chunk (6000 frames, 240.0s)...
2026-02-22T20:22:11.263183Z  INFO Diffusion (8 ODE steps): 7.92s
2026-02-22T20:22:16.857799Z  INFO VAE decode: 5.59s
2026-02-22T20:22:17.404707Z  INFO Total chunk: 14.10s
2026-02-22T20:22:18.278108Z  INFO next_step: caption="melodic electronic, lush pads, warm bassline, hypnotic groov" lyrics_len=95 bpm=Some(120)
2026-02-22T20:22:18.278127Z  INFO event:step step=49 pos=45s audio=15.0s gen=14.12s step_s=15s window_s=240s
2026-02-22T20:22:18.278135Z  INFO === Sliding window step 50 (pos=60s window=240s step=15s is_first=false) ===
2026-02-22T20:22:18.278292Z  INFO   metas: pos=60s duration=300s mode=Advancing bpm=Some(120) key=Some("F major")
2026-02-22T20:22:18.311666Z  INFO Generating chunk (6000 frames, 240.0s)...
2026-02-22T20:22:26.041903Z  INFO Diffusion (8 ODE steps): 7.73s
2026-02-22T20:22:31.550387Z  INFO VAE decode: 5.51s
2026-02-22T20:22:32.078684Z  INFO Total chunk: 13.80s
2026-02-22T20:22:33.296854Z  INFO next_step: caption="melodic electronic, lush pads, warm bassline, hypnotic groov" lyrics_len=95 bpm=Some(120)
2026-02-22T20:22:33.296871Z  INFO event:step step=50 pos=60s audio=15.0s gen=13.82s step_s=15s window_s=240s
2026-02-22T20:22:33.296883Z  INFO === Sliding window step 51 (pos=75s window=240s step=15s is_first=false) ===
2026-02-22T20:22:33.297031Z  INFO   metas: pos=75s duration=315s mode=Advancing bpm=Some(120) key=Some("F major")
2026-02-22T20:22:33.330857Z  INFO Generating chunk (6000 frames, 240.0s)...
2026-02-22T20:22:41.008174Z  INFO Diffusion (8 ODE steps): 7.67s
2026-02-22T20:22:46.763248Z  INFO VAE decode: 5.76s
2026-02-22T20:22:47.314290Z  INFO Total chunk: 14.02s
2026-02-22T20:22:48.315282Z  INFO next_step: caption="melodic electronic, lush pads, warm bassline, hypnotic groov" lyrics_len=95 bpm=Some(120)
2026-02-22T20:22:48.315301Z  INFO event:step step=51 pos=75s audio=15.0s gen=14.03s step_s=15s window_s=240s
2026-02-22T20:22:48.315317Z  INFO === Sliding window step 52 (pos=90s window=240s step=15s is_first=false) ===
2026-02-22T20:22:48.315486Z  INFO   metas: pos=90s duration=330s mode=Advancing bpm=Some(120) key=Some("F major")
2026-02-22T20:22:48.350411Z  INFO Generating chunk (6000 frames, 240.0s)...
2026-02-22T20:22:56.138575Z  INFO Diffusion (8 ODE steps): 7.79s
2026-02-22T20:23:01.898355Z  INFO VAE decode: 5.76s
2026-02-22T20:23:02.469116Z  INFO Total chunk: 14.15s
2026-02-22T20:23:03.291806Z  INFO next_step: caption="melodic electronic, lush pads, warm bassline, hypnotic groov" lyrics_len=95 bpm=Some(120)
2026-02-22T20:23:03.291829Z  INFO event:step step=52 pos=90s audio=15.0s gen=14.17s step_s=15s window_s=240s
2026-02-22T20:23:03.291850Z  INFO === Sliding window step 53 (pos=105s window=240s step=15s is_first=false) ===
2026-02-22T20:23:03.292037Z  INFO   metas: pos=105s duration=345s mode=Advancing bpm=Some(120) key=Some("F major")
2026-02-22T20:23:03.329690Z  INFO Generating chunk (6000 frames, 240.0s)...
2026-02-22T20:23:11.194814Z  INFO Diffusion (8 ODE steps): 7.86s
2026-02-22T20:23:16.704244Z  INFO VAE decode: 5.51s
2026-02-22T20:23:17.234374Z  INFO Total chunk: 13.94s
2026-02-22T20:23:18.310917Z  INFO next_step: caption="melodic electronic, lush pads, warm bassline, hypnotic groov" lyrics_len=95 bpm=Some(120)
2026-02-22T20:23:18.310936Z  INFO event:step step=53 pos=105s audio=15.0s gen=13.96s step_s=15s window_s=240s
2026-02-22T20:23:18.310953Z  INFO === Sliding window step 54 (pos=120s window=240s step=15s is_first=false) ===
2026-02-22T20:23:18.311109Z  INFO   metas: pos=120s duration=360s mode=Advancing bpm=Some(120) key=Some("F major")
2026-02-22T20:23:18.345604Z  INFO Generating chunk (6000 frames, 240.0s)...
2026-02-22T20:23:25.937631Z  INFO Diffusion (8 ODE steps): 7.59s
2026-02-22T20:23:31.655542Z  INFO VAE decode: 5.72s
2026-02-22T20:23:32.210890Z  INFO Total chunk: 13.90s
2026-02-22T20:23:33.286333Z  INFO next_step: caption="melodic electronic, lush pads, warm bassline, hypnotic groov" lyrics_len=95 bpm=Some(120)
2026-02-22T20:23:33.286351Z  INFO event:step step=54 pos=120s audio=15.0s gen=13.92s step_s=15s window_s=240s
2026-02-22T20:23:33.286363Z  INFO === Sliding window step 55 (pos=135s window=240s step=15s is_first=false) ===
2026-02-22T20:23:33.286516Z  INFO   metas: pos=135s duration=375s mode=Advancing bpm=Some(120) key=Some("F major")
2026-02-22T20:23:33.321555Z  INFO Generating chunk (6000 frames, 240.0s)...
2026-02-22T20:23:41.433051Z  INFO Diffusion (8 ODE steps): 8.11s
2026-02-22T20:23:47.128885Z  INFO VAE decode: 5.70s
2026-02-22T20:23:47.684992Z  INFO Total chunk: 14.40s
2026-02-22T20:23:48.305016Z  INFO next_step: caption="melodic electronic, lush pads, warm bassline, hypnotic groov" lyrics_len=95 bpm=Some(120)
2026-02-22T20:23:48.305035Z  INFO event:step step=55 pos=135s audio=15.0s gen=14.42s step_s=15s window_s=240s
2026-02-22T20:23:48.305053Z  INFO === Sliding window step 56 (pos=150s window=240s step=15s is_first=false) ===
2026-02-22T20:23:48.305211Z  INFO   metas: pos=150s duration=390s mode=Advancing bpm=Some(120) key=Some("F major")
2026-02-22T20:23:48.340232Z  INFO Generating chunk (6000 frames, 240.0s)...
2026-02-22T20:23:56.142345Z  INFO Diffusion (8 ODE steps): 7.80s
2026-02-22T20:24:01.865256Z  INFO VAE decode: 5.72s
2026-02-22T20:24:02.409090Z  INFO Total chunk: 14.10s
2026-02-22T20:24:03.280858Z  INFO next_step: caption="melodic electronic, lush pads, warm bassline, hypnotic groov" lyrics_len=95 bpm=Some(120)
2026-02-22T20:24:03.280887Z  INFO event:step step=56 pos=150s audio=15.0s gen=14.12s step_s=15s window_s=240s
2026-02-22T20:24:03.280914Z  INFO === Sliding window step 57 (pos=165s window=240s step=15s is_first=false) ===
2026-02-22T20:24:03.281129Z  INFO   metas: pos=165s duration=405s mode=Advancing bpm=Some(120) key=Some("F major")
2026-02-22T20:24:03.315121Z  INFO Generating chunk (6000 frames, 240.0s)...
2026-02-22T20:24:11.130688Z  INFO Diffusion (8 ODE steps): 7.81s
2026-02-22T20:24:16.933529Z  INFO VAE decode: 5.80s
2026-02-22T20:24:17.524913Z  INFO Total chunk: 14.24s
2026-02-22T20:24:18.300305Z  INFO next_step: caption="melodic electronic, lush pads, warm bassline, hypnotic groov" lyrics_len=95 bpm=Some(120)
2026-02-22T20:24:18.300331Z  INFO event:step step=57 pos=165s audio=15.0s gen=14.27s step_s=15s window_s=240s
2026-02-22T20:24:18.300346Z  INFO === Sliding window step 58 (pos=180s window=240s step=15s is_first=false) ===
2026-02-22T20:24:18.300600Z  INFO   metas: pos=180s duration=420s mode=Advancing bpm=Some(120) key=Some("F major")
2026-02-22T20:24:18.336810Z  INFO Generating chunk (6000 frames, 240.0s)...
2026-02-22T20:24:26.328183Z  INFO Diffusion (8 ODE steps): 7.99s
2026-02-22T20:24:32.170902Z  INFO VAE decode: 5.84s
2026-02-22T20:24:32.735728Z  INFO Total chunk: 14.44s
2026-02-22T20:24:33.319271Z  INFO next_step: caption="melodic electronic, lush pads, warm bassline, hypnotic groov" lyrics_len=95 bpm=Some(120)
2026-02-22T20:24:33.319294Z  INFO event:step step=58 pos=180s audio=15.0s gen=14.45s step_s=15s window_s=240s
2026-02-22T20:24:33.319307Z  INFO === Sliding window step 59 (pos=195s window=240s step=15s is_first=false) ===
2026-02-22T20:24:33.319456Z  INFO   metas: pos=195s duration=435s mode=Advancing bpm=Some(120) key=Some("F major")
2026-02-22T20:24:33.354408Z  INFO Generating chunk (6000 frames, 240.0s)...
2026-02-22T20:24:41.306163Z  INFO Diffusion (8 ODE steps): 7.95s
2026-02-22T20:24:47.164800Z  INFO VAE decode: 5.86s
2026-02-22T20:24:47.735420Z  INFO Total chunk: 14.42s
2026-02-22T20:24:48.295035Z  INFO next_step: caption="melodic electronic, lush pads, warm bassline, hypnotic groov" lyrics_len=95 bpm=Some(120)
2026-02-22T20:24:48.295060Z  INFO event:step step=59 pos=195s audio=15.0s gen=14.43s step_s=15s window_s=240s
2026-02-22T20:24:48.295081Z  INFO === Sliding window step 60 (pos=210s window=240s step=15s is_first=false) ===
2026-02-22T20:24:48.295260Z  INFO   metas: pos=210s duration=450s mode=Advancing bpm=Some(120) key=Some("F major")
2026-02-22T20:24:48.332074Z  INFO Generating chunk (6000 frames, 240.0s)...
2026-02-22T20:24:56.273587Z  INFO Diffusion (8 ODE steps): 7.94s
2026-02-22T20:25:02.097301Z  INFO VAE decode: 5.82s
2026-02-22T20:25:02.646649Z  INFO Total chunk: 14.35s
2026-02-22T20:25:03.313353Z  INFO next_step: caption="melodic electronic, lush pads, warm bassline, hypnotic groov" lyrics_len=95 bpm=Some(120)
2026-02-22T20:25:03.313373Z  INFO event:step step=60 pos=210s audio=15.0s gen=14.37s step_s=15s window_s=240s
2026-02-22T20:25:03.313393Z  INFO === Sliding window step 61 (pos=225s window=240s step=15s is_first=false) ===
2026-02-22T20:25:03.313546Z  INFO   metas: pos=225s duration=465s mode=Advancing bpm=Some(120) key=Some("F major")
2026-02-22T20:25:03.349194Z  INFO Generating chunk (6000 frames, 240.0s)...
2026-02-22T20:25:11.265535Z  INFO Diffusion (8 ODE steps): 7.91s
2026-02-22T20:25:16.995543Z  INFO VAE decode: 5.73s
2026-02-22T20:25:17.540432Z  INFO Total chunk: 14.23s
2026-02-22T20:25:18.289344Z  INFO next_step: caption="melodic electronic, lush pads, warm bassline, hypnotic groov" lyrics_len=95 bpm=Some(120)
2026-02-22T20:25:18.289372Z  INFO event:step step=61 pos=225s audio=15.0s gen=14.24s step_s=15s window_s=240s
2026-02-22T20:25:18.289378Z  INFO === Sliding window step 62 (pos=240s window=240s step=15s is_first=false) ===
2026-02-22T20:25:18.289552Z  INFO   metas: pos=240s duration=480s mode=Advancing bpm=Some(120) key=Some("F major")
2026-02-22T20:25:18.326236Z  INFO Generating chunk (6000 frames, 240.0s)...
2026-02-22T20:25:26.328989Z  INFO Diffusion (8 ODE steps): 8.00s
2026-02-22T20:25:32.139221Z  INFO VAE decode: 5.81s
2026-02-22T20:25:32.699113Z  INFO Total chunk: 14.41s
2026-02-22T20:25:33.308505Z  INFO next_step: caption="melodic electronic, lush pads, warm bassline, hypnotic groov" lyrics_len=95 bpm=Some(120)
2026-02-22T20:25:33.308530Z  INFO event:step step=62 pos=240s audio=15.0s gen=14.43s step_s=15s window_s=240s
2026-02-22T20:25:33.308553Z  INFO === Sliding window step 63 (pos=255s window=240s step=15s is_first=false) ===
2026-02-22T20:25:33.308788Z  INFO   metas: pos=255s duration=495s mode=Advancing bpm=Some(120) key=Some("F major")
2026-02-22T20:25:33.346260Z  INFO Generating chunk (6000 frames, 240.0s)...
2026-02-22T20:25:41.391098Z  INFO Diffusion (8 ODE steps): 8.04s
2026-02-22T20:25:47.320830Z  INFO VAE decode: 5.93s
2026-02-22T20:25:49.111340Z  INFO Total chunk: 15.80s
2026-02-22T20:25:49.166252Z  INFO next_step: caption="melodic electronic, lush pads, warm bassline, hypnotic groov" lyrics_len=95 bpm=Some(120)
2026-02-22T20:25:49.166276Z  INFO event:step step=63 pos=255s audio=15.0s gen=15.85s step_s=15s window_s=240s
2026-02-22T20:25:49.166294Z  INFO === Sliding window step 64 (pos=270s window=240s step=15s is_first=false) ===
2026-02-22T20:25:49.166488Z  INFO   metas: pos=270s duration=510s mode=Advancing bpm=Some(120) key=Some("F major")
2026-02-22T20:25:49.204509Z  INFO Generating chunk (6000 frames, 240.0s)...
2026-02-22T20:25:57.497641Z  INFO Diffusion (8 ODE steps): 8.29s
2026-02-22T20:26:03.394739Z  INFO VAE decode: 5.90s
2026-02-22T20:26:04.008764Z  INFO Total chunk: 14.84s
2026-02-22T20:26:04.027690Z  INFO next_step: caption="melodic electronic, lush pads, warm bassline, hypnotic groov" lyrics_len=95 bpm=Some(120)
2026-02-22T20:26:04.027713Z  INFO event:step step=64 pos=270s audio=15.0s gen=14.86s step_s=15s window_s=240s
2026-02-22T20:26:04.027730Z  INFO === Sliding window step 65 (pos=285s window=240s step=15s is_first=false) ===
2026-02-22T20:26:04.027874Z  INFO   metas: pos=285s duration=525s mode=Advancing bpm=Some(120) key=Some("F major")
2026-02-22T20:26:04.064714Z  INFO Generating chunk (6000 frames, 240.0s)...
2026-02-22T20:26:12.319365Z  INFO Diffusion (8 ODE steps): 8.25s
2026-02-22T20:26:18.161174Z  INFO VAE decode: 5.84s
2026-02-22T20:26:18.716238Z  INFO Total chunk: 14.69s
2026-02-22T20:26:18.736842Z  INFO next_step: caption="melodic electronic, lush pads, warm bassline, hypnotic groov" lyrics_len=95 bpm=Some(120)
2026-02-22T20:26:18.736876Z  INFO event:step step=65 pos=285s audio=15.0s gen=14.71s step_s=15s window_s=240s
2026-02-22T20:26:18.736885Z  INFO === Sliding window step 66 (pos=300s window=240s step=15s is_first=false) ===
2026-02-22T20:26:18.737073Z  INFO   metas: pos=300s duration=540s mode=Advancing bpm=Some(120) key=Some("F major")
2026-02-22T20:26:18.777025Z  INFO Generating chunk (6000 frames, 240.0s)...
2026-02-22T20:26:26.717502Z  INFO Diffusion (8 ODE steps): 7.94s
2026-02-22T20:26:32.572325Z  INFO VAE decode: 5.85s
2026-02-22T20:26:33.159521Z  INFO Total chunk: 14.42s
2026-02-22T20:26:33.298069Z  INFO next_step: caption="melodic electronic, lush pads, warm bassline, hypnotic groov" lyrics_len=95 bpm=Some(120)
2026-02-22T20:26:33.298092Z  INFO event:step step=66 pos=300s audio=15.0s gen=14.44s step_s=15s window_s=240s
2026-02-22T20:26:33.298104Z  INFO === Sliding window step 67 (pos=315s window=240s step=15s is_first=false) ===
2026-02-22T20:26:33.298268Z  INFO   metas: pos=315s duration=555s mode=Advancing bpm=Some(120) key=Some("F major")
2026-02-22T20:26:33.335742Z  INFO Generating chunk (6000 frames, 240.0s)...
2026-02-22T20:26:41.323536Z  INFO Diffusion (8 ODE steps): 7.98s
2026-02-22T20:26:47.149750Z  INFO VAE decode: 5.83s
2026-02-22T20:26:47.720810Z  INFO Total chunk: 14.42s
2026-02-22T20:26:48.317343Z  INFO next_step: caption="melodic electronic, lush pads, warm bassline, hypnotic groov" lyrics_len=95 bpm=Some(120)
2026-02-22T20:26:48.317367Z  INFO event:step step=67 pos=315s audio=15.0s gen=14.44s step_s=15s window_s=240s
2026-02-22T20:26:48.317389Z  INFO === Sliding window step 68 (pos=330s window=240s step=15s is_first=false) ===
2026-02-22T20:26:48.317592Z  INFO   metas: pos=330s duration=570s mode=Advancing bpm=Some(120) key=Some("F major")
2026-02-22T20:26:48.352434Z  INFO Generating chunk (6000 frames, 240.0s)...
2026-02-22T20:26:56.450651Z  INFO Diffusion (8 ODE steps): 8.10s
2026-02-22T20:27:02.221366Z  INFO VAE decode: 5.77s
2026-02-22T20:27:02.777276Z  INFO Total chunk: 14.46s
2026-02-22T20:27:03.293020Z  INFO next_step: caption="melodic electronic, lush pads, warm bassline, hypnotic groov" lyrics_len=95 bpm=Some(120)
2026-02-22T20:27:03.293040Z  INFO event:step step=68 pos=330s audio=15.0s gen=14.48s step_s=15s window_s=240s
2026-02-22T20:27:03.293072Z  INFO === Sliding window step 69 (pos=345s window=240s step=15s is_first=false) ===
2026-02-22T20:27:03.293219Z  INFO   metas: pos=345s duration=585s mode=Advancing bpm=Some(120) key=Some("F major")
2026-02-22T20:27:03.328815Z  INFO Generating chunk (6000 frames, 240.0s)...
2026-02-22T20:27:11.171724Z  INFO Diffusion (8 ODE steps): 7.84s
2026-02-22T20:27:16.922964Z  INFO VAE decode: 5.75s
2026-02-22T20:27:17.486285Z  INFO Total chunk: 14.19s
2026-02-22T20:27:18.311341Z  INFO next_step: caption="melodic electronic, lush pads, warm bassline, hypnotic groov" lyrics_len=95 bpm=Some(120)
2026-02-22T20:27:18.311362Z  INFO event:step step=69 pos=345s audio=15.0s gen=14.21s step_s=15s window_s=240s
2026-02-22T20:27:18.311377Z  INFO SlidingWindowGenerator: position wrap 360s → 15s (max=600s)
2026-02-22T20:27:18.311383Z  INFO === Sliding window step 70 (pos=15s window=240s step=15s is_first=false) ===
2026-02-22T20:27:18.311528Z  INFO   metas: pos=15s duration=255s mode=Advancing bpm=Some(120) key=Some("F major")
2026-02-22T20:27:18.348712Z  INFO Generating chunk (6000 frames, 240.0s)...
2026-02-22T20:27:26.285093Z  INFO Diffusion (8 ODE steps): 7.93s
2026-02-22T20:27:32.204697Z  INFO VAE decode: 5.92s
2026-02-22T20:27:32.775348Z  INFO Total chunk: 14.46s
2026-02-22T20:27:33.287916Z  INFO next_step: caption="melodic electronic, lush pads, warm bassline, hypnotic groov" lyrics_len=95 bpm=Some(120)
2026-02-22T20:27:33.287939Z  INFO event:step step=70 pos=15s audio=15.0s gen=14.48s step_s=15s window_s=240s
2026-02-22T20:27:33.287957Z  INFO === Sliding window step 71 (pos=30s window=240s step=15s is_first=false) ===
2026-02-22T20:27:33.288150Z  INFO   metas: pos=30s duration=270s mode=Advancing bpm=Some(120) key=Some("F major")
2026-02-22T20:27:33.324509Z  INFO Generating chunk (6000 frames, 240.0s)...
2026-02-22T20:27:41.322273Z  INFO Diffusion (8 ODE steps): 7.99s
2026-02-22T20:27:47.269405Z  INFO VAE decode: 5.95s
2026-02-22T20:27:47.832670Z  INFO Total chunk: 14.54s
2026-02-22T20:27:48.306503Z  INFO next_step: caption="melodic electronic, lush pads, warm bassline, hypnotic groov" lyrics_len=95 bpm=Some(120)
2026-02-22T20:27:48.306526Z  INFO event:step step=71 pos=30s audio=15.0s gen=14.56s step_s=15s window_s=240s
2026-02-22T20:27:48.306546Z  INFO === Sliding window step 72 (pos=45s window=240s step=15s is_first=false) ===
2026-02-22T20:27:48.306748Z  INFO   metas: pos=45s duration=285s mode=Advancing bpm=Some(120) key=Some("F major")
2026-02-22T20:27:48.344167Z  INFO Generating chunk (6000 frames, 240.0s)...
2026-02-22T20:27:56.318098Z  INFO Diffusion (8 ODE steps): 7.97s
2026-02-22T20:28:02.176961Z  INFO VAE decode: 5.86s
2026-02-22T20:28:02.738275Z  INFO Total chunk: 14.43s
2026-02-22T20:28:03.282756Z  INFO next_step: caption="melodic electronic, lush pads, warm bassline, hypnotic groov" lyrics_len=95 bpm=Some(120)
2026-02-22T20:28:03.282777Z  INFO event:step step=72 pos=45s audio=15.0s gen=14.45s step_s=15s window_s=240s
2026-02-22T20:28:03.282794Z  INFO === Sliding window step 73 (pos=60s window=240s step=15s is_first=false) ===
2026-02-22T20:28:03.282954Z  INFO   metas: pos=60s duration=300s mode=Advancing bpm=Some(120) key=Some("F major")
2026-02-22T20:28:03.316762Z  INFO Generating chunk (6000 frames, 240.0s)...
2026-02-22T20:28:11.190403Z  INFO Diffusion (8 ODE steps): 7.87s
2026-02-22T20:28:17.064925Z  INFO VAE decode: 5.87s
2026-02-22T20:28:17.622083Z  INFO Total chunk: 14.34s
2026-02-22T20:28:18.301804Z  INFO next_step: caption="melodic electronic, lush pads, warm bassline, hypnotic groov" lyrics_len=95 bpm=Some(120)
2026-02-22T20:28:18.301826Z  INFO event:step step=73 pos=60s audio=15.0s gen=14.35s step_s=15s window_s=240s
2026-02-22T20:28:18.301840Z  INFO === Sliding window step 74 (pos=75s window=240s step=15s is_first=false) ===
2026-02-22T20:28:18.301989Z  INFO   metas: pos=75s duration=315s mode=Advancing bpm=Some(120) key=Some("F major")
2026-02-22T20:28:18.337675Z  INFO Generating chunk (6000 frames, 240.0s)...
2026-02-22T20:28:26.372750Z  INFO Diffusion (8 ODE steps): 8.03s
2026-02-22T20:28:32.277480Z  INFO VAE decode: 5.90s
2026-02-22T20:28:32.834973Z  INFO Total chunk: 14.53s
2026-02-22T20:28:33.319642Z  INFO next_step: caption="melodic electronic, lush pads, warm bassline, hypnotic groov" lyrics_len=95 bpm=Some(120)
2026-02-22T20:28:33.319667Z  INFO event:step step=74 pos=75s audio=15.0s gen=14.55s step_s=15s window_s=240s
2026-02-22T20:28:33.319679Z  INFO === Sliding window step 75 (pos=90s window=240s step=15s is_first=false) ===
2026-02-22T20:28:33.319833Z  INFO   metas: pos=90s duration=330s mode=Advancing bpm=Some(120) key=Some("F major")
2026-02-22T20:28:33.354619Z  INFO Generating chunk (6000 frames, 240.0s)...
2026-02-22T20:28:41.252037Z  INFO Diffusion (8 ODE steps): 7.89s
2026-02-22T20:28:47.176609Z  INFO VAE decode: 5.92s
2026-02-22T20:28:47.731133Z  INFO Total chunk: 14.41s
2026-02-22T20:28:48.295858Z  INFO next_step: caption="melodic electronic, lush pads, warm bassline, hypnotic groov" lyrics_len=95 bpm=Some(120)
2026-02-22T20:28:48.295877Z  INFO event:step step=75 pos=90s audio=15.0s gen=14.43s step_s=15s window_s=240s
2026-02-22T20:28:48.295892Z  INFO === Sliding window step 76 (pos=105s window=240s step=15s is_first=false) ===
2026-02-22T20:28:48.296059Z  INFO   metas: pos=105s duration=345s mode=Advancing bpm=Some(120) key=Some("F major")
2026-02-22T20:28:48.333686Z  INFO Generating chunk (6000 frames, 240.0s)...
2026-02-22T20:28:56.257354Z  INFO Diffusion (8 ODE steps): 7.92s
2026-02-22T20:29:02.104437Z  INFO VAE decode: 5.85s
2026-02-22T20:29:02.662875Z  INFO Total chunk: 14.37s
2026-02-22T20:29:03.314893Z  INFO next_step: caption="melodic electronic, lush pads, warm bassline, hypnotic groov" lyrics_len=95 bpm=Some(120)
2026-02-22T20:29:03.314913Z  INFO event:step step=76 pos=105s audio=15.0s gen=14.38s step_s=15s window_s=240s
2026-02-22T20:29:03.314928Z  INFO === Sliding window step 77 (pos=120s window=240s step=15s is_first=false) ===
2026-02-22T20:29:03.315079Z  INFO   metas: pos=120s duration=360s mode=Advancing bpm=Some(120) key=Some("F major")
2026-02-22T20:29:03.351826Z  INFO Generating chunk (6000 frames, 240.0s)...
2026-02-22T20:29:11.415907Z  INFO Diffusion (8 ODE steps): 8.06s
2026-02-22T20:29:17.294814Z  INFO VAE decode: 5.88s
2026-02-22T20:29:17.861014Z  INFO Total chunk: 14.55s
2026-02-22T20:29:18.291406Z  INFO next_step: caption="melodic electronic, lush pads, warm bassline, hypnotic groov" lyrics_len=95 bpm=Some(120)
2026-02-22T20:29:18.291429Z  INFO event:step step=77 pos=120s audio=15.0s gen=14.56s step_s=15s window_s=240s
2026-02-22T20:29:18.291445Z  INFO === Sliding window step 78 (pos=135s window=240s step=15s is_first=false) ===
2026-02-22T20:29:18.291615Z  INFO   metas: pos=135s duration=375s mode=Advancing bpm=Some(120) key=Some("F major")
2026-02-22T20:29:18.329432Z  INFO Generating chunk (6000 frames, 240.0s)...
2026-02-22T20:29:26.385254Z  INFO Diffusion (8 ODE steps): 8.05s
2026-02-22T20:29:32.272107Z  INFO VAE decode: 5.89s
2026-02-22T20:29:32.840759Z  INFO Total chunk: 14.55s
2026-02-22T20:29:33.310077Z  INFO next_step: caption="melodic electronic, lush pads, warm bassline, hypnotic groov" lyrics_len=95 bpm=Some(120)
2026-02-22T20:29:33.310097Z  INFO event:step step=78 pos=135s audio=15.0s gen=14.57s step_s=15s window_s=240s
2026-02-22T20:29:33.310110Z  INFO === Sliding window step 79 (pos=150s window=240s step=15s is_first=false) ===
2026-02-22T20:29:33.310257Z  INFO   metas: pos=150s duration=390s mode=Advancing bpm=Some(120) key=Some("F major")
2026-02-22T20:29:33.346377Z  INFO Generating chunk (6000 frames, 240.0s)...
2026-02-22T20:29:41.321363Z  INFO Diffusion (8 ODE steps): 7.97s
2026-02-22T20:29:47.225276Z  INFO VAE decode: 5.90s
2026-02-22T20:29:47.797885Z  INFO Total chunk: 14.49s
2026-02-22T20:29:48.286127Z  INFO next_step: caption="melodic electronic, lush pads, warm bassline, hypnotic groov" lyrics_len=95 bpm=Some(120)
2026-02-22T20:29:48.286153Z  INFO === Sliding window step 80 (pos=165s window=240s step=15s is_first=false) ===
2026-02-22T20:29:48.286156Z  INFO event:step step=79 pos=150s audio=15.0s gen=14.51s step_s=15s window_s=240s
2026-02-22T20:29:48.286306Z  INFO   metas: pos=165s duration=405s mode=Advancing bpm=Some(120) key=Some("F major")
2026-02-22T20:29:48.322808Z  INFO Generating chunk (6000 frames, 240.0s)...
2026-02-22T20:29:56.386463Z  INFO Diffusion (8 ODE steps): 8.06s
2026-02-22T20:30:02.297797Z  INFO VAE decode: 5.91s
2026-02-22T20:30:02.857688Z  INFO Total chunk: 14.57s
2026-02-22T20:30:03.304898Z  INFO next_step: caption="melodic electronic, lush pads, warm bassline, hypnotic groov" lyrics_len=95 bpm=Some(120)
2026-02-22T20:30:03.304931Z  INFO event:step step=80 pos=165s audio=15.0s gen=14.59s step_s=15s window_s=240s
2026-02-22T20:30:03.304935Z  INFO === Sliding window step 81 (pos=180s window=240s step=15s is_first=false) ===
2026-02-22T20:30:03.305086Z  INFO   metas: pos=180s duration=420s mode=Advancing bpm=Some(120) key=Some("F major")
2026-02-22T20:30:03.340732Z  INFO Generating chunk (6000 frames, 240.0s)...
2026-02-22T20:30:11.414243Z  INFO Diffusion (8 ODE steps): 8.07s
2026-02-22T20:30:17.344059Z  INFO VAE decode: 5.93s
2026-02-22T20:30:17.925869Z  INFO Total chunk: 14.62s
2026-02-22T20:30:18.280964Z  INFO next_step: caption="melodic electronic, lush pads, warm bassline, hypnotic groov" lyrics_len=95 bpm=Some(120)
2026-02-22T20:30:18.280993Z  INFO event:step step=81 pos=180s audio=15.0s gen=14.64s step_s=15s window_s=240s
2026-02-22T20:30:18.281000Z  INFO === Sliding window step 82 (pos=195s window=240s step=15s is_first=false) ===
2026-02-22T20:30:18.281164Z  INFO   metas: pos=195s duration=435s mode=Advancing bpm=Some(120) key=Some("F major")
2026-02-22T20:30:18.317876Z  INFO Generating chunk (6000 frames, 240.0s)...
2026-02-22T20:30:26.409995Z  INFO Diffusion (8 ODE steps): 8.09s
2026-02-22T20:30:32.297503Z  INFO VAE decode: 5.89s
2026-02-22T20:30:32.863275Z  INFO Total chunk: 14.58s
2026-02-22T20:30:33.298895Z  INFO next_step: caption="melodic electronic, lush pads, warm bassline, hypnotic groov" lyrics_len=95 bpm=Some(120)
2026-02-22T20:30:33.298920Z  INFO event:step step=82 pos=195s audio=15.0s gen=14.60s step_s=15s window_s=240s
2026-02-22T20:30:33.298934Z  INFO === Sliding window step 83 (pos=210s window=240s step=15s is_first=false) ===
2026-02-22T20:30:33.299094Z  INFO   metas: pos=210s duration=450s mode=Advancing bpm=Some(120) key=Some("F major")
2026-02-22T20:30:33.336040Z  INFO Generating chunk (6000 frames, 240.0s)...
2026-02-22T20:30:41.351094Z  INFO Diffusion (8 ODE steps): 8.01s
2026-02-22T20:30:47.274826Z  INFO VAE decode: 5.92s
2026-02-22T20:30:47.852676Z  INFO Total chunk: 14.55s
2026-02-22T20:30:48.318446Z  INFO next_step: caption="melodic electronic, lush pads, warm bassline, hypnotic groov" lyrics_len=95 bpm=Some(120)
2026-02-22T20:30:48.318464Z  INFO event:step step=83 pos=210s audio=15.0s gen=14.57s step_s=15s window_s=240s
2026-02-22T20:30:48.318482Z  INFO === Sliding window step 84 (pos=225s window=240s step=15s is_first=false) ===
2026-02-22T20:30:48.318642Z  INFO   metas: pos=225s duration=465s mode=Advancing bpm=Some(120) key=Some("F major")
2026-02-22T20:30:48.353923Z  INFO Generating chunk (6000 frames, 240.0s)...
2026-02-22T20:30:56.435471Z  INFO Diffusion (8 ODE steps): 8.08s
2026-02-22T20:31:02.392027Z  INFO VAE decode: 5.96s
2026-02-22T20:31:02.964036Z  INFO Total chunk: 14.65s
2026-02-22T20:31:03.294021Z  INFO next_step: caption="melodic electronic, lush pads, warm bassline, hypnotic groov" lyrics_len=95 bpm=Some(120)
2026-02-22T20:31:03.294041Z  INFO event:step step=84 pos=225s audio=15.0s gen=14.66s step_s=15s window_s=240s
2026-02-22T20:31:03.294057Z  INFO === Sliding window step 85 (pos=240s window=240s step=15s is_first=false) ===
2026-02-22T20:31:03.294218Z  INFO   metas: pos=240s duration=480s mode=Advancing bpm=Some(120) key=Some("F major")
2026-02-22T20:31:03.330725Z  INFO Generating chunk (6000 frames, 240.0s)...
2026-02-22T20:31:11.344038Z  INFO Diffusion (8 ODE steps): 8.01s
2026-02-22T20:31:17.158060Z  INFO VAE decode: 5.81s
2026-02-22T20:31:17.703712Z  INFO Total chunk: 14.41s
2026-02-22T20:31:18.312304Z  INFO next_step: caption="melodic electronic, lush pads, warm bassline, hypnotic groov" lyrics_len=95 bpm=Some(120)
2026-02-22T20:31:18.312325Z  INFO event:step step=85 pos=240s audio=15.0s gen=14.43s step_s=15s window_s=240s
2026-02-22T20:31:18.312340Z  INFO === Sliding window step 86 (pos=255s window=240s step=15s is_first=false) ===
2026-02-22T20:31:18.312513Z  INFO   metas: pos=255s duration=495s mode=Advancing bpm=Some(120) key=Some("F major")
2026-02-22T20:31:18.347510Z  INFO Generating chunk (6000 frames, 240.0s)...
2026-02-22T20:31:26.491672Z  INFO Diffusion (8 ODE steps): 8.14s
2026-02-22T20:31:32.505914Z  INFO VAE decode: 6.01s
2026-02-22T20:31:33.064266Z  INFO Total chunk: 14.75s
2026-02-22T20:31:33.288499Z  INFO next_step: caption="melodic electronic, lush pads, warm bassline, hypnotic groov" lyrics_len=95 bpm=Some(120)
2026-02-22T20:31:33.288523Z  INFO event:step step=86 pos=255s audio=15.0s gen=14.77s step_s=15s window_s=240s
2026-02-22T20:31:33.288535Z  INFO === Sliding window step 87 (pos=270s window=240s step=15s is_first=false) ===
2026-02-22T20:31:33.288704Z  INFO   metas: pos=270s duration=510s mode=Advancing bpm=Some(120) key=Some("F major")
2026-02-22T20:31:33.324670Z  INFO Generating chunk (6000 frames, 240.0s)...
2026-02-22T20:31:41.560420Z  INFO Diffusion (8 ODE steps): 8.23s
2026-02-22T20:31:47.658625Z  INFO VAE decode: 6.10s
2026-02-22T20:31:48.260365Z  INFO Total chunk: 14.97s
2026-02-22T20:31:48.308094Z  INFO next_step: caption="melodic electronic, lush pads, warm bassline, hypnotic groov" lyrics_len=95 bpm=Some(120)
2026-02-22T20:31:48.308123Z  INFO event:step step=87 pos=270s audio=15.0s gen=14.99s step_s=15s window_s=240s
2026-02-22T20:31:48.308151Z  INFO === Sliding window step 88 (pos=285s window=240s step=15s is_first=false) ===
2026-02-22T20:31:48.308396Z  INFO   metas: pos=285s duration=525s mode=Advancing bpm=Some(120) key=Some("F major")
2026-02-22T20:31:48.346927Z  INFO Generating chunk (6000 frames, 240.0s)...
2026-02-22T20:31:56.669741Z  INFO Diffusion (8 ODE steps): 8.32s
2026-02-22T20:32:02.641566Z  INFO VAE decode: 5.97s
2026-02-22T20:32:03.211743Z  INFO Total chunk: 14.90s
2026-02-22T20:32:03.284137Z  INFO next_step: caption="melodic electronic, lush pads, warm bassline, hypnotic groov" lyrics_len=95 bpm=Some(120)
2026-02-22T20:32:03.284165Z  INFO event:step step=88 pos=285s audio=15.0s gen=14.92s step_s=15s window_s=240s
2026-02-22T20:32:03.284183Z  INFO === Sliding window step 89 (pos=300s window=240s step=15s is_first=false) ===
2026-02-22T20:32:03.284476Z  INFO   metas: pos=300s duration=540s mode=Advancing bpm=Some(120) key=Some("F major")
2026-02-22T20:32:03.320008Z  INFO Generating chunk (6000 frames, 240.0s)...
2026-02-22T20:32:11.478399Z  INFO Diffusion (8 ODE steps): 8.15s
